Run,Phase,Epoch,Train_loss,Train_acc
1,Train,1,0.31480746869692383,90.08833333333334
1,Train,2,0.12335186623355238,96.34
1,Train,3,0.10562659539029692,96.79166666666667
1,Train,4,0.09852410183072288,96.99833333333333
1,Train,5,0.09391344087969761,97.15666666666667
1,Train,6,0.09409411202989558,97.13833333333334
1,Train,7,0.09045370159344988,97.26166666666667
1,Train,8,0.08819987165289338,97.28
1,Train,9,0.0858165325354371,97.355
1,Train,10,0.0858796077953515,97.39333333333333
1,Train,11,0.08176479154820773,97.495
1,Train,12,0.08228768463628217,97.52166666666666
1,Train,13,0.08508310708331679,97.39666666666666
1,Train,14,0.08517390343464953,97.355
1,Train,15,0.08140703352934314,97.51833333333333
1,Train,16,0.08158640168208821,97.45666666666666
1,Train,17,0.08171157714334908,97.50666666666666
1,Train,18,0.0825658284992584,97.47833333333334
1,Train,19,0.08026590316586335,97.55
1,Train,20,0.08071345136958749,97.50833333333334
1,Train,21,0.08010807406595187,97.62166666666667
1,Train,22,0.08091729226474302,97.625
1,Train,23,0.08141504247320622,97.49333333333334
1,Train,24,0.0812572236219844,97.53333333333333
1,Train,25,0.07855238508681317,97.67833333333333
1,Train,26,0.08150700784072319,97.54333333333334
1,Train,27,0.07929971939440073,97.575
1,Train,28,0.08046664957306175,97.515
1,Train,29,0.08084288665525519,97.53333333333333
1,Train,30,0.08117876234952545,97.54
1,Train,31,0.07776922614675488,97.65833333333333
1,Train,32,0.07909888150049763,97.58833333333334
1,Train,33,0.08161043573581142,97.50833333333334
1,Train,34,0.07824270291225903,97.635
1,Train,35,0.07978779072601716,97.53833333333333
1,Train,36,0.07723967774354526,97.63166666666666
1,Train,37,0.07888994506501687,97.53333333333333
1,Train,38,0.07721395246409103,97.68666666666667
1,Train,39,0.07925065545131305,97.59166666666667
1,Train,40,0.07604162153340789,97.68166666666667
1,Train,41,0.07780104463919067,97.66666666666667
1,Train,42,0.0766614973310343,97.62166666666667
1,Train,43,0.076047345694097,97.6
1,Train,44,0.07488488841834999,97.715
1,Train,45,0.07568447874520079,97.70666666666666
1,Train,46,0.07711226752529995,97.60666666666667
1,Train,47,0.0739140677133329,97.71833333333333
1,Train,48,0.0742334695557238,97.69166666666666
1,Train,49,0.07259795506493204,97.755
1,Train,50,0.07715752983096583,97.68
1,Train,51,0.07363056356479183,97.80833333333334
1,Train,52,0.07573935694217207,97.74
1,Train,53,0.07520739955750348,97.72666666666667
1,Train,54,0.07438904866924681,97.70666666666666
1,Train,55,0.07234347515058087,97.79833333333333
1,Train,56,0.07316658238841094,97.70833333333333
1,Train,57,0.07280816643213371,97.80166666666666
1,Train,58,0.07208028273526657,97.79333333333334
1,Train,59,0.06992577449781233,97.825
1,Train,60,0.07074597716756005,97.78666666666666
1,Train,61,0.07169554408206698,97.80333333333333
1,Train,62,0.06893218366962611,97.815
1,Train,63,0.06819714154608128,97.87833333333333
1,Train,64,0.06901282947934996,97.88
1,Train,65,0.06786945406321693,97.90166666666667
1,Train,66,0.06942992998922577,97.86
1,Train,67,0.06861023541962055,97.82833333333333
1,Train,68,0.06607135294722756,97.95
1,Train,69,0.06594632262356649,97.965
1,Train,70,0.06731462300789155,97.905
1,Train,71,0.06530749101294347,97.98
1,Train,72,0.06571648098171358,97.92333333333333
1,Train,73,0.06519310147296335,98.01666666666667
1,Train,74,0.06538159022290943,97.96333333333334
1,Train,75,0.06312187829414255,98.03333333333333
1,Train,76,0.06347638602405957,98.02166666666666
1,Train,77,0.06428668562208202,98.055
1,Train,78,0.06325967581862561,98.05666666666667
1,Train,79,0.061589553228914226,98.07333333333334
1,Train,80,0.06093304013534353,98.11333333333333
1,Train,81,0.063760300288291,98.025
1,Train,82,0.06337957346757384,98.0
1,Train,83,0.05962965722602275,98.18333333333334
1,Train,84,0.06028084242596758,98.08833333333334
1,Train,85,0.05938739099458857,98.17
1,Train,86,0.059246547548167404,98.14666666666666
1,Train,87,0.05773692640829729,98.23333333333333
1,Train,88,0.05871014313161231,98.20666666666666
1,Train,89,0.05798423978959747,98.19833333333334
1,Train,90,0.0563518186776021,98.3
1,Train,91,0.05839237472353094,98.19666666666667
1,Train,92,0.05698461108780527,98.20666666666666
1,Train,93,0.05561210000420197,98.25166666666667
1,Train,94,0.057094581284770136,98.18666666666667
1,Train,95,0.055434506283926155,98.23166666666667
1,Train,96,0.05378020305077661,98.27833333333334
1,Train,97,0.05371271770825329,98.31
1,Train,98,0.05445387600812137,98.23
1,Train,99,0.054560566557514435,98.28833333333333
1,Train,100,0.05124610825480691,98.39333333333333
1,Train,101,0.05311136566318096,98.4
1,Train,102,0.05390615270076691,98.28166666666667
1,Train,103,0.050919545451762756,98.37166666666667
1,Train,104,0.05142319365934662,98.395
1,Train,105,0.05181885772049399,98.36
1,Train,106,0.04860977863017992,98.47166666666666
1,Train,107,0.04856086772462958,98.47333333333333
1,Train,108,0.049012950714115947,98.42166666666667
1,Train,109,0.04831316895875808,98.44666666666667
1,Train,110,0.04758932042640306,98.49333333333334
1,Train,111,0.048372540952401566,98.47166666666666
1,Train,112,0.04668438117514712,98.54333333333334
1,Train,113,0.04680051316998863,98.48166666666667
1,Train,114,0.04603031412803871,98.56333333333333
1,Train,115,0.0451106530252859,98.53333333333333
1,Train,116,0.043318024206714933,98.585
1,Train,117,0.04339307694878065,98.59833333333333
1,Train,118,0.04342909406036246,98.61666666666666
1,Train,119,0.04343817710014842,98.66833333333334
1,Train,120,0.04245462557112319,98.66333333333333
1,Train,121,0.04206276416791792,98.64333333333333
1,Train,122,0.04195514531475745,98.67333333333333
1,Train,123,0.039295628773080085,98.75666666666666
1,Train,124,0.03897967517642866,98.8
1,Train,125,0.03884067363782103,98.72166666666666
1,Train,126,0.03823981988817056,98.78666666666666
1,Train,127,0.03747009784661962,98.80666666666667
1,Train,128,0.0358750857294338,98.83833333333334
1,Train,129,0.03585756289506491,98.83166666666666
1,Train,130,0.03556321492002258,98.86666666666666
1,Train,131,0.03364231449893575,98.91666666666667
1,Train,132,0.03284731607655763,98.97333333333333
1,Train,133,0.03329579392163664,98.94
1,Train,134,0.03220196657398828,98.99833333333333
1,Train,135,0.03126692201432022,98.99
1,Train,136,0.031623152842322276,99.005
1,Train,137,0.030525563124657214,99.03833333333333
1,Train,138,0.030805733234232375,98.97833333333334
1,Train,139,0.029010610603254782,99.05
1,Train,140,0.027563103464901872,99.105
1,Train,141,0.02747626998925987,99.12666666666667
1,Train,142,0.026196149918208973,99.16333333333333
1,Train,143,0.025916162736598806,99.17666666666666
1,Train,144,0.024657073544755242,99.19333333333333
1,Train,145,0.02454317196656901,99.18166666666667
1,Train,146,0.023638359685818133,99.23833333333333
1,Train,147,0.023721260898884086,99.18833333333333
1,Train,148,0.02205886149314991,99.29166666666667
1,Train,149,0.021557719997441833,99.28166666666667
1,Train,150,0.02055466965087775,99.34
1,Train,151,0.02013550464159898,99.37666666666667
1,Train,152,0.019124864983826862,99.36833333333334
1,Train,153,0.019237098562104996,99.35
1,Train,154,0.017693884639147835,99.41666666666667
1,Train,155,0.01652503327119885,99.45833333333333
1,Train,156,0.016337156233490954,99.44833333333334
1,Train,157,0.01612538804608011,99.45666666666666
1,Train,158,0.015643797316544392,99.50166666666667
1,Train,159,0.014228536024867783,99.55
1,Train,160,0.013255632778324441,99.57666666666667
1,Train,161,0.012848817788173495,99.58166666666666
1,Train,162,0.013016172271117388,99.59166666666667
1,Train,163,0.01226308450169399,99.62166666666667
1,Train,164,0.01045624354740801,99.685
1,Train,165,0.010912526654850247,99.64833333333333
1,Train,166,0.010653076280779317,99.66666666666667
1,Train,167,0.009093935951024559,99.755
1,Train,168,0.008891528146733928,99.74
1,Train,169,0.009122748537389617,99.75166666666667
1,Train,170,0.007647766513980107,99.79333333333334
1,Train,171,0.00781683917431249,99.76833333333333
1,Train,172,0.00734131771693914,99.80333333333333
1,Train,173,0.00641299925736647,99.84666666666666
1,Train,174,0.005908116449552513,99.855
1,Train,175,0.005809949709660261,99.85333333333334
1,Train,176,0.005767569730485691,99.85833333333333
1,Train,177,0.004805872366298542,99.92166666666667
1,Train,178,0.004819425565465182,99.91333333333333
1,Train,179,0.004397060903986696,99.93
1,Train,180,0.0044769191031041695,99.91166666666666
1,Train,181,0.003978925556621102,99.94166666666666
1,Train,182,0.0037070631485072534,99.95
1,Train,183,0.0036886020787446805,99.96
1,Train,184,0.0034065131834166706,99.97333333333333
1,Train,185,0.0032095327324139305,99.975
1,Train,186,0.0031722304612824587,99.975
1,Train,187,0.0029985503789530113,99.98
1,Train,188,0.0029471273317806883,99.97666666666667
1,Train,189,0.0028769922091426083,99.98333333333333
1,Train,190,0.0027320445706129903,99.985
1,Train,191,0.0026607688369084093,99.985
1,Train,192,0.0026180662122517588,99.98666666666666
1,Train,193,0.0025656318637182307,99.98833333333333
1,Train,194,0.0025306276146560567,99.985
1,Train,195,0.0024606920167448234,99.99
1,Train,196,0.002421903004305688,99.98833333333333
1,Train,197,0.002398432159114478,99.98833333333333
1,Train,198,0.002370278431517511,99.98833333333333
1,Train,199,0.0023519812744259407,99.98833333333333
1,Train,200,0.002341055359782713,99.98833333333333
1,Train_Test,-1,0.054130606183223,98.64
1,ResumeTrain,201,0.00233639459214896,99.98833333333333
1,ResumeTrain,202,0.0023385171421619316,99.98833333333333
1,ResumeTrain,203,0.0023959525541085713,99.98833333333333
1,ResumeTrain,204,0.002373912332668461,99.99
1,ResumeTrain,205,0.0024001290900741803,99.99
1,ResumeTrain,206,0.00244386416154443,99.98833333333333
1,ResumeTrain,207,0.0024747590812712688,99.98666666666666
1,ResumeTrain,208,0.0025422043445058515,99.98833333333333
1,ResumeTrain,209,0.00259561525702877,99.98333333333333
1,ResumeTrain,210,0.002648908906044453,99.985
1,ResumeTrain_Test,-1,0.05406388528351744,98.59
1,GurobiComplete_Train,-1,-1,99.98833333333333
1,GurobiComplete_Val,-1,-1,98.64
1,Gurobi_Complete_Eval_Train,-1,2.302395472489826,99.98833333333333
1,Gurobi_Complete_Eval_Val,-1,2.3023965211693533,98.64
1,GurobiEdit,1,2.302395474672077,99.98833333333333
1,GurobiEdit,2,2.284864987575636,86.56833333333333
1,GurobiEdit,3,2.185190577507034,85.77333333333333
1,GurobiEdit,4,1.5881065420606413,89.595
1,GurobiEdit,5,0.41704763379162946,94.29333333333334
1,GurobiEdit,6,0.18525422661347718,95.35666666666667
1,GurobiEdit,7,0.13330535842389538,96.47
1,GurobiEdit,8,0.10508979304642319,97.12333333333333
1,GurobiEdit,9,0.08755641225745736,97.56333333333333
1,GurobiEdit,10,0.07414114745474168,97.87
1,GurobiEdit,11,0.0640591169453557,98.145
1,GurobiEdit,12,0.055563981504159705,98.42333333333333
1,GurobiEdit,13,0.04894945444353178,98.59166666666667
1,GurobiEdit,14,0.043186782525318185,98.735
1,GurobiEdit,15,0.038589256868049364,98.87833333333333
1,GurobiEdit,16,0.034813582735412824,98.97
1,GurobiEdit,17,0.03115212603877224,99.07166666666667
1,GurobiEdit,18,0.027738124548455055,99.15833333333333
1,GurobiEdit,19,0.025096991425022922,99.22
1,GurobiEdit,20,0.022058077049824553,99.31666666666666
1,GurobiEdit,21,0.0204409511728691,99.365
1,GurobiEdit,22,0.018281812401321332,99.42833333333333
1,GurobiEdit,23,0.0170923116701229,99.46833333333333
1,GurobiEdit,24,0.015106594929461863,99.53333333333333
1,GurobiEdit,25,0.014750458093341193,99.51
1,GurobiEdit,26,0.013948735998416274,99.56166666666667
1,GurobiEdit,27,0.013338216387774108,99.56333333333333
1,GurobiEdit,28,0.01346060788082966,99.52666666666667
1,GurobiEdit,29,0.014120418423465182,99.51666666666667
1,GurobiEdit,30,0.014494794613967809,99.49166666666666
1,GurobiEdit,31,0.015000490253798265,99.50333333333333
1,GurobiEdit,32,0.016940141866699957,99.47
1,GurobiEdit,33,0.016906928680413096,99.45666666666666
1,GurobiEdit,34,0.014505435050214645,99.55666666666667
1,GurobiEdit,35,0.017769350194268885,99.43166666666667
1,GurobiEdit,36,0.020823531927495725,99.31666666666666
1,GurobiEdit,37,0.021986883610597762,99.33666666666667
1,GurobiEdit_Test,-1,0.10052461952641296,98.25
2,Train,1,0.35309287373684617,88.35833333333333
2,Train,2,0.13060562006577456,96.125
2,Train,3,0.10909942796563825,96.785
2,Train,4,0.09710131173503903,97.085
2,Train,5,0.09324768398207865,97.26166666666667
2,Train,6,0.08995101359391748,97.27333333333333
2,Train,7,0.08792567201131238,97.30666666666667
2,Train,8,0.08490347073276228,97.34666666666666
2,Train,9,0.08415397504857013,97.34333333333333
2,Train,10,0.07948124149044998,97.585
2,Train,11,0.07933059927202434,97.48333333333333
2,Train,12,0.0768902387849308,97.66833333333334
2,Train,13,0.07528062832923388,97.69
2,Train,14,0.07967910395448503,97.50666666666666
2,Train,15,0.0746759046812347,97.67833333333333
2,Train,16,0.07487290604258529,97.66333333333333
2,Train,17,0.07514650385691696,97.635
2,Train,18,0.07399715891335,97.71833333333333
2,Train,19,0.07269140071964611,97.80333333333333
2,Train,20,0.07490974624365032,97.66666666666667
2,Train,21,0.07357108014346511,97.805
2,Train,22,0.07587732900599777,97.69
2,Train,23,0.07360470277400506,97.74666666666667
2,Train,24,0.0733957989754416,97.67666666666666
2,Train,25,0.07236129609398693,97.79833333333333
2,Train,26,0.07326250842647251,97.74
2,Train,27,0.06968788200735042,97.88833333333334
2,Train,28,0.07123417734923017,97.78666666666666
2,Train,29,0.06929919165465549,97.82833333333333
2,Train,30,0.07246023265657016,97.76166666666667
2,Train,31,0.07300458282646641,97.77333333333333
2,Train,32,0.07219307397826515,97.75166666666667
2,Train,33,0.06918821004543439,97.85166666666667
2,Train,34,0.07110291961701497,97.81333333333333
2,Train,35,0.06958860234106036,97.79666666666667
2,Train,36,0.07058953409055538,97.83333333333333
2,Train,37,0.07294584926649854,97.75833333333334
2,Train,38,0.06890492338577547,97.90166666666667
2,Train,39,0.0684146588057586,97.85333333333334
2,Train,40,0.06984504586267622,97.82666666666667
2,Train,41,0.06719096764014802,97.945
2,Train,42,0.06888080837239431,97.84166666666667
2,Train,43,0.06602584797927352,97.96666666666667
2,Train,44,0.06709907186410699,97.87666666666667
2,Train,45,0.06801982777886206,97.92666666666666
2,Train,46,0.06771275886218298,97.89166666666667
2,Train,47,0.06674808890785108,97.89333333333333
2,Train,48,0.0654299252714073,97.99
2,Train,49,0.06846399264008075,97.86
2,Train,50,0.06363829190580073,97.97333333333333
2,Train,51,0.06752242818218127,97.905
2,Train,52,0.06567655606089784,97.98833333333333
2,Train,53,0.06496640751634206,98.02333333333333
2,Train,54,0.06614994824993109,97.93833333333333
2,Train,55,0.06369508893715,98.03
2,Train,56,0.06327454127530145,98.03666666666666
2,Train,57,0.06396448489796114,97.995
2,Train,58,0.06385770938562058,97.955
2,Train,59,0.06366101100987408,97.91333333333333
2,Train,60,0.0618289806834415,98.03666666666666
2,Train,61,0.06249180329374777,98.07166666666667
2,Train,62,0.0640841155707282,98.03833333333333
2,Train,63,0.061961318484666385,98.10833333333333
2,Train,64,0.06157272255330865,98.025
2,Train,65,0.06104472780444169,98.12166666666667
2,Train,66,0.06086649776804002,98.12666666666667
2,Train,67,0.061087540114164514,98.13166666666666
2,Train,68,0.06066871792511475,98.10666666666667
2,Train,69,0.05812277511976434,98.145
2,Train,70,0.05882299959610036,98.18166666666667
2,Train,71,0.0603026956223431,98.10833333333333
2,Train,72,0.06093904598631041,98.085
2,Train,73,0.05717860263351516,98.15
2,Train,74,0.05694736625740141,98.20333333333333
2,Train,75,0.05926397270636573,98.15666666666667
2,Train,76,0.05765755118731261,98.17333333333333
2,Train,77,0.058762843184254336,98.16166666666666
2,Train,78,0.05813961923362629,98.205
2,Train,79,0.05664270496195282,98.24666666666667
2,Train,80,0.0575306030547823,98.22833333333334
2,Train,81,0.05336711540593687,98.29166666666667
2,Train,82,0.05642218257976809,98.23166666666667
2,Train,83,0.05390710497429012,98.32833333333333
2,Train,84,0.05483534573312865,98.31666666666666
2,Train,85,0.05342031557475733,98.3
2,Train,86,0.053385331513752,98.33166666666666
2,Train,87,0.0526732357366132,98.35666666666667
2,Train,88,0.05251726922310144,98.365
2,Train,89,0.05139146882796489,98.35833333333333
2,Train,90,0.05097950719752925,98.36
2,Train,91,0.05187719246536804,98.36833333333334
2,Train,92,0.05060790999498636,98.41333333333333
2,Train,93,0.05056633337494606,98.45166666666667
2,Train,94,0.049797099822621274,98.46333333333334
2,Train,95,0.04781734091923597,98.49666666666667
2,Train,96,0.048541960914872735,98.43833333333333
2,Train,97,0.04744081249339244,98.48
2,Train,98,0.048477716937078995,98.47166666666666
2,Train,99,0.04719519916437736,98.53666666666666
2,Train,100,0.046850539093979605,98.58166666666666
2,Train,101,0.04594407564847221,98.54666666666667
2,Train,102,0.04685725494999986,98.49833333333333
2,Train,103,0.04435713274151665,98.61666666666666
2,Train,104,0.04464790191671126,98.60333333333334
2,Train,105,0.043618470311956065,98.62
2,Train,106,0.041286555471395384,98.66166666666666
2,Train,107,0.04268007865315856,98.63666666666667
2,Train,108,0.042694352513860424,98.66666666666667
2,Train,109,0.04071607015446795,98.7
2,Train,110,0.04009614901098189,98.68
2,Train,111,0.04126633615743349,98.695
2,Train,112,0.042324152818804896,98.63833333333334
2,Train,113,0.03980664010206009,98.78666666666666
2,Train,114,0.038256945574869985,98.81166666666667
2,Train,115,0.03889514251148505,98.81
2,Train,116,0.037804599863583574,98.835
2,Train,117,0.03688199384426225,98.78833333333333
2,Train,118,0.03767716922245145,98.79166666666667
2,Train,119,0.0371803238001542,98.82666666666667
2,Train,120,0.03401646199403346,98.93166666666667
2,Train,121,0.03340506250348252,98.91
2,Train,122,0.03522304617719355,98.86333333333333
2,Train,123,0.03347658195521789,98.94
2,Train,124,0.03224932036390014,98.965
2,Train,125,0.033976846415880634,98.96166666666667
2,Train,126,0.03370796007685467,98.89
2,Train,127,0.030131555684553855,99.055
2,Train,128,0.030768122403945757,99.02
2,Train,129,0.029960968725492237,99.05333333333333
2,Train,130,0.028164095171431924,99.09
2,Train,131,0.03196128920183426,98.97666666666667
2,Train,132,0.028739714499270014,99.04
2,Train,133,0.02764235125170255,99.15
2,Train,134,0.02716772747337767,99.125
2,Train,135,0.026982939910100045,99.13333333333334
2,Train,136,0.02489284530972231,99.23166666666667
2,Train,137,0.02612798472219421,99.12666666666667
2,Train,138,0.023467726435512204,99.215
2,Train,139,0.023395104883761564,99.275
2,Train,140,0.022370091794748796,99.235
2,Train,141,0.021758129641093266,99.30333333333333
2,Train,142,0.021791528968327676,99.29333333333334
2,Train,143,0.021233869225350404,99.285
2,Train,144,0.020037970720208395,99.33333333333333
2,Train,145,0.01911659534643069,99.37333333333333
2,Train,146,0.018949054175683912,99.37
2,Train,147,0.018266128098176154,99.37333333333333
2,Train,148,0.01764992202415842,99.39666666666666
2,Train,149,0.016826680619852638,99.45
2,Train,150,0.016777041645480172,99.45
2,Train,151,0.015560303409810631,99.50333333333333
2,Train,152,0.0149114903503087,99.50666666666666
2,Train,153,0.01358331050233546,99.55333333333333
2,Train,154,0.014676127844594596,99.52333333333333
2,Train,155,0.01341145472622438,99.57166666666667
2,Train,156,0.013003972511720445,99.57666666666667
2,Train,157,0.011456006568186863,99.64166666666667
2,Train,158,0.011424045864520456,99.63
2,Train,159,0.010964403823817493,99.65166666666667
2,Train,160,0.01006834341760819,99.66333333333333
2,Train,161,0.009759595635017038,99.70333333333333
2,Train,162,0.009222669283552419,99.73
2,Train,163,0.009261897488080331,99.68666666666667
2,Train,164,0.007750960459781986,99.78
2,Train,165,0.007813026968278085,99.77666666666667
2,Train,166,0.0072362261699088866,99.78666666666666
2,Train,167,0.006399508425026471,99.82166666666667
2,Train,168,0.006529803803833824,99.80833333333334
2,Train,169,0.005735926421216662,99.83833333333334
2,Train,170,0.005647715628546802,99.85666666666667
2,Train,171,0.005105926180130796,99.86
2,Train,172,0.0049698197720782974,99.88
2,Train,173,0.004472050657398823,99.915
2,Train,174,0.004528652314828563,99.885
2,Train,175,0.004169500271935147,99.91166666666666
2,Train,176,0.0035500439942407593,99.93333333333334
2,Train,177,0.0034511435273463435,99.94
2,Train,178,0.0032795534354207807,99.95166666666667
2,Train,179,0.0030261337786346015,99.95666666666666
2,Train,180,0.0029146305999664915,99.96166666666667
2,Train,181,0.002662601111471498,99.96833333333333
2,Train,182,0.0025888886239933606,99.96666666666667
2,Train,183,0.0024376459150127166,99.98166666666667
2,Train,184,0.002323992675535595,99.98166666666667
2,Train,185,0.002254954247826621,99.97666666666667
2,Train,186,0.0021489642470482887,99.98833333333333
2,Train,187,0.0020682131564259865,99.99166666666666
2,Train,188,0.0020048850709881664,99.99
2,Train,189,0.0019048080638034636,99.99333333333334
2,Train,190,0.0018618343199584841,99.995
2,Train,191,0.0018351104999252295,99.99333333333334
2,Train,192,0.0017870498742213116,99.99333333333334
2,Train,193,0.001758997066081315,99.99333333333334
2,Train,194,0.0017246401258687383,99.995
2,Train,195,0.0017015965211735974,99.995
2,Train,196,0.001674524770887991,99.995
2,Train,197,0.0016488405718314632,99.995
2,Train,198,0.0016276557967123543,99.995
2,Train,199,0.0016145839968450852,99.995
2,Train,200,0.0016039068095996094,99.995
2,Train_Test,-1,0.05338995662560657,98.68
2,ResumeTrain,201,0.0016003190740865039,99.995
2,ResumeTrain,202,0.0016043233375393707,99.995
2,ResumeTrain,203,0.0016160679542370838,99.995
2,ResumeTrain,204,0.0016338121318703195,99.995
2,ResumeTrain,205,0.001660073185991352,99.995
2,ResumeTrain,206,0.0016992469939552594,99.995
2,ResumeTrain,207,0.0017370520390923795,99.995
2,ResumeTrain,208,0.001793654886407411,99.995
2,ResumeTrain,209,0.0018388915870893067,99.99666666666667
2,ResumeTrain,210,0.0019111067108660115,99.995
2,ResumeTrain_Test,-1,0.05397182435324924,98.67
2,GurobiComplete_Train,-1,-1,99.995
2,GurobiComplete_Val,-1,-1,98.67
2,Gurobi_Complete_Eval_Train,-1,2.302432913756893,99.995
2,Gurobi_Complete_Eval_Val,-1,2.3024336820749287,98.67
2,GurobiEdit,1,2.302432907716108,99.995
2,GurobiEdit,2,2.2862608594756177,95.11833333333334
2,GurobiEdit,3,2.1865552283723795,93.71666666666667
2,GurobiEdit,4,1.5458833320943475,92.455
2,GurobiEdit,5,0.4548892410380138,92.815
2,GurobiEdit,6,0.23147316993963546,94.22333333333333
2,GurobiEdit,7,0.16325961262242145,95.74166666666666
2,GurobiEdit,8,0.12312904049398446,96.68166666666667
2,GurobiEdit,9,0.09659308067157964,97.32833333333333
2,GurobiEdit,10,0.07816536686352887,97.79833333333333
2,GurobiEdit,11,0.06450220039590515,98.11166666666666
2,GurobiEdit,12,0.053726605433839975,98.40833333333333
2,GurobiEdit,13,0.04498389563089232,98.65333333333334
2,GurobiEdit,14,0.0378882777797268,98.845
2,GurobiEdit,15,0.03211071647077937,99.05333333333333
2,GurobiEdit,16,0.02738672807512162,99.2
2,GurobiEdit,17,0.0234532241748699,99.26666666666667
2,GurobiEdit,18,0.01977326208432662,99.37
2,GurobiEdit,19,0.01726870604949785,99.49
2,GurobiEdit,20,0.014829549220989521,99.55666666666667
2,GurobiEdit,21,0.012995834984554313,99.61333333333333
2,GurobiEdit,22,0.011294411422400287,99.635
2,GurobiEdit,23,0.01059329192244558,99.65666666666667
2,GurobiEdit,24,0.009515559140761246,99.69666666666667
2,GurobiEdit,25,0.00931168716570501,99.70833333333333
2,GurobiEdit,26,0.0102011008943902,99.645
2,GurobiEdit,27,0.010307540821054126,99.67833333333333
2,GurobiEdit,28,0.009519729201866963,99.69666666666667
2,GurobiEdit,29,0.011325096397485865,99.62166666666667
2,GurobiEdit,30,0.012689386483649177,99.59833333333333
2,GurobiEdit,31,0.010109088006207398,99.665
2,GurobiEdit,32,0.015603242312819265,99.53166666666667
2,GurobiEdit,33,0.012745439577793803,99.60166666666667
2,GurobiEdit,34,0.015236221965568321,99.505
2,GurobiEdit,35,0.01615353913079778,99.49833333333333
2,GurobiEdit_Test,-1,0.1121232404643996,98.42
5,Train,1,0.28130542695600913,91.30333333333333
5,Train,2,0.13334389289814044,95.95333333333333
5,Train,3,0.11248559444446807,96.49833333333333
5,Train,4,0.10535690487427897,96.79333333333334
5,Train,5,0.10190309910696618,96.915
5,Train,6,0.09575369246867502,97.065
5,Train,7,0.09498601309442872,97.025
5,Train,8,0.093914659835021,97.11833333333334
5,Train,9,0.09001901044258107,97.21333333333334
5,Train,10,0.08830773857353168,97.26166666666667
5,Train,11,0.09119316816701595,97.115
5,Train,12,0.08596958744500599,97.30833333333334
5,Train,13,0.08953225610018749,97.25833333333334
5,Train,14,0.08789586860051794,97.31333333333333
5,Train,15,0.0859747336057387,97.35833333333333
5,Train,16,0.08732914846223065,97.30833333333334
5,Train,17,0.08483833970351963,97.365
5,Train,18,0.08192508581436402,97.45166666666667
5,Train,19,0.08406672203675297,97.40666666666667
5,Train,20,0.0863651709486483,97.38666666666667
5,Train,21,0.08438668659299087,97.31666666666666
5,Train,22,0.08428531933204499,97.35666666666667
5,Train,23,0.0856823302761464,97.295
5,Train,24,0.08403792254224307,97.43
5,Train,25,0.08347120215371881,97.41833333333334
5,Train,26,0.08374269284980168,97.43
5,Train,27,0.08377572352581336,97.355
5,Train,28,0.08181484274392635,97.46
5,Train,29,0.08430723220236787,97.355
5,Train,30,0.07840255464334349,97.50166666666667
5,Train,31,0.08560306462477763,97.345
5,Train,32,0.08501761431933591,97.39166666666667
5,Train,33,0.08291429991136147,97.43166666666667
5,Train,34,0.07978673019107553,97.6
5,Train,35,0.08143801425622657,97.52
5,Train,36,0.08047961905843351,97.51666666666667
5,Train,37,0.07975251620375072,97.525
5,Train,38,0.0808623483704214,97.52
5,Train,39,0.08144512844982274,97.51333333333334
5,Train,40,0.08129435806908254,97.47166666666666
5,Train_Test,-1,0.07995964253394579,97.58
5,GurobiComplete_Train,-1,-1,97.99
5,GurobiComplete_Val,-1,-1,97.6
5,Gurobi_Complete_Eval_Train,-1,2.3005026714044856,97.99
5,Gurobi_Complete_Eval_Val,-1,2.3005290794782627,97.6
5,GurobiEdit,1,0.11944116679806853,96.78666666666666
5,GurobiEdit,2,0.11791217222067842,96.68333333333334
5,GurobiEdit,3,0.11601510524912159,96.675
5,GurobiEdit,4,0.11274124925570482,96.83666666666667
5,GurobiEdit,5,0.10768575577037903,96.92166666666667
5,GurobiEdit,6,0.10032030928746836,97.07833333333333
5,GurobiEdit,7,0.09641240501522416,97.23166666666667
5,GurobiEdit,8,0.0877318938029817,97.35666666666667
5,GurobiEdit,9,0.08341517303307659,97.44166666666666
5,GurobiEdit,10,0.08141147234836124,97.46833333333333
5,GurobiEdit,11,0.0803608109928986,97.625
5,GurobiEdit,12,0.07874701190479212,97.61666666666666
5,GurobiEdit,13,0.07961787813328688,97.535
5,GurobiEdit,14,0.07777326172244582,97.64333333333333
5,GurobiEdit,15,0.07698199643846433,97.67333333333333
5,GurobiEdit,16,0.07850843466190455,97.615
5,GurobiEdit,17,0.07844512895637208,97.54
5,GurobiEdit,18,0.07541415922292372,97.69166666666666
5,GurobiEdit,19,0.07501871024864115,97.62833333333333
5,GurobiEdit,20,0.07350528628251803,97.725
5,GurobiEdit,21,0.07578446451231592,97.68166666666667
5,GurobiEdit,22,0.07384015077178725,97.75333333333333
5,GurobiEdit,23,0.07293305535357086,97.72166666666666
5,GurobiEdit,24,0.07214176455779622,97.84166666666667
5,GurobiEdit,25,0.07069921146808311,97.74666666666667
5,GurobiEdit,26,0.07117435250606996,97.83833333333334
5,GurobiEdit,27,0.07273623849867929,97.72666666666667
5,GurobiEdit,28,0.07163891817056775,97.80333333333333
5,GurobiEdit,29,0.07054065694022087,97.76666666666667
5,GurobiEdit,30,0.07203942514873612,97.76166666666667
5,GurobiEdit,31,0.06879848580209322,97.86333333333333
5,GurobiEdit,32,0.06987840657603896,97.81
5,GurobiEdit,33,0.07124968701988263,97.77833333333334
5,GurobiEdit,34,0.06788945435339538,97.91166666666666
5,GurobiEdit,35,0.0697555194321991,97.93333333333334
5,GurobiEdit,36,0.06801196320868423,97.88
5,GurobiEdit,37,0.06739341389221237,97.865
5,GurobiEdit,38,0.06599989893394469,97.92333333333333
5,GurobiEdit,39,0.06610138697413306,97.95666666666666
5,GurobiEdit,40,0.06805958062802187,97.88833333333334
5,GurobiEdit,41,0.0659639243706967,97.94333333333333
5,GurobiEdit,42,0.062346405702391375,98.06
5,GurobiEdit,43,0.06604464177346517,97.95666666666666
5,GurobiEdit,44,0.06420904822834479,98.02833333333334
5,GurobiEdit,45,0.06494946160165545,97.98666666666666
5,GurobiEdit,46,0.06544286988873352,97.97333333333333
5,GurobiEdit,47,0.06497086781917152,97.96166666666667
5,GurobiEdit,48,0.0646625200849193,97.945
5,GurobiEdit,49,0.06217637635209083,98.09666666666666
5,GurobiEdit,50,0.06571682818631394,97.94166666666666
5,GurobiEdit,51,0.06093903187079857,98.12333333333333
5,GurobiEdit,52,0.06042851633419286,98.11
5,GurobiEdit,53,0.06091125448326577,98.085
5,GurobiEdit,54,0.06165647021113434,98.08666666666667
5,GurobiEdit,55,0.06082002681126579,98.10333333333334
5,GurobiEdit,56,0.058836954009412044,98.17333333333333
5,GurobiEdit,57,0.059259651884229825,98.10166666666667
5,GurobiEdit,58,0.05805222107178493,98.20333333333333
5,GurobiEdit,59,0.059101161535125915,98.13
5,GurobiEdit,60,0.05655692942530026,98.21
5,GurobiEdit,61,0.05649594536391166,98.20166666666667
5,GurobiEdit,62,0.05625014140758723,98.21
5,GurobiEdit,63,0.05616212697336853,98.25
5,GurobiEdit,64,0.05607039243810685,98.24666666666667
5,GurobiEdit,65,0.05479007520422564,98.26333333333334
5,GurobiEdit,66,0.05403482753118148,98.28333333333333
5,GurobiEdit,67,0.053926482797190714,98.37333333333333
5,GurobiEdit,68,0.053327508325022636,98.32833333333333
5,GurobiEdit,69,0.0520890541797722,98.31833333333333
5,GurobiEdit,70,0.05101261272590405,98.4
5,GurobiEdit,71,0.05270941415481597,98.355
5,GurobiEdit,72,0.05013178018014507,98.39666666666666
5,GurobiEdit,73,0.050440570391091274,98.425
5,GurobiEdit,74,0.0491395837097884,98.49666666666667
5,GurobiEdit,75,0.049636812840276906,98.41
5,GurobiEdit,76,0.04852256770468775,98.46333333333334
5,GurobiEdit,77,0.0476905459039066,98.47333333333333
5,GurobiEdit,78,0.04778236784576356,98.49333333333334
5,GurobiEdit,79,0.04640737052084849,98.475
5,GurobiEdit,80,0.045897546222445025,98.54833333333333
5,GurobiEdit,81,0.04676801194051647,98.51
5,GurobiEdit,82,0.04507329013508029,98.57
5,GurobiEdit,83,0.04617786172279682,98.52333333333333
5,GurobiEdit,84,0.04274546918869026,98.675
5,GurobiEdit,85,0.04310328390481322,98.60833333333333
5,GurobiEdit,86,0.04162546106125316,98.665
5,GurobiEdit,87,0.04175951014671396,98.65833333333333
5,GurobiEdit,88,0.04079943199203359,98.73333333333333
5,GurobiEdit,89,0.04032713988645882,98.66
5,GurobiEdit,90,0.0402610939838427,98.71333333333334
5,GurobiEdit,91,0.03960289708676558,98.73333333333333
5,GurobiEdit,92,0.03857647626389209,98.76666666666667
5,GurobiEdit,93,0.03774919440500173,98.77833333333334
5,GurobiEdit,94,0.03734414507685322,98.81166666666667
5,GurobiEdit,95,0.036639346277945246,98.84333333333333
5,GurobiEdit,96,0.03573476696856907,98.84333333333333
5,GurobiEdit,97,0.03596439334265373,98.83333333333333
5,GurobiEdit,98,0.03548131582668671,98.86333333333333
5,GurobiEdit,99,0.033496748020780114,98.92666666666666
5,GurobiEdit,100,0.033234459778281406,98.91833333333334
5,ResumeTrain_Test,-1,0.060004927618826844,98.24
3,Train,1,0.2816939455752655,91.34
3,Train,2,0.13523075762531606,96.02666666666667
3,Train,3,0.12002190215781526,96.38
3,Train,4,0.10910787104029694,96.735
3,Train,5,0.1044268697016527,96.81666666666666
3,Train,6,0.10075176530001381,96.91166666666666
3,Train,7,0.09430397487898362,97.09833333333333
3,Train,8,0.09561680170387979,97.15
3,Train,9,0.0948134781407522,97.12666666666667
3,Train,10,0.09332955143202021,97.15
3,Train,11,0.09640916110760651,97.07166666666667
3,Train,12,0.09271561091186396,97.17333333333333
3,Train,13,0.09117455676517501,97.27666666666667
3,Train,14,0.09005390965026598,97.295
3,Train,15,0.08951186595374046,97.33
3,Train,16,0.08873336457017308,97.31666666666666
3,Train,17,0.08797243942515592,97.37833333333333
3,Train,18,0.08812226731622864,97.34
3,Train,19,0.08541868380178096,97.45166666666667
3,Train,20,0.0865369972941575,97.38
3,Train,21,0.08905217065761077,97.28666666666666
3,Train,22,0.0861768732573417,97.45166666666667
3,Train,23,0.08595389966382354,97.38333333333334
3,Train,24,0.08525319289949317,97.44166666666666
3,Train,25,0.08354864634706304,97.45666666666666
3,Train,26,0.08462834524310087,97.46333333333334
3,Train,27,0.08213003918549484,97.5
3,Train,28,0.08522565742337712,97.44166666666666
3,Train,29,0.08209809106035625,97.565
3,Train,30,0.08412380754851269,97.485
3,Train,31,0.08366622218160344,97.46333333333334
3,Train,32,0.08267597030132864,97.515
3,Train,33,0.08395886562194563,97.46666666666667
3,Train,34,0.08269305960750015,97.48666666666666
3,Train,35,0.08090200106278654,97.52
3,Train,36,0.08144451652062033,97.62
3,Train,37,0.08594253939404906,97.355
3,Train,38,0.08096284093429736,97.55
3,Train,39,0.08110831007942035,97.585
3,Train,40,0.08154423221330999,97.55666666666667
3,Train,41,0.08199283096476409,97.55
3,Train,42,0.08050728452759608,97.52333333333333
3,Train,43,0.08261936447174269,97.55666666666667
3,Train,44,0.07976420862738125,97.58
3,Train,45,0.07900135192293825,97.57
3,Train,46,0.08134714746167815,97.47166666666666
3,Train,47,0.0810415482241818,97.55166666666666
3,Train,48,0.08015719594887431,97.56666666666666
3,Train,49,0.07893209532386977,97.60666666666667
3,Train,50,0.0796486566540986,97.61
3,Train,51,0.07913174882217248,97.57833333333333
3,Train,52,0.07824954344470184,97.61666666666666
3,Train,53,0.07709953782113398,97.67
3,Train,54,0.07786870388695527,97.63666666666667
3,Train,55,0.07756446518524515,97.665
3,Train,56,0.0757935796200344,97.68833333333333
3,Train,57,0.0746371636195226,97.72333333333333
3,Train,58,0.07277926471456884,97.795
3,Train,59,0.07357341055270741,97.77
3,Train,60,0.07224976831960513,97.73666666666666
3,Train,61,0.07563640265287062,97.62666666666667
3,Train,62,0.07177924326212011,97.85833333333333
3,Train,63,0.07316864291507068,97.76666666666667
3,Train,64,0.07332688630438491,97.75833333333334
3,Train,65,0.07031101820752032,97.85833333333333
3,Train,66,0.07209749385350628,97.83666666666667
3,Train,67,0.07135985888661807,97.77333333333333
3,Train,68,0.06997970060451286,97.865
3,Train,69,0.07026057748820648,97.84
3,Train,70,0.06951302483858214,97.855
3,Train,71,0.0705750221421668,97.885
3,Train,72,0.06750363319969682,97.99
3,Train,73,0.06982043035385635,97.815
3,Train,74,0.07041526495096458,97.88
3,Train,75,0.06658631290878843,98.01
3,Train,76,0.06816383067400666,97.91333333333333
3,Train,77,0.06680185928464677,97.97166666666666
3,Train,78,0.06698489620792378,97.93833333333333
3,Train,79,0.06593647907960283,97.99166666666666
3,Train,80,0.06509026062419494,98.04666666666667
3,Train,81,0.06775294120866575,97.92333333333333
3,Train,82,0.066512207118852,97.96833333333333
3,Train,83,0.06492981087616662,98.06333333333333
3,Train,84,0.06448022677774053,97.99666666666667
3,Train,85,0.06316092309621531,98.015
3,Train,86,0.06112883791915442,98.18166666666667
3,Train,87,0.06469753245675539,98.03333333333333
3,Train,88,0.06298315711185876,98.03166666666667
3,Train,89,0.06073980966297449,98.14833333333333
3,Train,90,0.059985598582726556,98.2
3,Train,91,0.06028029796242624,98.16
3,Train,92,0.06000733029116545,98.17833333333333
3,Train,93,0.06040895318405245,98.17166666666667
3,Train,94,0.05982501097414799,98.155
3,Train,95,0.05857848038885289,98.22333333333333
3,Train,96,0.05631241045275266,98.24333333333334
3,Train,97,0.056900189140188295,98.26
3,Train,98,0.05823202402702396,98.18166666666667
3,Train,99,0.05640656439804934,98.25666666666666
3,Train,100,0.056670621782927914,98.31833333333333
3,Train,101,0.05503711856762794,98.32
3,Train,102,0.05558416317449123,98.30833333333334
3,Train,103,0.05396122654313353,98.34
3,Train,104,0.05461552649730384,98.34166666666667
3,Train,105,0.053231642179185544,98.32666666666667
3,Train,106,0.053107175491129394,98.365
3,Train,107,0.05119334039488792,98.37833333333333
3,Train,108,0.05149757486825945,98.39333333333333
3,Train,109,0.04999422533736989,98.43833333333333
3,Train,110,0.04934287638633917,98.42666666666666
3,Train,111,0.04897495731804474,98.45
3,Train,112,0.04901698439039905,98.48833333333333
3,Train,113,0.04975656918814729,98.45833333333333
3,Train,114,0.04801872970663123,98.49
3,Train,115,0.048414403098583796,98.495
3,Train,116,0.04769008868012094,98.51
3,Train,117,0.04518815338262115,98.56333333333333
3,Train,118,0.04504665245638705,98.66166666666666
3,Train,119,0.04480044397920307,98.635
3,Train,120,0.044840901739962566,98.57666666666667
3,Train,121,0.04325826069178175,98.67833333333333
3,Train,122,0.04213182352944131,98.685
3,Train,123,0.04183414784974796,98.68333333333334
3,Train,124,0.0407764611276771,98.72166666666666
3,Train,125,0.0421932631603649,98.64833333333333
3,Train,126,0.04018081843855087,98.73666666666666
3,Train,127,0.03953915506645949,98.74333333333334
3,Train,128,0.03913395719971712,98.72166666666666
3,Train,129,0.03953743859197805,98.74
3,Train,130,0.03806547836371677,98.775
3,Train,131,0.036823998809490874,98.83833333333334
3,Train,132,0.0375494828219816,98.81833333333333
3,Train,133,0.03618153327798947,98.80833333333334
3,Train,134,0.03597025063686687,98.85333333333334
3,Train,135,0.035386993950649336,98.88833333333334
3,Train,136,0.03320663454997906,98.95833333333333
3,Train,137,0.03273938268147352,98.96333333333334
3,Train,138,0.03300943923244388,98.95166666666667
3,Train,139,0.03181285816349949,98.95666666666666
3,Train,140,0.03176971333023591,98.97666666666667
3,Train,141,0.03177263224954726,99.025
3,Train,142,0.03079289171235104,99.01833333333333
3,Train,143,0.028958657203452323,99.09333333333333
3,Train,144,0.029028352946804274,99.07666666666667
3,Train,145,0.028288478425709952,99.08166666666666
3,Train,146,0.027003116987526537,99.18166666666667
3,Train,147,0.027664263551524536,99.07
3,Train,148,0.02525352995615928,99.19
3,Train,149,0.026061707519893767,99.17
3,Train,150,0.02502676632368556,99.17166666666667
3,Train,151,0.02300792545956251,99.26666666666667
3,Train,152,0.021943491321415667,99.29
3,Train,153,0.023188025367108307,99.22666666666667
3,Train,154,0.020930051162921737,99.31833333333333
3,Train,155,0.02077540089071266,99.35333333333334
3,Train,156,0.019829944653092436,99.37833333333333
3,Train,157,0.019323224382308345,99.38333333333334
3,Train,158,0.018411560605628607,99.43
3,Train,159,0.017975272295630926,99.40666666666667
3,Train,160,0.01644746683760566,99.48
3,Train,161,0.016035077674009985,99.49166666666666
3,Train,162,0.015492285814221568,99.53666666666666
3,Train,163,0.014720609081570976,99.52166666666666
3,Train,164,0.013805918016284481,99.54333333333334
3,Train,165,0.014214835922135285,99.54666666666667
3,Train,166,0.012442726897665218,99.64
3,Train,167,0.011544878051711775,99.65
3,Train,168,0.011513918075299792,99.66
3,Train,169,0.010516289639668372,99.70166666666667
3,Train,170,0.010083734959931086,99.72
3,Train,171,0.010033026011177254,99.70666666666666
3,Train,172,0.00870574787694451,99.735
3,Train,173,0.008600814571175605,99.76333333333334
3,Train,174,0.008155185351678779,99.775
3,Train,175,0.007360645294273644,99.825
3,Train,176,0.00714053164450826,99.83666666666667
3,Train,177,0.006887467722474013,99.84333333333333
3,Train,178,0.006300817633270364,99.86666666666666
3,Train,179,0.005835204171135648,99.885
3,Train,180,0.005680194372268056,99.885
3,Train,181,0.005256378524279394,99.89666666666666
3,Train,182,0.004971244717413629,99.92333333333333
3,Train,183,0.004727389312578496,99.92833333333333
3,Train,184,0.004502744373999015,99.935
3,Train,185,0.004308116832570838,99.945
3,Train,186,0.004074267615078817,99.95666666666666
3,Train,187,0.003970575890529461,99.95833333333333
3,Train,188,0.0037933670381601744,99.96
3,Train,189,0.0037122138130398245,99.965
3,Train,190,0.0035442068378056905,99.965
3,Train,191,0.0034401791441262793,99.975
3,Train,192,0.0033555172357415566,99.97166666666666
3,Train,193,0.003299503733600018,99.97
3,Train,194,0.00321614147532059,99.975
3,Train,195,0.003149208608925938,99.97666666666667
3,Train,196,0.0031046315583110233,99.98
3,Train,197,0.003065042485587954,99.97833333333334
3,Train,198,0.0030339400234208704,99.97666666666667
3,Train,199,0.003010520791154878,99.97833333333334
3,Train,200,0.002992859347413912,99.97833333333334
3,Train_Test,-1,0.06602133139809015,98.53
3,ResumeTrain,201,0.0029875792117762,99.97833333333334
3,ResumeTrain,202,0.0029929610925035453,99.97833333333334
3,ResumeTrain,203,0.0030088050954600286,99.97833333333334
3,ResumeTrain,204,0.0030367350987972838,99.97666666666667
3,ResumeTrain,205,0.003063927757854397,99.975
3,ResumeTrain,206,0.0030906967713626257,99.97833333333334
3,ResumeTrain,207,0.0031481005922551425,99.97333333333333
3,ResumeTrain,208,0.0032202694116278373,99.97333333333333
3,ResumeTrain,209,0.0032809487478919746,99.97
3,ResumeTrain,210,0.0033935480216482155,99.96666666666667
3,ResumeTrain_Test,-1,0.06704421867865636,98.49
3,GurobiComplete_Train,-1,-1,99.97833333333334
3,GurobiComplete_Val,-1,-1,98.59
3,Gurobi_Complete_Eval_Train,-1,2.302281428204173,99.97833333333334
3,Gurobi_Complete_Eval_Val,-1,2.3022817889702076,98.59
3,GurobiEdit,1,2.302281435949886,99.97833333333334
3,GurobiEdit,2,2.284125966338991,92.51
3,GurobiEdit,3,2.1837992716070924,90.25166666666667
3,GurobiEdit,4,1.6494072731817748,90.26833333333333
3,GurobiEdit,5,0.528663319222725,93.70833333333333
3,GurobiEdit,6,0.22411210777989457,94.67166666666667
3,GurobiEdit,7,0.1550873393674954,95.94333333333333
3,GurobiEdit,8,0.11873130014621482,96.77833333333334
3,GurobiEdit,9,0.09630479249486482,97.33
3,GurobiEdit,10,0.07974132731695464,97.80166666666666
3,GurobiEdit,11,0.06811202830048069,98.00666666666666
3,GurobiEdit,12,0.05856345704110914,98.31833333333333
3,GurobiEdit,13,0.05142576881220319,98.46333333333334
3,GurobiEdit,14,0.045827916147809386,98.63333333333334
3,GurobiEdit,15,0.04146155322383859,98.77166666666666
3,GurobiEdit,16,0.03747887814051407,98.89166666666667
3,GurobiEdit,17,0.03416620984423579,98.94833333333334
3,GurobiEdit,18,0.031345734355331584,99.02333333333333
3,GurobiEdit,19,0.02936191769304098,99.145
3,GurobiEdit,20,0.02765031990796796,99.15666666666667
3,GurobiEdit,21,0.02602722568152709,99.18833333333333
3,GurobiEdit,22,0.024619044324629906,99.23333333333333
3,GurobiEdit,23,0.023195884026424547,99.3
3,GurobiEdit,24,0.022900245643864406,99.27666666666667
3,GurobiEdit,25,0.02279681834700459,99.26666666666667
3,GurobiEdit,26,0.021715554008396407,99.31833333333333
3,GurobiEdit,27,0.022468175883171165,99.27833333333334
3,GurobiEdit,28,0.022023138491243387,99.31
3,GurobiEdit,29,0.02117048952626274,99.30333333333333
3,GurobiEdit,30,0.02115852492570119,99.33166666666666
3,GurobiEdit,31,0.0248483894827538,99.20333333333333
3,GurobiEdit,32,0.023417765792064716,99.26
3,GurobiEdit,33,0.02466143473256827,99.22166666666666
3,GurobiEdit,34,0.024966292217542877,99.20833333333333
3,GurobiEdit,35,0.026820272442080323,99.205
3,GurobiEdit,36,0.02793166262463006,99.15333333333334
3,GurobiEdit,37,0.029294745489585463,99.135
3,GurobiEdit,38,0.02936708453651082,99.08666666666667
3,GurobiEdit,39,0.0308200722906433,99.08833333333334
3,GurobiEdit,40,0.031131369417260645,99.11666666666666
3,GurobiEdit_Test,-1,0.06432679654256548,98.3
4,Train,1,0.2598555483518462,91.87833333333333
4,Train,2,0.1250365552728609,96.195
4,Train,3,0.10998485171174563,96.65666666666667
4,Train,4,0.10057071160704799,97.0
4,Train,5,0.09920692681238119,96.955
4,Train,6,0.09409736094095662,97.05666666666667
4,Train,7,0.09118873111409488,97.14666666666666
4,Train,8,0.09065914263176333,97.135
4,Train,9,0.09005337192931126,97.26833333333333
4,Train,10,0.08697870801772777,97.34833333333333
4,Train,11,0.08610865941197743,97.34666666666666
4,Train,12,0.08132030534552771,97.43666666666667
4,Train,13,0.08416266497238922,97.43666666666667
4,Train,14,0.08051767636979287,97.59
4,Train,15,0.08106483675483875,97.51666666666667
4,Train,16,0.08365891974500424,97.40333333333334
4,Train,17,0.07883515629962379,97.545
4,Train,18,0.07849341918389365,97.58666666666667
4,Train,19,0.08060779251390765,97.51
4,Train,20,0.08059770564424046,97.535
4,Train,21,0.07712547346576115,97.65333333333334
4,Train,22,0.07778121645237306,97.61833333333334
4,Train,23,0.07845948924134476,97.59166666666667
4,Train,24,0.08049525757368899,97.51833333333333
4,Train,25,0.07768560334690132,97.54166666666667
4,Train,26,0.07997718168618961,97.53
4,Train,27,0.07758575693999771,97.58333333333333
4,Train,28,0.07890989670549321,97.56666666666666
4,Train,29,0.07772127700242469,97.60333333333334
4,Train,30,0.07578040798653887,97.70166666666667
4,Train,31,0.07731827419810441,97.62
4,Train,32,0.0761204413698183,97.64666666666666
4,Train,33,0.07639559702611351,97.59
4,Train,34,0.07652031888127465,97.61166666666666
4,Train,35,0.07812558333595222,97.64166666666667
4,Train,36,0.07733339238986836,97.55333333333333
4,Train,37,0.07411244350586105,97.70666666666666
4,Train,38,0.07758297673309068,97.59166666666667
4,Train,39,0.07451663145054961,97.70333333333333
4,Train,40,0.07311716979633515,97.72666666666667
4,Train,41,0.07923254616739242,97.51
4,Train,42,0.07348654026606893,97.69666666666667
4,Train,43,0.07484205668134099,97.745
4,Train,44,0.07502810892102425,97.65
4,Train,45,0.07464082736143195,97.685
4,Train,46,0.07421049786780605,97.7
4,Train,47,0.0716767824671396,97.75833333333334
4,Train,48,0.07149826467008676,97.80166666666666
4,Train,49,0.0744533183946193,97.695
4,Train,50,0.07198066777590187,97.755
4,Train,51,0.07230242819420282,97.80166666666666
4,Train,52,0.07143678308763013,97.77833333333334
4,Train,53,0.07261176782190562,97.735
4,Train,54,0.07194362560098733,97.82666666666667
4,Train,55,0.07014875678206915,97.85666666666667
4,Train,56,0.07286577100957595,97.77166666666666
4,Train,57,0.07063163169509677,97.78666666666666
4,Train,58,0.0710773047397414,97.77833333333334
4,Train,59,0.07063792288144059,97.82833333333333
4,Train,60,0.07058068547802453,97.78
4,Train,61,0.07019131326079935,97.79
4,Train,62,0.06983924870869701,97.815
4,Train,63,0.06853295259433338,97.88666666666667
4,Train,64,0.0681895718390127,97.87
4,Train,65,0.06846242837250885,97.915
4,Train,66,0.06679037283541506,97.92666666666666
4,Train,67,0.06507298639448302,97.92833333333333
4,Train,68,0.06681649743526213,97.90666666666667
4,Train,69,0.06478053366362439,97.975
4,Train,70,0.06782617865698029,97.87833333333333
4,Train,71,0.06405146153312469,97.96833333333333
4,Train,72,0.06616516647361531,97.93166666666667
4,Train,73,0.06343268748629874,97.96
4,Train,74,0.06430267711178268,97.99
4,Train,75,0.06378381458723104,98.02333333333333
4,Train,76,0.06308009022031609,98.03666666666666
4,Train,77,0.062460318745651854,98.06166666666667
4,Train,78,0.06518134694673813,97.95666666666666
4,Train,79,0.06264013227807044,98.02
4,Train,80,0.06094747892741999,98.06666666666666
4,Train,81,0.06044697983376742,98.10666666666667
4,Train,82,0.062142604453287446,98.085
4,Train,83,0.05894910577816347,98.13833333333334
4,Train,84,0.06104075539109267,98.04666666666667
4,Train,85,0.059202833099834845,98.15
4,Train,86,0.05758145290003434,98.17833333333333
4,Train,87,0.05763422224283958,98.195
4,Train,88,0.05786301218132427,98.13
4,Train,89,0.05805172429261013,98.12333333333333
4,Train,90,0.05611485014153305,98.18333333333334
4,Train,91,0.05595285057974951,98.205
4,Train,92,0.05685994523143562,98.17166666666667
4,Train,93,0.056959606415187956,98.18333333333334
4,Train,94,0.05494878987427342,98.27
4,Train,95,0.05392898844030471,98.30833333333334
4,Train,96,0.054522154403507495,98.27333333333333
4,Train,97,0.05572386983664301,98.215
4,Train,98,0.053575062839949374,98.30333333333333
4,Train,99,0.0536374822750756,98.29666666666667
4,Train,100,0.053223707700577834,98.31833333333333
4,Train,101,0.052122635925207855,98.33833333333334
4,Train,102,0.05182604403971334,98.4
4,Train,103,0.053563248287720897,98.24333333333334
4,Train,104,0.049547229186367774,98.42666666666666
4,Train,105,0.05122840604680602,98.35833333333333
4,Train,106,0.04973186772672398,98.43666666666667
4,Train,107,0.0488540011113548,98.43333333333334
4,Train,108,0.04851241198381943,98.41
4,Train,109,0.04799079531535594,98.41333333333333
4,Train,110,0.04897382582285403,98.45333333333333
4,Train,111,0.04716333888299393,98.5
4,Train,112,0.04648135518954565,98.56333333333333
4,Train,113,0.0457139663841388,98.52
4,Train,114,0.044751205849559994,98.54833333333333
4,Train,115,0.045253297268548785,98.545
4,Train,116,0.04517457664336686,98.55333333333333
4,Train,117,0.04385982809992334,98.615
4,Train,118,0.043724158220417426,98.56666666666666
4,Train,119,0.04267174216101051,98.61166666666666
4,Train,120,0.04040224076160315,98.70833333333333
4,Train,121,0.040464873921708035,98.685
4,Train,122,0.04007313206766741,98.695
4,Train,123,0.03951025896535946,98.725
4,Train,124,0.04065886338239309,98.68833333333333
4,Train,125,0.038640067058476904,98.73
4,Train,126,0.04034012001885305,98.69666666666667
4,Train,127,0.0363008641215223,98.82666666666667
4,Train,128,0.036455473015766786,98.81666666666666
4,Train,129,0.03708392543154777,98.79333333333334
4,Train,130,0.03561008298402155,98.855
4,Train,131,0.03584802434300835,98.84833333333333
4,Train,132,0.035176951875493155,98.87
4,Train,133,0.03499384699066213,98.875
4,Train,134,0.03441351697303502,98.84
4,Train,135,0.03192295629784091,98.94166666666666
4,Train,136,0.032806240714239245,98.935
4,Train,137,0.03158086141889031,98.99333333333334
4,Train,138,0.030001185644720235,99.01166666666667
4,Train,139,0.03142885058290886,98.99
4,Train,140,0.02884131617341982,99.04166666666667
4,Train,141,0.02866787160565679,99.05833333333334
4,Train,142,0.027996644725920124,99.08333333333333
4,Train,143,0.027558294481445943,99.08
4,Train,144,0.027018706788560196,99.07166666666667
4,Train,145,0.02565501936066952,99.15333333333334
4,Train,146,0.024583370422562593,99.185
4,Train,147,0.025085625670772747,99.15333333333334
4,Train,148,0.024379679158532983,99.165
4,Train,149,0.023678999618207637,99.21
4,Train,150,0.023118348937270883,99.23
4,Train,151,0.021541273153837845,99.30166666666666
4,Train,152,0.022672207517820488,99.24666666666667
4,Train,153,0.020382965569671323,99.30666666666667
4,Train,154,0.019504090387718612,99.365
4,Train,155,0.01975256837059127,99.375
4,Train,156,0.01794631156261198,99.41333333333333
4,Train,157,0.017431971919559704,99.46
4,Train,158,0.016548643891907945,99.475
4,Train,159,0.01580086563363915,99.5
4,Train,160,0.015253495289599196,99.505
4,Train,161,0.015355670325649023,99.50666666666666
4,Train,162,0.014566890495070133,99.53
4,Train,163,0.013384613413279038,99.61833333333334
4,Train,164,0.012998781355459017,99.60833333333333
4,Train,165,0.012531052034905777,99.57666666666667
4,Train,166,0.011493335097765239,99.68333333333334
4,Train,167,0.011124026137251568,99.66833333333334
4,Train,168,0.01042821358475022,99.69
4,Train,169,0.010143167728408897,99.695
4,Train,170,0.009304510366292481,99.74833333333333
4,Train,171,0.00956280384544204,99.715
4,Train,172,0.008277099857113697,99.78833333333333
4,Train,173,0.007755652003738529,99.795
4,Train,174,0.007721817626821655,99.79
4,Train,175,0.006717684667079839,99.83333333333333
4,Train,176,0.0068683352926010915,99.85
4,Train,177,0.006121935136142326,99.86666666666666
4,Train,178,0.005730862295801667,99.89166666666667
4,Train,179,0.005473334426312245,99.89833333333333
4,Train,180,0.00523722123220199,99.90833333333333
4,Train,181,0.004897690959745342,99.91
4,Train,182,0.0047295725786648535,99.92166666666667
4,Train,183,0.004443655814990959,99.93666666666667
4,Train,184,0.004235251565801365,99.93833333333333
4,Train,185,0.004059029552859922,99.93833333333333
4,Train,186,0.003907820027546041,99.95166666666667
4,Train,187,0.0038073430187739684,99.95666666666666
4,Train,188,0.003586027573965362,99.95666666666666
4,Train,189,0.0035004848126606526,99.96333333333334
4,Train,190,0.0033441680433633756,99.96666666666667
4,Train,191,0.0032679087713075993,99.965
4,Train,192,0.0031906434615500486,99.97166666666666
4,Train,193,0.0031097463743384847,99.97
4,Train,194,0.0030583411230983466,99.97166666666666
4,Train,195,0.002984352065232821,99.97166666666666
4,Train,196,0.0029377133515969215,99.97333333333333
4,Train,197,0.002904850575474015,99.97333333333333
4,Train,198,0.0028683743875640784,99.97666666666667
4,Train,199,0.0028449035418178534,99.97333333333333
4,Train,200,0.0028317191666788494,99.975
4,Train_Test,-1,0.0659159342601675,98.43
4,ResumeTrain,201,0.002829426672504978,99.975
4,ResumeTrain,202,0.0028303225012916663,99.975
4,ResumeTrain,203,0.002844381725603595,99.975
4,ResumeTrain,204,0.0028668231547314084,99.97333333333333
4,ResumeTrain,205,0.002898577161232826,99.975
4,ResumeTrain,206,0.0029365965921332544,99.975
4,ResumeTrain,207,0.0029904186185296285,99.97333333333333
4,ResumeTrain,208,0.0030464362311117374,99.97333333333333
4,ResumeTrain,209,0.003070631369211123,99.97666666666667
4,ResumeTrain,210,0.003169737181592817,99.97166666666666
4,ResumeTrain_Test,-1,0.0663348228872012,98.44
4,GurobiComplete_Train,-1,-1,99.97500000000001
4,GurobiComplete_Val,-1,-1,98.35000000000001
4,Gurobi_Complete_Eval_Train,-1,2.3022990102955374,99.975
4,Gurobi_Complete_Eval_Val,-1,2.3023000689008417,98.35
4,GurobiEdit,1,2.3022990125942333,99.975
4,GurobiEdit,2,2.2848577342258007,86.895
4,GurobiEdit,3,2.1866662016041034,86.82
4,GurobiEdit,4,1.588693851574338,89.65333333333334
4,GurobiEdit,5,0.45769215416801873,93.71166666666667
4,GurobiEdit,6,0.2013928904014625,94.75
4,GurobiEdit,7,0.15205911131931885,95.74333333333334
4,GurobiEdit,8,0.12450031604945626,96.46
4,GurobiEdit,9,0.10496873633888866,97.00833333333334
4,GurobiEdit,10,0.09045907983317775,97.355
4,GurobiEdit,11,0.07865913598479624,97.69666666666667
4,GurobiEdit,12,0.06793404306309966,97.96333333333334
4,GurobiEdit,13,0.058901263828939156,98.215
4,GurobiEdit,14,0.05108945910399641,98.44833333333334
4,GurobiEdit,15,0.04442061964738029,98.65333333333334
4,GurobiEdit,16,0.03912748989379654,98.765
4,GurobiEdit,17,0.0343987023673363,98.935
4,GurobiEdit,18,0.03022788880385213,99.08
4,GurobiEdit,19,0.026585015686841348,99.145
4,GurobiEdit,20,0.02367919217885617,99.28833333333333
4,GurobiEdit,21,0.021364844461742933,99.32833333333333
4,GurobiEdit,22,0.01941141015864344,99.40166666666667
4,GurobiEdit,23,0.017899021210282345,99.44833333333334
4,GurobiEdit,24,0.016905516726044872,99.43
4,GurobiEdit,25,0.015039334624208825,99.52666666666667
4,GurobiEdit,26,0.015056084957395894,99.52
4,GurobiEdit,27,0.01493177854739604,99.49
4,GurobiEdit,28,0.015488520935177988,99.45166666666667
4,GurobiEdit,29,0.01636990246515005,99.46666666666667
4,GurobiEdit,30,0.016601850965445808,99.42166666666667
4,GurobiEdit,31,0.01660600196524211,99.425
4,GurobiEdit,32,0.01686569965696436,99.42166666666667
4,GurobiEdit,33,0.020647099474444607,99.32
4,GurobiEdit,34,0.016462076690812826,99.47333333333333
4,GurobiEdit,35,0.024811803731116817,99.23666666666666
4,GurobiEdit,36,0.02475278955316504,99.285
4,GurobiEdit,37,0.027304388818301353,99.19833333333334
4,GurobiEdit_Test,-1,0.11170475762315354,98.08
5,GurobiComplete_Train,-1,-1,97.99
5,GurobiComplete_Val,-1,-1,97.61
5,Gurobi_Complete_Eval_Train,-1,2.3005270072517088,97.99
5,Gurobi_Complete_Eval_Val,-1,2.3005274587744338,97.61
5,GurobiEdit,1,0.11488470408717993,96.84166666666667
5,GurobiEdit,2,0.10835013973764242,96.94166666666666
5,GurobiEdit,3,0.10062141538059667,97.01
5,GurobiEdit,4,0.09937869617197621,97.065
5,GurobiEdit,5,0.09358967983801107,97.18333333333334
5,GurobiEdit,6,0.09052025285522164,97.37166666666667
5,GurobiEdit,7,0.08453129369053665,97.41166666666666
5,GurobiEdit,8,0.0845073533580459,97.46666666666667
5,GurobiEdit,9,0.07956969740337391,97.535
5,GurobiEdit,10,0.08004726345890725,97.54833333333333
5,GurobiEdit,11,0.0801762362497656,97.53833333333333
5,GurobiEdit,12,0.07632844829741987,97.63666666666667
5,GurobiEdit,13,0.0741410312618623,97.67666666666666
5,GurobiEdit,14,0.07574816107277599,97.66
5,GurobiEdit,15,0.07495846082256874,97.68666666666667
5,GurobiEdit,16,0.074045429631297,97.68666666666667
5,GurobiEdit,17,0.07258906454416823,97.76333333333334
5,GurobiEdit,18,0.07546846912686826,97.645
5,GurobiEdit,19,0.07483222611873905,97.66333333333333
5,GurobiEdit,20,0.07254291587558723,97.7
5,GurobiEdit,21,0.07087581346794687,97.85833333333333
5,GurobiEdit,22,0.07362823546024362,97.725
5,GurobiEdit,23,0.07177407886399144,97.82166666666667
5,GurobiEdit,24,0.06979226443737659,97.84666666666666
5,GurobiEdit,25,0.07103551441187263,97.79166666666667
5,GurobiEdit,26,0.07192411917972494,97.755
5,GurobiEdit,27,0.0724832532034798,97.70333333333333
5,GurobiEdit,28,0.06905552397245052,97.78333333333333
5,GurobiEdit,29,0.06985577707150917,97.74833333333333
5,GurobiEdit,30,0.0673749942517773,97.93833333333333
5,GurobiEdit,31,0.06919971366909355,97.84666666666666
5,GurobiEdit,32,0.06914779268491855,97.83833333333334
5,GurobiEdit,33,0.06888393125396071,97.855
5,GurobiEdit,34,0.06731591008239485,97.94166666666666
5,GurobiEdit,35,0.06986712263393766,97.82166666666667
5,GurobiEdit,36,0.06626164880403955,97.88833333333334
5,GurobiEdit,37,0.06655543941737345,97.95166666666667
5,GurobiEdit,38,0.06628563279384543,97.90166666666667
5,GurobiEdit,39,0.06609262114406701,97.90666666666667
5,GurobiEdit,40,0.0678395628721241,97.895
5,GurobiEdit,41,0.06648489825490181,97.885
5,GurobiEdit,42,0.06510436713344439,97.98666666666666
5,GurobiEdit,43,0.06442348734111197,97.985
5,GurobiEdit,44,0.06421908318138315,98.02666666666667
5,GurobiEdit,45,0.06319529085287683,98.02333333333333
5,GurobiEdit,46,0.06290414288929452,98.04333333333334
5,GurobiEdit,47,0.06262813235182807,98.00166666666667
5,GurobiEdit,48,0.06237842713223013,98.09666666666666
5,GurobiEdit,49,0.06135885118418878,98.06833333333333
5,GurobiEdit,50,0.06221252219929159,98.06
5,GurobiEdit,51,0.060582469073498464,98.09166666666667
5,GurobiEdit,52,0.060187218700441206,98.09666666666666
5,GurobiEdit,53,0.0607500887698307,98.115
5,GurobiEdit,54,0.06017763893809377,98.11666666666666
5,GurobiEdit,55,0.05933516603638359,98.10166666666667
5,GurobiEdit,56,0.057337893503915764,98.17333333333333
5,GurobiEdit,57,0.05812400627573647,98.17166666666667
5,GurobiEdit,58,0.05786485653101671,98.15833333333333
5,GurobiEdit,59,0.05792596498402164,98.19666666666667
5,GurobiEdit,60,0.0585164487200565,98.14833333333333
5,GurobiEdit,61,0.05397768053851669,98.23
5,GurobiEdit,62,0.05637308105084235,98.205
5,GurobiEdit,63,0.0533271928915118,98.275
5,GurobiEdit,64,0.05639512276838373,98.235
5,GurobiEdit,65,0.053987143702327926,98.35166666666667
5,GurobiEdit,66,0.05284822971401591,98.38333333333334
5,GurobiEdit,67,0.05243953442185821,98.38166666666666
5,GurobiEdit,68,0.05379964941056183,98.26333333333334
5,GurobiEdit,69,0.05093276241128623,98.38666666666667
5,GurobiEdit,70,0.04921158522096146,98.43666666666667
5,GurobiEdit,71,0.049970446246736744,98.475
5,GurobiEdit,72,0.05071712463923156,98.34166666666667
5,GurobiEdit,73,0.04791007592700923,98.48833333333333
5,GurobiEdit,74,0.04940146833340839,98.43833333333333
5,GurobiEdit,75,0.04748603350528522,98.48666666666666
5,GurobiEdit,76,0.04713978242243704,98.495
5,GurobiEdit,77,0.04662726925494032,98.49166666666666
5,GurobiEdit,78,0.04638100574756298,98.53333333333333
5,GurobiEdit,79,0.04558106514430784,98.51833333333333
5,GurobiEdit,80,0.04562251063880819,98.52166666666666
5,GurobiEdit,81,0.04346126744169536,98.65
5,GurobiEdit,82,0.04407782299887522,98.56666666666666
5,GurobiEdit,83,0.04362374604290625,98.575
5,GurobiEdit,84,0.04174511024687138,98.64166666666667
5,GurobiEdit,85,0.04111543574286687,98.685
5,GurobiEdit,86,0.041038918339192924,98.63333333333334
5,GurobiEdit,87,0.040209513950522996,98.69333333333333
5,GurobiEdit,88,0.04008779430366377,98.71333333333334
5,GurobiEdit,89,0.03784452673712983,98.77
5,GurobiEdit,90,0.03781592671394245,98.76166666666667
5,GurobiEdit,91,0.03734768376606522,98.79166666666667
5,GurobiEdit,92,0.036479724950575165,98.795
5,GurobiEdit,93,0.03553236223497135,98.83666666666667
5,GurobiEdit,94,0.03553302732668438,98.85666666666667
5,GurobiEdit,95,0.0348238086869791,98.85333333333334
5,GurobiEdit,96,0.034779398347170684,98.87333333333333
5,GurobiEdit,97,0.033743139982803906,98.91166666666666
5,GurobiEdit,98,0.033375421600186035,98.86166666666666
5,GurobiEdit,99,0.031161081082524,98.97166666666666
5,GurobiEdit,100,0.03173984482771214,98.97
5,ResumeTrain_Test,-1,0.05446021673810495,98.31
