Dataset,Run,Training_Type,Method,CMC_Type,Misclassification_Count,Gurobi_Samples,Stage,Checkpoint,Train_Loss,Train_Acc,Val_Loss,Val_Acc,Test_Loss,Test_Acc
CIFAR10,1,AWP,CMC,Correct,10,1000,Model_init,./checkpoints_AWP/CIFAR10/Run1_full_checkpoint.pth,0.19079128456115724,95.075,0.28379761366844175,90.76,0.28622518212795256,90.79
CIFAR10,2,AWP,CMC,Correct,10,1000,Model_init,./checkpoints_AWP/CIFAR10/Run2_full_checkpoint.pth,0.2004124198913574,94.4575,0.3071590792655945,89.79,0.2952838471412659,90.39
CIFAR10,3,AWP,CMC,Correct,10,1000,Model_init,./checkpoints_AWP/CIFAR10/Run3_full_checkpoint.pth,0.19557505993843077,94.6925,0.27694338679313657,91.29,0.28892590618133546,90.8
office31,1,AWP,CMC,Correct,10,1000,Model_init,./checkpoints_AWP/office31/Run1_full_checkpoint.pth,0.06665652735790013,99.00166389351081,0.8646092091831896,77.33333333333333,0.8666930361708781,78.86323268206039
office31,2,AWP,CMC,Correct,10,1000,Model_init,./checkpoints_AWP/office31/Run2_full_checkpoint.pth,0.1897737035652828,97.06045479755963,0.9451805485619439,74.0,0.9216702605860695,76.02131438721136
office31,3,AWP,CMC,Correct,10,1000,Model_init,./checkpoints_AWP/office31/Run3_full_checkpoint.pth,0.014692634668488405,99.55629506378258,0.9437932311164008,75.77777777777777,0.8026241752224748,79.57371225577265
MNIST,1,AWP,CMC,Correct,10,1000,Model_init,./checkpoints_AWP/MNIST/Run1_full_checkpoint.pth,0.03287010465810696,99.39583333333333,0.1008397366007169,97.38333333333334,0.08500731347352267,97.83
MNIST,1,AWP,CMC,Correct,10,1000,Model_init_CMC,./checkpoints_AWP/MNIST_CO/Correct_10_N1000/Run1_full_checkpoint.pth,0.04090234588086605,99.04166666666667,0.11165876267353694,97.13333333333334,0.09360927225872874,97.54
MNIST,1,AWP,CMC,Correct,10,1000,Model_init_CMC_AGAIN_UNTIL_CONVERGENCE,./checkpoints_AWP/MNIST_CO/Correct_10_N1000/Run1_full_checkpoint_Resume.pth,0.024161408965786297,99.63541666666667,0.10152507416407268,97.45,0.08531137565299869,97.84
MNIST,4,AWP,CMC,Correct,10,1000,Model_init,./checkpoints_AWP/MNIST/Run4_full_checkpoint.pth,0.009939833931004007,99.7875,0.06499670907358328,98.425,0.05361702398867346,98.54
MNIST,4,AWP,CMC,Correct,10,1000,Model_init_CMC,./checkpoints_AWP/MNIST_CO/Correct_10_N1000/Run4_full_checkpoint.pth,0.029148039888590573,99.00416666666666,0.0884469859773914,97.6,0.07684906644001603,97.68
MNIST,4,AWP,CMC,Correct,10,1000,Model_init_CMC_AGAIN_UNTIL_CONVERGENCE,./checkpoints_AWP/MNIST_CO/Correct_10_N1000/Run4_full_checkpoint_Resume.pth,0.007897640759591013,99.84166666666667,0.06613844920446475,98.28333333333333,0.05686220221375115,98.54
MNIST,3,AWP,CMC,Correct,10,1000,Model_init,./checkpoints_AWP/MNIST/Run3_full_checkpoint.pth,0.0074421437609319884,99.84166666666667,0.03903200038770835,98.9,0.03371077474821359,98.95
MNIST,3,AWP,CMC,Correct,10,1000,Model_init_CMC,./checkpoints_AWP/MNIST_CO/Correct_10_N1000/Run3_full_checkpoint.pth,0.017893687957276902,99.425,0.05308005963265896,98.43333333333334,0.046882918228395284,98.47
MNIST,3,AWP,CMC,Correct,10,1000,Model_init_CMC_AGAIN_UNTIL_CONVERGENCE,./checkpoints_AWP/MNIST_CO/Correct_10_N1000/Run3_full_checkpoint_Resume.pth,0.005215393724075208,99.92083333333333,0.0429544234375159,98.75833333333334,0.033490525462664664,99.04
FashionMNIST,1,AWP,CMC,Correct,10,1000,Model_init,./checkpoints_AWP/FashionMNIST/Run1_full_checkpoint.pth,0.06312101040283839,98.40416666666667,0.16103126027186712,94.01666666666667,0.1745237071275711,93.81
FashionMNIST,2,AWP,CMC,Correct,10,1000,Model_init,./checkpoints_AWP/FashionMNIST/Run2_full_checkpoint.pth,0.056445075114568075,98.65833333333333,0.16245672537883124,94.075,0.17076196205615998,93.95
FashionMNIST,3,AWP,CMC,Correct,10,1000,Model_init,./checkpoints_AWP/FashionMNIST/Run3_full_checkpoint.pth,0.07561075987915199,97.87708333333333,0.1600973573923111,94.35,0.17472312009036542,93.78
CIFAR10,1,AWP,CMC,Any,10,1000,Model_init,./checkpoints_AWP/CIFAR10/Run1_full_checkpoint.pth,0.19054289262294768,94.9475,0.28032764153480527,90.8,0.28260244088172914,90.92
CIFAR10,1,AWP,CMC,Any,10,1000,Model_init_CMC,./checkpoints_AWP/CIFAR10_CO/Any_10_N1000/Run1_full_checkpoint.pth,0.25780847840309146,93.745,0.3507652068376541,89.62,0.35248436052799226,89.47
CIFAR10,1,AWP,CMC,Any,10,1000,Model_init_CMC_AGAIN_UNTIL_CONVERGENCE,./checkpoints_AWP/CIFAR10_CO/Any_10_N1000/Run1_full_checkpoint_Resume.pth,0.1831176684617996,95.0725,0.27849663372039796,91.1,0.2824774241089821,90.93
CIFAR10,2,AWP,CMC,Any,10,1000,Model_init,./checkpoints_AWP/CIFAR10/Run2_full_checkpoint.pth,0.20077326381206512,94.365,0.3068249433517456,90.09,0.296303581571579,90.62
CIFAR10,2,AWP,CMC,Any,10,1000,Model_init,./checkpoints_AWP/CIFAR10/Run2_full_checkpoint.pth,0.20219874408245087,94.3575,0.30551480436325074,89.74,0.29816706433296203,90.39
CIFAR10,2,AWP,CMC,Any,10,1000,Model_init_CMC,./checkpoints_AWP/CIFAR10_CO/Any_10_N1000/Run2_full_checkpoint.pth,0.26349549765586855,92.395,0.3707280535697937,87.81,0.35154525485038757,88.44
CIFAR10,2,AWP,CMC,Any,10,1000,Model_init_CMC_AGAIN_UNTIL_CONVERGENCE,./checkpoints_AWP/CIFAR10_CO/Any_10_N1000/Run2_full_checkpoint_Resume.pth,0.18796486649513244,95.2775,0.2979097007751465,90.63,0.28371283204555514,91.19
CIFAR10,3,AWP,CMC,Any,10,1000,Model_init,./checkpoints_AWP/CIFAR10/Run3_full_checkpoint.pth,0.19563157956600188,94.81,0.2725240980148315,91.53,0.2891761274814606,90.6
CIFAR10,3,AWP,CMC,Any,10,1000,Model_init_CMC,./checkpoints_AWP/CIFAR10_CO/Any_10_N1000/Run3_full_checkpoint.pth,0.23463213918209075,93.065,0.30991951022148134,89.62,0.3256842357635498,89.28
CIFAR10,3,AWP,CMC,Any,10,1000,Model_init_CMC_AGAIN_UNTIL_CONVERGENCE,./checkpoints_AWP/CIFAR10_CO/Any_10_N1000/Run3_full_checkpoint_Resume.pth,0.19224667274951934,95.06,0.2786733887195587,91.52,0.28915038113594055,90.8
CIFAR10,1,AWP,CMC,Correct,1,100,Model_init,./checkpoints_AWP/CIFAR10/Run1_full_checkpoint.pth,0.1923105107307434,94.905,0.27844509932994843,91.05,0.2909605001926422,90.55
CIFAR10,1,AWP,CMC,Correct,1,100,Model_init_50,./checkpoints_AWP/CIFAR10/Run1_full_checkpoint_50.pth,0.03489108921289444,99.4425,0.14932403970956803,94.82,0.15119851117134095,94.88
CIFAR10,1,AWP,CMC,Correct,1,100,Model_init_CMC,./checkpoints_AWP/CIFAR10_CO/Correct_1_N100/Run1_full_checkpoint.pth,0.19101682939529419,94.8825,0.2870364872932434,90.4,0.2857653311252594,90.92
CIFAR10,1,AWP,CMC,Correct,1,100,Model_init_CMC_AGAIN_UNTIL_CONVERGENCE,./checkpoints_AWP/CIFAR10_CO/Correct_1_N100/Run1_full_checkpoint_Resume.pth,0.1895972086429596,95.0625,0.2821600254297256,91.05,0.2827157917022705,90.88
CIFAR10,2,AWP,CMC,Correct,1,100,Model_init,./checkpoints_AWP/CIFAR10/Run2_full_checkpoint.pth,0.20036549842357634,94.3625,0.3071307162284851,89.92,0.29681858637332914,90.39
CIFAR10,2,AWP,CMC,Correct,1,100,Model_init_50,./checkpoints_AWP/CIFAR10/Run2_full_checkpoint_50.pth,0.03799123123288155,99.3725,0.16578907070159912,94.49,0.15665459549427033,94.82
CIFAR10,2,AWP,CMC,Correct,1,100,Model_init_CMC,./checkpoints_AWP/CIFAR10_CO/Correct_1_N100/Run2_full_checkpoint.pth,0.1991152815103531,94.5625,0.30819834899902343,89.78,0.2957224534392357,90.75
CIFAR10,2,AWP,CMC,Correct,1,100,Model_init_CMC_AGAIN_UNTIL_CONVERGENCE,./checkpoints_AWP/CIFAR10_CO/Correct_1_N100/Run2_full_checkpoint_Resume.pth,0.18307308793067933,95.305,0.2911467158317566,90.49,0.2824584136009216,90.93
CIFAR10,3,AWP,CMC,Correct,1,100,Model_init,./checkpoints_AWP/CIFAR10/Run3_full_checkpoint.pth,0.1955883912563324,94.64,0.2753602556705475,91.59,0.28749192690849307,90.87
CIFAR10,3,AWP,CMC,Correct,1,100,Model_init_50,./checkpoints_AWP/CIFAR10/Run3_full_checkpoint_50.pth,0.03822087268829346,99.4025,0.150328268802166,95.15,0.1512305589199066,94.86
CIFAR10,3,AWP,CMC,Correct,1,100,Model_init_CMC,./checkpoints_AWP/CIFAR10_CO/Correct_1_N100/Run3_full_checkpoint.pth,0.19664716062545776,94.675,0.2739629150390625,91.6,0.2885450989484787,90.88
CIFAR10,3,AWP,CMC,Correct,1,100,Model_init_CMC_AGAIN_UNTIL_CONVERGENCE,./checkpoints_AWP/CIFAR10_CO/Correct_1_N100/Run3_full_checkpoint_Resume.pth,0.1859163314461708,94.5775,0.2774522932052612,90.96,0.28033982586860656,90.82
CIFAR10,1,AWP,CMC,Any,1,100,Model_init,./checkpoints_AWP/CIFAR10/Run1_full_checkpoint.pth,0.19229365632534026,94.8225,0.28258986873626707,90.55,0.28662330203056335,90.86
CIFAR10,1,AWP,CMC,Any,1,100,Model_init_50,./checkpoints_AWP/CIFAR10/Run1_full_checkpoint_50.pth,0.03473038518726826,99.4225,0.1497331793501973,94.84,0.14887453571558,95.05
CIFAR10,1,AWP,CMC,Any,1,100,Model_init_CMC,./checkpoints_AWP/CIFAR10_CO/Any_1_N100/Run1_full_checkpoint.pth,0.1916974126458168,94.8575,0.2784705108165741,91.08,0.284777996635437,90.62
CIFAR10,1,AWP,CMC,Any,1,100,Model_init_CMC_AGAIN_UNTIL_CONVERGENCE,./checkpoints_AWP/CIFAR10_CO/Any_1_N100/Run1_full_checkpoint_Resume.pth,0.1763540360569954,95.2825,0.2737263609647751,91.29,0.2755307503461838,91.11
CIFAR10,2,AWP,CMC,Any,1,100,Model_init,./checkpoints_AWP/CIFAR10/Run2_full_checkpoint.pth,0.20159131050109863,94.35,0.30559396362304686,89.96,0.2957927740454674,90.63
CIFAR10,2,AWP,CMC,Any,1,100,Model_init_50,./checkpoints_AWP/CIFAR10/Run2_full_checkpoint_50.pth,0.037838656556606294,99.3475,0.16612305960655213,94.42,0.15659594943523408,94.7
CIFAR10,2,AWP,CMC,Any,1,100,Model_init_CMC,./checkpoints_AWP/CIFAR10_CO/Any_1_N100/Run2_full_checkpoint.pth,0.2007336315870285,94.345,0.30775321130752564,89.99,0.2954215671777725,90.51
CIFAR10,2,AWP,CMC,Any,1,100,Model_init_CMC_AGAIN_UNTIL_CONVERGENCE,./checkpoints_AWP/CIFAR10_CO/Any_1_N100/Run2_full_checkpoint_Resume.pth,0.20274735217094422,94.645,0.30481988096237184,90.09,0.29503659002780913,90.56
CIFAR10,3,AWP,CMC,Any,1,100,Model_init,./checkpoints_AWP/CIFAR10/Run3_full_checkpoint.pth,0.19722442326545717,94.6425,0.27508326153755186,91.46,0.2843032504558563,91.15
CIFAR10,3,AWP,CMC,Any,1,100,Model_init_50,./checkpoints_AWP/CIFAR10/Run3_full_checkpoint_50.pth,0.03779837181568146,99.3825,0.1455671392917633,95.39,0.14967875030040742,95.11
CIFAR10,3,AWP,CMC,Any,1,100,Model_init_CMC,./checkpoints_AWP/CIFAR10_CO/Any_1_N100/Run3_full_checkpoint.pth,0.19545039279460907,94.69,0.27432832746505736,91.31,0.2860257839679718,90.96
CIFAR10,3,AWP,CMC,Any,1,100,Model_init_CMC_AGAIN_UNTIL_CONVERGENCE,./checkpoints_AWP/CIFAR10_CO/Any_1_N100/Run3_full_checkpoint_Resume.pth,0.18852436695098876,94.9825,0.27214265384674075,91.39,0.28145675549507143,90.99
CIFAR10,1,AWP,CMC,Correct,1,250,Model_init,./checkpoints_AWP/CIFAR10/Run1_full_checkpoint.pth,0.19106778626441956,94.9825,0.2811064107656479,90.88,0.2834519811153412,90.79
CIFAR10,1,AWP,CMC,Correct,1,250,Model_init_50,./checkpoints_AWP/CIFAR10/Run1_full_checkpoint_50.pth,0.034742224770784376,99.4425,0.15223841093331575,94.65,0.15163822796344756,95.0
CIFAR10,1,AWP,CMC,Correct,1,250,Model_init_CMC,./checkpoints_AWP/CIFAR10_CO/Correct_1_N250/Run1_full_checkpoint.pth,0.1914338083267212,94.9575,0.28136411185264587,90.8,0.2872785793304443,90.66
CIFAR10,1,AWP,CMC,Correct,1,250,Model_init_CMC_AGAIN_UNTIL_CONVERGENCE,./checkpoints_AWP/CIFAR10_CO/Correct_1_N250/Run1_full_checkpoint_Resume.pth,0.02877500459253788,99.5625,0.14954400525093078,94.79,0.1484115585207939,95.04
CIFAR10,2,AWP,CMC,Correct,1,250,Model_init,./checkpoints_AWP/CIFAR10/Run2_full_checkpoint.pth,0.20043776745796205,94.37,0.30956860675811765,89.86,0.2960304556250572,90.87
CIFAR10,2,AWP,CMC,Correct,1,250,Model_init_50,./checkpoints_AWP/CIFAR10/Run2_full_checkpoint_50.pth,0.03821207052767277,99.3525,0.16504395008087158,94.55,0.1573105173110962,94.82
CIFAR10,2,AWP,CMC,Correct,1,250,Model_init_CMC,./checkpoints_AWP/CIFAR10_CO/Correct_1_N250/Run2_full_checkpoint.pth,0.19890370762348175,94.49,0.30466673917770387,90.1,0.28934486343860627,90.83
CIFAR10,2,AWP,CMC,Correct,1,250,Model_init_CMC_AGAIN_UNTIL_CONVERGENCE,./checkpoints_AWP/CIFAR10_CO/Correct_1_N250/Run2_full_checkpoint_Resume.pth,0.18198506729602815,95.125,0.28866231770515444,90.59,0.27328833661079405,91.27
CIFAR10,3,AWP,CMC,Correct,1,250,Model_init,./checkpoints_AWP/CIFAR10/Run3_full_checkpoint.pth,0.1968775217294693,94.6475,0.2774884438514709,91.14,0.29048779969215394,90.69
CIFAR10,3,AWP,CMC,Correct,1,250,Model_init_50,./checkpoints_AWP/CIFAR10/Run3_full_checkpoint_50.pth,0.0380994584441185,99.4,0.14538144493103028,95.55,0.14980451383590698,94.9
CIFAR10,3,AWP,CMC,Correct,1,250,Model_init_CMC,./checkpoints_AWP/CIFAR10_CO/Correct_1_N250/Run3_full_checkpoint.pth,0.20033316378593444,94.4675,0.27747655758857726,91.58,0.29302426760196687,90.69
CIFAR10,3,AWP,CMC,Correct,1,250,Model_init,./checkpoints_AWP/CIFAR10/Run3_full_checkpoint.pth,0.1963966113090515,94.7475,0.27832295122146605,91.25,0.2882964904308319,90.84
CIFAR10,3,AWP,CMC,Correct,1,250,Model_init_50,./checkpoints_AWP/CIFAR10/Run3_full_checkpoint_50.pth,0.0377714373767376,99.415,0.14603152307271958,95.24,0.15068429245948792,94.94
CIFAR10,3,AWP,CMC,Correct,1,250,Model_init_CMC,./checkpoints_AWP/CIFAR10_CO/Correct_1_N250/Run3_full_checkpoint.pth,0.1996364837408066,94.55,0.27588378314971923,91.43,0.29623199543952944,90.22
CIFAR10,3,AWP,CMC,Correct,1,250,Model_init_CMC_AGAIN_UNTIL_CONVERGENCE,./checkpoints_AWP/CIFAR10_CO/Correct_1_N250/Run3_full_checkpoint_Resume.pth,0.02702676447033882,99.6575,0.1477520538210869,95.19,0.1517606614112854,94.69
CIFAR10,1,AWP,CMC,Any,1,250,Model_init,./checkpoints_AWP/CIFAR10/Run1_full_checkpoint.pth,0.19016709036827087,94.9775,0.27892360215187073,90.62,0.285701536655426,90.77
CIFAR10,1,AWP,CMC,Any,1,250,Model_init_50,./checkpoints_AWP/CIFAR10/Run1_full_checkpoint_50.pth,0.03489847015887499,99.445,0.15023570768088101,94.9,0.1500099125981331,94.84
CIFAR10,1,AWP,CMC,Any,1,250,Model_init_CMC,./checkpoints_AWP/CIFAR10_CO/Any_1_N250/Run1_full_checkpoint.pth,0.19184295717477798,94.8975,0.27702780733108523,91.02,0.2875696106433868,90.64
CIFAR10,1,AWP,CMC,Any,1,250,Model_init_CMC_AGAIN_UNTIL_CONVERGENCE,./checkpoints_AWP/CIFAR10_CO/Any_1_N250/Run1_full_checkpoint_Resume.pth,0.17736421852111817,95.1725,0.27776955486536026,90.89,0.2767550444126129,90.94
CIFAR10,2,AWP,CMC,Any,1,250,Model_init,./checkpoints_AWP/CIFAR10/Run2_full_checkpoint.pth,0.20025584384202957,94.505,0.3023394994735718,89.94,0.29833364709615706,90.26
CIFAR10,2,AWP,CMC,Any,1,250,Model_init_50,./checkpoints_AWP/CIFAR10/Run2_full_checkpoint_50.pth,0.03837297155559063,99.3775,0.1677863667011261,94.57,0.15504331259727477,94.7
CIFAR10,2,AWP,CMC,Any,1,250,Model_init_CMC,./checkpoints_AWP/CIFAR10_CO/Any_1_N250/Run2_full_checkpoint.pth,0.20318204720020294,94.3175,0.3086331027984619,89.92,0.29590298281908034,90.49
CIFAR10,2,AWP,CMC,Any,1,250,Model_init_CMC_AGAIN_UNTIL_CONVERGENCE,./checkpoints_AWP/CIFAR10_CO/Any_1_N250/Run2_full_checkpoint_Resume.pth,0.1815221881389618,94.97,0.29040653743743894,90.55,0.27497060317993166,90.9
CIFAR10,3,AWP,CMC,Any,1,250,Model_init,./checkpoints_AWP/CIFAR10/Run3_full_checkpoint.pth,0.19709986100196838,94.6725,0.2760974092483521,91.36,0.2903154903888702,90.63
CIFAR10,3,AWP,CMC,Any,1,250,Model_init_50,./checkpoints_AWP/CIFAR10/Run3_full_checkpoint_50.pth,0.03848875428140163,99.3925,0.1465933217048645,95.15,0.14989297504425048,94.92
CIFAR10,3,AWP,CMC,Any,1,250,Model_init_CMC,./checkpoints_AWP/CIFAR10_CO/Any_1_N250/Run3_full_checkpoint.pth,0.19700493924617768,94.6725,0.27606393976211546,91.22,0.2912250874042511,90.67
CIFAR10,3,AWP,CMC,Any,1,250,Model_init_CMC_AGAIN_UNTIL_CONVERGENCE,./checkpoints_AWP/CIFAR10_CO/Any_1_N250/Run3_full_checkpoint_Resume.pth,0.1966622617959976,94.52,0.28166594994068145,91.06,0.29475921170711517,90.57
CIFAR10,1,AWP,CMC,Correct,1,500,Model_init,./checkpoints_AWP/CIFAR10/Run1_full_checkpoint.pth,0.19070192258358,94.8925,0.2801314475536346,90.66,0.2892228147983551,90.6
CIFAR10,1,AWP,CMC,Correct,1,500,Model_init_50,./checkpoints_AWP/CIFAR10/Run1_full_checkpoint_50.pth,0.034683259552717206,99.48,0.14877959848940372,94.85,0.14882336931228637,95.12
CIFAR10,1,AWP,CMC,Correct,1,500,Model_init_CMC,./checkpoints_AWP/CIFAR10_CO/Correct_1_N500/Run1_full_checkpoint.pth,0.1905124193906784,94.95,0.27555662270784376,91.18,0.2859943236351013,90.78
CIFAR10,1,AWP,CMC,Correct,1,500,Model_init_CMC_AGAIN_UNTIL_CONVERGENCE,./checkpoints_AWP/CIFAR10_CO/Correct_1_N500/Run1_full_checkpoint_Resume.pth,0.02256617724597454,99.765,0.14546911926865577,94.88,0.14870723958015442,95.14
CIFAR10,2,AWP,CMC,Correct,1,500,Model_init,./checkpoints_AWP/CIFAR10/Run2_full_checkpoint.pth,0.20149906706809997,94.385,0.30472059326171874,89.66,0.291863292324543,90.83
CIFAR10,2,AWP,CMC,Correct,1,500,Model_init_50,./checkpoints_AWP/CIFAR10/Run2_full_checkpoint_50.pth,0.03758394076526165,99.3325,0.1658008505821228,94.52,0.15426408295631408,94.89
CIFAR10,2,AWP,CMC,Correct,1,500,Model_init_CMC,./checkpoints_AWP/CIFAR10_CO/Correct_1_N500/Run2_full_checkpoint.pth,0.19994605956077577,94.44,0.3078040577888489,89.71,0.2958388040423393,90.62
CIFAR10,2,AWP,CMC,Correct,1,500,Model_init_CMC_AGAIN_UNTIL_CONVERGENCE,./checkpoints_AWP/CIFAR10_CO/Correct_1_N500/Run2_full_checkpoint_Resume.pth,0.17557045559883117,94.9525,0.2850437955856323,90.52,0.2758050337553024,91.02
CIFAR10,3,AWP,CMC,Correct,1,500,Model_init,./checkpoints_AWP/CIFAR10/Run3_full_checkpoint.pth,0.19686409928798676,94.6825,0.27440306034088136,91.21,0.2895890009880066,90.63
CIFAR10,3,AWP,CMC,Correct,1,500,Model_init_50,./checkpoints_AWP/CIFAR10/Run3_full_checkpoint_50.pth,0.03805891521573067,99.385,0.14644137282371522,95.38,0.15273076429367066,94.92
CIFAR10,3,AWP,CMC,Correct,1,500,Model_init_CMC,./checkpoints_AWP/CIFAR10_CO/Correct_1_N500/Run3_full_checkpoint.pth,0.1981424779176712,94.605,0.2725601870059967,91.51,0.2926718817234039,90.68
CIFAR10,3,AWP,CMC,Correct,1,500,Model_init_CMC_AGAIN_UNTIL_CONVERGENCE,./checkpoints_AWP/CIFAR10_CO/Correct_1_N500/Run3_full_checkpoint_Resume.pth,0.18297126386165619,95.025,0.269563351726532,91.45,0.2769542944908142,91.04
CIFAR10,1,AWP,CMC,Any,1,500,Model_init,./checkpoints_AWP/CIFAR10/Run1_full_checkpoint.pth,0.19190263485908507,94.85,0.28561187224388124,90.73,0.28713034362792966,90.72
CIFAR10,1,AWP,CMC,Any,1,500,Model_init_50,./checkpoints_AWP/CIFAR10/Run1_full_checkpoint_50.pth,0.0349663438051939,99.435,0.14692174858748913,95.0,0.1519076862692833,94.84
CIFAR10,1,AWP,CMC,Any,1,500,Model_init_CMC,./checkpoints_AWP/CIFAR10_CO/Any_1_N500/Run1_full_checkpoint.pth,0.1900485563993454,94.925,0.2810167789101601,90.75,0.2833685439348221,90.81
CIFAR10,1,AWP,CMC,Any,1,500,Model_init_CMC_AGAIN_UNTIL_CONVERGENCE,./checkpoints_AWP/CIFAR10_CO/Any_1_N500/Run1_full_checkpoint_Resume.pth,0.184564555478096,95.545,0.27828640294075013,91.46,0.277671137714386,91.68
CIFAR10,2,AWP,CMC,Any,1,500,Model_init,./checkpoints_AWP/CIFAR10/Run2_full_checkpoint.pth,0.19970732123851775,94.53,0.3041290514945984,90.24,0.2909231919288635,90.68
CIFAR10,2,AWP,CMC,Any,1,500,Model_init_50,./checkpoints_AWP/CIFAR10/Run2_full_checkpoint_50.pth,0.03776263992190361,99.36,0.16725355105400086,94.46,0.15761583037376403,94.6
CIFAR10,2,AWP,CMC,Any,1,500,Model_init_CMC,./checkpoints_AWP/CIFAR10_CO/Any_1_N500/Run2_full_checkpoint.pth,0.20568019933700563,94.2375,0.31410603866577147,89.52,0.3009215905070305,90.42
CIFAR10,2,AWP,CMC,Any,1,500,Model_init_CMC_AGAIN_UNTIL_CONVERGENCE,./checkpoints_AWP/CIFAR10_CO/Any_1_N500/Run2_full_checkpoint_Resume.pth,0.17457345151901246,95.1425,0.2826409170150757,90.58,0.2738407247543335,90.94
CIFAR10,3,AWP,CMC,Any,1,500,Model_init,./checkpoints_AWP/CIFAR10/Run3_full_checkpoint.pth,0.19698731398582459,94.7225,0.2731821602344513,91.48,0.29228247213363645,90.58
CIFAR10,3,AWP,CMC,Any,1,500,Model_init_50,./checkpoints_AWP/CIFAR10/Run3_full_checkpoint_50.pth,0.038330791017413136,99.3575,0.14552091019153596,95.45,0.14846711328029633,95.16
CIFAR10,3,AWP,CMC,Any,1,500,Model_init_CMC,./checkpoints_AWP/CIFAR10_CO/Any_1_N500/Run3_full_checkpoint.pth,0.1948423786878586,94.7025,0.2746808610439301,91.55,0.29035126073360445,90.43
CIFAR10,3,AWP,CMC,Any,1,500,Model_init,./checkpoints_AWP/CIFAR10/Run3_full_checkpoint.pth,0.19708024320602416,94.5975,0.2746295466423035,91.43,0.28566463694572447,90.85
CIFAR10,3,AWP,CMC,Any,1,500,Model_init_50,./checkpoints_AWP/CIFAR10/Run3_full_checkpoint_50.pth,0.03773652576208115,99.4,0.14725361995697023,95.19,0.15051676810979844,95.07
CIFAR10,3,AWP,CMC,Any,1,500,Model_init_CMC,./checkpoints_AWP/CIFAR10_CO/Any_1_N500/Run3_full_checkpoint.pth,0.19612815440893172,94.5825,0.2769958478927612,91.28,0.2858715287923813,90.9
CIFAR10,3,AWP,CMC,Any,1,500,Model_init_CMC_AGAIN_UNTIL_CONVERGENCE,./checkpoints_AWP/CIFAR10_CO/Any_1_N500/Run3_full_checkpoint_Resume.pth,0.1840266335964203,95.0975,0.2671783381462097,91.75,0.2770290850162506,91.03
CIFAR10,1,AWP,CMC,Correct,1,750,Model_init,./checkpoints_AWP/CIFAR10/Run1_full_checkpoint.pth,0.19137944712638855,94.86,0.2808713817834854,91.22,0.28611710097789766,90.65
CIFAR10,1,AWP,CMC,Correct,1,750,Model_init_50,./checkpoints_AWP/CIFAR10/Run1_full_checkpoint_50.pth,0.03438613942265511,99.4825,0.15095362304002047,94.86,0.1497127035856247,94.81
CIFAR10,1,AWP,CMC,Correct,1,750,Model_init_CMC,./checkpoints_AWP/CIFAR10_CO/Correct_1_N750/Run1_full_checkpoint.pth,0.19093897778987884,94.9625,0.2783157331943512,90.67,0.2839094556808472,90.67
CIFAR10,1,AWP,CMC,Correct,1,750,Model_init_CMC_AGAIN_UNTIL_CONVERGENCE,./checkpoints_AWP/CIFAR10_CO/Correct_1_N750/Run1_full_checkpoint_Resume.pth,0.021482213987410067,99.8,0.15568123112916946,94.78,0.15030205128192903,94.71
CIFAR10,2,AWP,CMC,Correct,1,750,Model_init,./checkpoints_AWP/CIFAR10/Run2_full_checkpoint.pth,0.19952823907136918,94.355,0.30727261657714844,89.95,0.29237793209552765,90.63
CIFAR10,2,AWP,CMC,Correct,1,750,Model_init_50,./checkpoints_AWP/CIFAR10/Run2_full_checkpoint_50.pth,0.038125572061538694,99.36,0.16627510871887208,94.5,0.1567151975631714,94.66
CIFAR10,2,AWP,CMC,Correct,1,750,Model_init_CMC,./checkpoints_AWP/CIFAR10_CO/Correct_1_N750/Run2_full_checkpoint.pth,0.2043528002977371,94.1825,0.30931713809967043,89.87,0.2971671229600906,90.43
CIFAR10,2,AWP,CMC,Correct,1,750,Model_init_CMC_AGAIN_UNTIL_CONVERGENCE,./checkpoints_AWP/CIFAR10_CO/Correct_1_N750/Run2_full_checkpoint_Resume.pth,0.1966002025127411,94.4375,0.301881866645813,89.86,0.29224174275398257,90.32
CIFAR10,3,AWP,CMC,Correct,1,750,Model_init,./checkpoints_AWP/CIFAR10/Run3_full_checkpoint.pth,0.19454708421230316,94.61,0.2738680662155151,91.52,0.29212464628219603,90.48
CIFAR10,3,AWP,CMC,Correct,1,750,Model_init_50,./checkpoints_AWP/CIFAR10/Run3_full_checkpoint_50.pth,0.038116189607977864,99.37,0.14783368493318558,95.14,0.15230912712812425,94.85
CIFAR10,3,AWP,CMC,Correct,1,750,Model_init_CMC,./checkpoints_AWP/CIFAR10_CO/Correct_1_N750/Run3_full_checkpoint.pth,0.19846749079227446,94.6825,0.27795806698799136,91.14,0.290287672328949,90.66
CIFAR10,3,AWP,CMC,Correct,1,750,Model_init_CMC_AGAIN_UNTIL_CONVERGENCE,./checkpoints_AWP/CIFAR10_CO/Correct_1_N750/Run3_full_checkpoint_Resume.pth,0.18026670331954955,95.2425,0.2698925639152527,91.28,0.27525299611091614,90.96
CIFAR10,1,AWP,CMC,Any,1,750,Model_init,./checkpoints_AWP/CIFAR10/Run1_full_checkpoint.pth,0.19098513033390044,94.88,0.2820724053621292,90.75,0.2867787323713303,90.89
CIFAR10,1,AWP,CMC,Any,1,750,Model_init_50,./checkpoints_AWP/CIFAR10/Run1_full_checkpoint_50.pth,0.03508898774385452,99.4275,0.14752806174904107,94.93,0.14921970052719116,95.07
CIFAR10,1,AWP,CMC,Any,1,750,Model_init_CMC,./checkpoints_AWP/CIFAR10_CO/Any_1_N750/Run1_full_checkpoint.pth,0.21352643287181855,94.105,0.3020866814136505,90.3,0.3198261172771454,89.59
CIFAR10,1,AWP,CMC,Any,1,750,Model_init_CMC_AGAIN_UNTIL_CONVERGENCE,./checkpoints_AWP/CIFAR10_CO/Any_1_N750/Run1_full_checkpoint_Resume.pth,0.17134015440940856,95.48,0.26703804674148557,91.31,0.2643129554390907,91.72
CIFAR10,2,AWP,CMC,Any,1,750,Model_init,./checkpoints_AWP/CIFAR10/Run2_full_checkpoint.pth,0.20014071445465087,94.475,0.30570634088516235,90.04,0.2901288477897644,90.84
CIFAR10,2,AWP,CMC,Any,1,750,Model_init_50,./checkpoints_AWP/CIFAR10/Run2_full_checkpoint_50.pth,0.037578471609950065,99.39,0.16266993231773377,94.47,0.1540416416168213,94.96
CIFAR10,2,AWP,CMC,Any,1,750,Model_init_CMC,./checkpoints_AWP/CIFAR10_CO/Any_1_N750/Run2_full_checkpoint.pth,0.20299500613212584,94.2075,0.311837813949585,89.69,0.29549530494213105,90.58
CIFAR10,2,AWP,CMC,Any,1,750,Model_init_CMC_AGAIN_UNTIL_CONVERGENCE,./checkpoints_AWP/CIFAR10_CO/Any_1_N750/Run2_full_checkpoint_Resume.pth,0.17771007661819457,95.2875,0.2883439775466919,90.4,0.2824647480010986,90.67
CIFAR10,3,AWP,CMC,Any,1,750,Model_init,./checkpoints_AWP/CIFAR10/Run3_full_checkpoint.pth,0.1972593949317932,94.6825,0.2736443142414093,91.13,0.2902419302940369,90.79
CIFAR10,3,AWP,CMC,Any,1,750,Model_init_50,./checkpoints_AWP/CIFAR10/Run3_full_checkpoint_50.pth,0.038326283723115924,99.39,0.14583622406721114,95.28,0.14937980823516847,94.9
CIFAR10,1,AWP,CMC,Correct,1,1000,Model_init,./checkpoints_AWP/CIFAR10/Run1_full_checkpoint.pth,0.19156135880947114,94.9975,0.27553961715698244,90.83,0.284371818113327,90.93
CIFAR10,1,AWP,CMC,Correct,1,1000,Model_init_50,./checkpoints_AWP/CIFAR10/Run1_full_checkpoint_50.pth,0.03467969394624233,99.465,0.14791461676210166,95.08,0.1495772667169571,94.88
CIFAR10,2,AWP,CMC,Correct,1,1000,Model_init,./checkpoints_AWP/CIFAR10/Run2_full_checkpoint.pth,0.2014568662405014,94.305,0.30722020626068114,90.07,0.2920406082034111,90.55
CIFAR10,2,AWP,CMC,Correct,1,1000,Model_init_50,./checkpoints_AWP/CIFAR10/Run2_full_checkpoint_50.pth,0.03824054425954819,99.3625,0.16556533184051514,94.65,0.15555308265686035,94.72
CIFAR10,3,AWP,CMC,Correct,1,1000,Model_init,./checkpoints_AWP/CIFAR10/Run3_full_checkpoint.pth,0.19563340191841125,94.6225,0.2745877521514893,91.39,0.28696942710876466,90.89
CIFAR10,3,AWP,CMC,Correct,1,1000,Model_init_50,./checkpoints_AWP/CIFAR10/Run3_full_checkpoint_50.pth,0.03800698176324367,99.3925,0.1460105224132538,95.38,0.15068810713291167,94.94
CIFAR10,1,AWP,CMC,Any,1,1000,Model_init,./checkpoints_AWP/CIFAR10/Run1_full_checkpoint.pth,0.191312779211998,94.8875,0.2798023054480553,90.75,0.2811937495470047,90.99
CIFAR10,1,AWP,CMC,Any,1,1000,Model_init_50,./checkpoints_AWP/CIFAR10/Run1_full_checkpoint_50.pth,0.03481890087723732,99.45,0.14653113585412503,95.06,0.15061472380161287,94.95
CIFAR10,2,AWP,CMC,Any,1,1000,Model_init,./checkpoints_AWP/CIFAR10/Run2_full_checkpoint.pth,0.19940764067173003,94.4275,0.3061588550567627,89.98,0.2953366317987442,90.72
CIFAR10,2,AWP,CMC,Any,1,1000,Model_init_50,./checkpoints_AWP/CIFAR10/Run2_full_checkpoint_50.pth,0.03789822163283825,99.3775,0.16727781167030334,94.35,0.15685320029258729,94.74
CIFAR10,3,AWP,CMC,Any,1,1000,Model_init,./checkpoints_AWP/CIFAR10/Run3_full_checkpoint.pth,0.19615360939502716,94.6325,0.2740144170284271,91.37,0.2862035844564438,90.93
CIFAR10,3,AWP,CMC,Any,1,1000,Model_init_50,./checkpoints_AWP/CIFAR10/Run3_full_checkpoint_50.pth,0.03794891131818295,99.385,0.14689793260097503,95.1,0.14961068135499955,94.9
CIFAR10,3,AWP,CMC,Any,1,1000,Model_init_CMC,./checkpoints_AWP/CIFAR10_CO/Any_1_N1000/Run3_full_checkpoint.pth,0.1950419946908951,94.785,0.27417025508880616,91.35,0.2865426074504852,90.79
CIFAR10,3,AWP,CMC,Any,1,1000,Model_init_CMC_AGAIN_UNTIL_CONVERGENCE,./checkpoints_AWP/CIFAR10_CO/Any_1_N1000/Run3_full_checkpoint_Resume.pth,0.180535645031929,95.1075,0.2771515477657318,91.22,0.2732243886709213,91.47
CIFAR10,3,AWP,CMC,Any,1,750,Model_init,./checkpoints_AWP/CIFAR10/Run3_full_checkpoint.pth,0.19586116335391998,94.6825,0.27490406761169434,91.48,0.28846970007419587,90.71
CIFAR10,3,AWP,CMC,Any,1,750,Model_init_50,./checkpoints_AWP/CIFAR10/Run3_full_checkpoint_50.pth,0.037920478382706645,99.4175,0.1463509794473648,95.17,0.15178345502614976,95.03
CIFAR10,3,AWP,CMC,Any,1,750,Model_init_CMC,./checkpoints_AWP/CIFAR10_CO/Any_1_N750/Run3_full_checkpoint.pth,0.20372696805000307,94.2375,0.28580491461753843,91.04,0.2968740978002548,90.27
CIFAR10,3,AWP,CMC,Any,1,750,Model_init_CMC_AGAIN_UNTIL_CONVERGENCE,./checkpoints_AWP/CIFAR10_CO/Any_1_N750/Run3_full_checkpoint_Resume.pth,0.19755766649246215,94.4875,0.282949964094162,91.01,0.2907540168762207,90.78
CIFAR10,1,AWP,CMC,Correct,1,1000,Model_init,./checkpoints_AWP/CIFAR10/Run1_full_checkpoint.pth,0.19195239543914794,94.8175,0.28232579696178434,90.81,0.2866651383161545,90.66
CIFAR10,1,AWP,CMC,Correct,1,1000,Model_init_50,./checkpoints_AWP/CIFAR10/Run1_full_checkpoint_50.pth,0.035083694618940356,99.42,0.1488029952555895,94.94,0.1499608557701111,94.89
CIFAR10,1,AWP,CMC,Correct,1,1000,Model_init_CMC,./checkpoints_AWP/CIFAR10_CO/Correct_1_N1000/Run1_full_checkpoint.pth,0.20989409613609314,94.43,0.3010884991884232,90.74,0.30167729098796847,90.63
CIFAR10,1,AWP,CMC,Correct,1,1000,Model_init_CMC_AGAIN_UNTIL_CONVERGENCE,./checkpoints_AWP/CIFAR10_CO/Correct_1_N1000/Run1_full_checkpoint_Resume.pth,0.18451370527744293,94.76,0.28498482484817506,90.45,0.27900813326835633,91.11
CIFAR10,2,AWP,CMC,Correct,1,1000,Model_init,./checkpoints_AWP/CIFAR10/Run2_full_checkpoint.pth,0.19939902696609496,94.47,0.3067413724899292,89.9,0.2928065544843674,90.71
CIFAR10,2,AWP,CMC,Correct,1,1000,Model_init_50,./checkpoints_AWP/CIFAR10/Run2_full_checkpoint_50.pth,0.03808800067454576,99.345,0.1652819326877594,94.5,0.1583925359249115,94.68
CIFAR10,2,AWP,CMC,Correct,1,1000,Model_init_CMC,./checkpoints_AWP/CIFAR10_CO/Correct_1_N1000/Run2_full_checkpoint.pth,0.20151962449550628,94.3625,0.3070954395294189,89.99,0.2951085497736931,90.47
CIFAR10,2,AWP,CMC,Correct,1,1000,Model_init_CMC_AGAIN_UNTIL_CONVERGENCE,./checkpoints_AWP/CIFAR10_CO/Correct_1_N1000/Run2_full_checkpoint_Resume.pth,0.04735864555239677,99.2125,0.17155312900543213,94.37,0.16102169897556304,94.76
CIFAR10,1,AWP,CMC,Any,1,1000,Model_init,./checkpoints_AWP/CIFAR10/Run1_full_checkpoint.pth,0.19119565026760102,94.935,0.27942048313617707,91.0,0.2879741774082184,90.65
CIFAR10,1,AWP,CMC,Any,1,1000,Model_init_50,./checkpoints_AWP/CIFAR10/Run1_full_checkpoint_50.pth,0.035010554668307305,99.4325,0.14947794038951398,95.09,0.15195065751075745,94.92
CIFAR10,1,AWP,CMC,Any,1,1000,Model_init_CMC,./checkpoints_AWP/CIFAR10_CO/Any_1_N1000/Run1_full_checkpoint.pth,0.19231320152282716,94.8275,0.27894964544773104,90.94,0.28746829504966737,90.68
CIFAR10,1,AWP,CMC,Any,1,1000,Model_init_CMC_AGAIN_UNTIL_CONVERGENCE,./checkpoints_AWP/CIFAR10_CO/Any_1_N1000/Run1_full_checkpoint_Resume.pth,0.19240357937812805,94.95,0.28952918736934663,90.74,0.2896964441776276,90.76
CIFAR10,2,AWP,CMC,Any,1,1000,Model_init,./checkpoints_AWP/CIFAR10/Run2_full_checkpoint.pth,0.20098828656673431,94.365,0.30446601181030275,89.9,0.29216367267370225,90.7
CIFAR10,2,AWP,CMC,Any,1,1000,Model_init_50,./checkpoints_AWP/CIFAR10/Run2_full_checkpoint_50.pth,0.03821888784170151,99.3225,0.16943119950294494,94.27,0.1564854218482971,94.76
CIFAR10,2,AWP,CMC,Any,1,1000,Model_init_CMC,./checkpoints_AWP/CIFAR10_CO/Any_1_N1000/Run2_full_checkpoint.pth,0.2012142618894577,94.3525,0.3050797456741333,90.08,0.296458137178421,90.71
CIFAR10,2,AWP,CMC,Any,1,1000,Model_init_CMC_AGAIN_UNTIL_CONVERGENCE,./checkpoints_AWP/CIFAR10_CO/Any_1_N1000/Run2_full_checkpoint_Resume.pth,0.1873042361021042,94.9825,0.2981210697174072,90.27,0.2891294015407562,90.84
CIFAR10,3,AWP,CMC,Any,1,1000,Model_init,./checkpoints_AWP/CIFAR10/Run3_full_checkpoint.pth,0.19652068009376525,94.7625,0.2778800633430481,91.45,0.2871577603340149,90.68
CIFAR10,3,AWP,CMC,Any,1,1000,Model_init_50,./checkpoints_AWP/CIFAR10/Run3_full_checkpoint_50.pth,0.038354903963208196,99.375,0.1464797337293625,95.24,0.15133817160129548,94.99
CIFAR10,3,AWP,CMC,Any,1,1000,Model_init_CMC,./checkpoints_AWP/CIFAR10_CO/Any_1_N1000/Run3_full_checkpoint.pth,0.19609876611232757,94.755,0.28059316749572755,91.26,0.28702755911350253,90.8
CIFAR10,3,AWP,CMC,Any,1,1000,Model_init_CMC_AGAIN_UNTIL_CONVERGENCE,./checkpoints_AWP/CIFAR10_CO/Any_1_N1000/Run3_full_checkpoint_Resume.pth,0.1818383435487747,94.9875,0.2745296241283417,91.01,0.27401464710235596,91.23
CIFAR10,1,AWP,CMC,Correct,10,1000,Model_init,./checkpoints_AWP/CIFAR10/Run1_full_checkpoint.pth,0.19120150439739228,94.91,0.28102354412078856,91.18,0.2853630265235901,90.87
CIFAR10,1,AWP,CMC,Correct,10,1000,Model_init_50,./checkpoints_AWP/CIFAR10/Run1_full_checkpoint_50.pth,0.0346182603597641,99.4525,0.1480866394981742,94.95,0.15082537615299224,95.0
CIFAR10,2,AWP,CMC,Correct,10,1000,Model_init,./checkpoints_AWP/CIFAR10/Run2_full_checkpoint.pth,0.20068711762428285,94.32,0.3095120858192444,89.98,0.29476252790689467,90.53
CIFAR10,2,AWP,CMC,Correct,10,1000,Model_init_50,./checkpoints_AWP/CIFAR10/Run2_full_checkpoint_50.pth,0.03805324078500271,99.3575,0.16375470461845398,94.54,0.15425058116912843,94.64
CIFAR10,3,AWP,CMC,Correct,10,1000,Model_init,./checkpoints_AWP/CIFAR10/Run3_full_checkpoint.pth,0.19786574168205262,94.55,0.27244534945487975,91.48,0.2896409799814224,90.64
CIFAR10,3,AWP,CMC,Correct,10,1000,Model_init_50,./checkpoints_AWP/CIFAR10/Run3_full_checkpoint_50.pth,0.038464645645022395,99.3875,0.1462553050994873,95.1,0.15217519686222075,94.9
CIFAR10,3,AWP,CMC,Correct,10,1000,Model_init_CMC,./checkpoints_AWP/CIFAR10_CO/Correct_10_N1000/Run3_full_checkpoint.pth,0.2482217137336731,93.5525,0.3291084493160248,90.08,0.33986607480049136,89.49
CIFAR10,3,AWP,CMC,Correct,10,1000,Model_init_CMC_AGAIN_UNTIL_CONVERGENCE,./checkpoints_AWP/CIFAR10_CO/Correct_10_N1000/Run3_full_checkpoint_Resume.pth,0.02924710457324982,99.6225,0.14457011238336562,95.18,0.1510745646238327,94.97
CIFAR10,3,AWP,CMC,Correct,1,1000,Model_init,./checkpoints_AWP/CIFAR10/Run3_full_checkpoint.pth,0.1954111937046051,94.8075,0.2782106200695038,91.13,0.2890844307899475,90.78
CIFAR10,3,AWP,CMC,Correct,1,1000,Model_init_50,./checkpoints_AWP/CIFAR10/Run3_full_checkpoint_50.pth,0.03788148044943809,99.3625,0.14634251503944398,95.19,0.15266316599845886,94.91
CIFAR10,3,AWP,CMC,Correct,1,1000,Model_init_CMC,./checkpoints_AWP/CIFAR10_CO/Correct_1_N1000/Run3_full_checkpoint.pth,0.20125496621131897,94.455,0.2828607611656189,91.23,0.29642811951637266,90.59
CIFAR10,3,AWP,CMC,Correct,1,1000,Model_init_CMC_AGAIN_UNTIL_CONVERGENCE,./checkpoints_AWP/CIFAR10_CO/Correct_1_N1000/Run3_full_checkpoint_Resume.pth,0.1893703818798065,94.8325,0.272738337469101,91.27,0.2781933431148529,91.37
CIFAR10,1,AWP,CMC,Correct,10,1000,Model_init,./checkpoints_AWP/CIFAR10/Run1_full_checkpoint.pth,0.19228772859573365,94.9325,0.2832161481618881,91.03,0.2870415476083755,90.75
CIFAR10,1,AWP,CMC,Correct,10,1000,Model_init_50,./checkpoints_AWP/CIFAR10/Run1_full_checkpoint_50.pth,0.03461342372596264,99.4525,0.1487138819143176,94.84,0.1506070251226425,94.99
CIFAR10,2,AWP,CMC,Correct,10,1000,Model_init,./checkpoints_AWP/CIFAR10/Run2_full_checkpoint.pth,0.19814188008308412,94.535,0.30547764644622805,90.19,0.2954642369866371,90.64
CIFAR10,2,AWP,CMC,Correct,10,1000,Model_init_50,./checkpoints_AWP/CIFAR10/Run2_full_checkpoint_50.pth,0.03775217443704605,99.365,0.16497580556869507,94.27,0.1569480094909668,94.75
office31,1,AWP,CMC,Correct,1,1000,Model_init,./checkpoints_AWP/office31/Run1_full_checkpoint.pth,0.06665640079875539,99.00166389351081,0.8646092303759522,77.33333333333333,0.8666930310891322,78.86323268206039
office31,1,AWP,CMC,Correct,1,1000,Model_init_50,./checkpoints_AWP/office31/Run1_full_checkpoint_50.pth,0.01886848479924394,99.38990571270105,0.8879773529339582,77.77777777777777,0.8599422306192916,78.86323268206039
office31,1,AWP,CMC,Correct,1,1000,Model_init_CMC,./checkpoints_AWP/office31_CO/Correct_1_N1000/Run1_full_checkpoint.pth,0.0843154685370339,98.83527454242929,0.9064439298667841,77.11111111111111,0.8943799016318991,77.797513321492
office31,1,AWP,CMC,Correct,1,1000,Model_init_CMC_AGAIN_UNTIL_CONVERGENCE,./checkpoints_AWP/office31_CO/Correct_1_N1000/Run1_full_checkpoint_Resume.pth,0.019976670104357882,99.44536882972822,0.8434760832724472,78.0,0.8506789503893675,78.86323268206039
office31,2,AWP,CMC,Correct,1,1000,Model_init,./checkpoints_AWP/office31/Run2_full_checkpoint.pth,0.1897737427428158,97.06045479755963,0.9451805800861782,74.0,0.921670269055646,76.02131438721136
office31,2,AWP,CMC,Correct,1,1000,Model_init_50,./checkpoints_AWP/office31/Run2_full_checkpoint_50.pth,0.0208358478590875,99.55629506378258,0.9449000194337633,77.33333333333333,0.8959795383746416,78.86323268206039
office31,2,AWP,CMC,Correct,1,1000,Model_init,./checkpoints_AWP/office31/Run2_full_checkpoint.pth,0.18977366421729144,97.06045479755963,0.9451805800861782,74.0,0.921670269055646,76.02131438721136
office31,2,AWP,CMC,Correct,1,1000,Model_init_50,./checkpoints_AWP/office31/Run2_full_checkpoint_50.pth,0.020835857573923505,99.55629506378258,0.9449000194337633,77.33333333333333,0.8959795383746416,78.86323268206039
office31,3,AWP,CMC,Correct,1,1000,Model_init,./checkpoints_AWP/office31/Run3_full_checkpoint.pth,0.014692677567082525,99.55629506378258,0.9437932321760389,75.77777777777777,0.8026241684468135,79.57371225577265
office31,3,AWP,CMC,Correct,1,1000,Model_init_50,./checkpoints_AWP/office31/Run3_full_checkpoint_50.pth,0.008553577815835932,99.77814753189129,1.0018229293823242,75.33333333333333,0.7954823025378198,79.04085257548846
office31,3,AWP,CMC,Correct,1,1000,Model_init_CMC,./checkpoints_AWP/office31_CO/Correct_1_N1000/Run3_full_checkpoint.pth,0.02499113509021348,99.44536882972822,0.9751554213629828,75.55555555555556,0.8378243804189706,78.86323268206039
office31,3,AWP,CMC,Correct,1,1000,Model_init_CMC_AGAIN_UNTIL_CONVERGENCE,./checkpoints_AWP/office31_CO/Correct_1_N1000/Run3_full_checkpoint_Resume.pth,0.01449940626998135,99.72268441486412,0.9486305385165744,76.22222222222223,0.8222641107455875,78.86323268206039
office31,1,AWP,CMC,Any,1,1000,Model_init,./checkpoints_AWP/office31/Run1_full_checkpoint.pth,0.06665628201354562,99.00166389351081,0.8646092303759522,77.33333333333333,0.8666930310891322,78.86323268206039
office31,1,AWP,CMC,Any,1,1000,Model_init_50,./checkpoints_AWP/office31/Run1_full_checkpoint_50.pth,0.01886854157950967,99.38990571270105,0.8879773529339582,77.77777777777777,0.8599422306192916,78.86323268206039
office31,2,AWP,CMC,Any,1,1000,Model_init,./checkpoints_AWP/office31/Run2_full_checkpoint.pth,0.18977374059917262,97.06045479755963,0.9451805800861782,74.0,0.921670269055646,76.02131438721136
office31,2,AWP,CMC,Any,1,1000,Model_init_50,./checkpoints_AWP/office31/Run2_full_checkpoint_50.pth,0.020835845602709333,99.55629506378258,0.9449000194337633,77.33333333333333,0.8959795383746416,78.86323268206039
office31,3,AWP,CMC,Any,1,1000,Model_init,./checkpoints_AWP/office31/Run3_full_checkpoint.pth,0.014692680823450875,99.55629506378258,0.9437932321760389,75.77777777777777,0.8026241684468135,79.57371225577265
office31,3,AWP,CMC,Any,1,1000,Model_init_50,./checkpoints_AWP/office31/Run3_full_checkpoint_50.pth,0.008553565436619304,99.77814753189129,1.0018229293823242,75.33333333333333,0.7954823025378198,79.04085257548846
office31,1,AWP,CMC,Correct,10,1000,Model_init,./checkpoints_AWP/office31/Run1_full_checkpoint.pth,0.06665633300642669,99.00166389351081,0.8646092303759522,77.33333333333333,0.8666930310891322,78.86323268206039
office31,1,AWP,CMC,Correct,10,1000,Model_init_50,./checkpoints_AWP/office31/Run1_full_checkpoint_50.pth,0.01886847701504273,99.38990571270105,0.8879773529339582,77.77777777777777,0.8599422306192916,78.86323268206039
office31,2,AWP,CMC,Correct,1,1000,Model_init,./checkpoints_AWP/office31/Run2_full_checkpoint.pth,0.18977363343974055,97.06045479755963,0.9451805800861782,74.0,0.921670269055646,76.02131438721136
office31,2,AWP,CMC,Correct,1,1000,Model_init_50,./checkpoints_AWP/office31/Run2_full_checkpoint_50.pth,0.02083584840636219,99.55629506378258,0.9449000194337633,77.33333333333333,0.8959795383746416,78.86323268206039
office31,1,AWP,CMC,Any,1,1000,Model_init,./checkpoints_AWP/office31/Run1_full_checkpoint.pth,0.06665627664978875,99.00166389351081,0.8646092303759522,77.33333333333333,0.8666930310891322,78.86323268206039
office31,1,AWP,CMC,Any,1,1000,Model_init_50,./checkpoints_AWP/office31/Run1_full_checkpoint_50.pth,0.018868484357488793,99.38990571270105,0.8879773529339582,77.77777777777777,0.8599422306192916,78.86323268206039
office31,2,AWP,CMC,Any,1,1000,Model_init,./checkpoints_AWP/office31/Run2_full_checkpoint.pth,0.1897736149682512,97.06045479755963,0.9451805800861782,74.0,0.921670269055646,76.02131438721136
office31,2,AWP,CMC,Any,1,1000,Model_init_50,./checkpoints_AWP/office31/Run2_full_checkpoint_50.pth,0.02083585876919829,99.55629506378258,0.9449000194337633,77.33333333333333,0.8959795383746416,78.86323268206039
office31,2,AWP,CMC,Any,1,1000,Model_init_CMC,./checkpoints_AWP/office31_CO/Any_1_N1000/Run2_full_checkpoint.pth,0.1900163012258688,97.00499168053244,0.9457968321111467,74.0,0.9215068172392159,76.02131438721136
office31,2,AWP,CMC,Any,1,1000,Model_init_CMC_AGAIN_UNTIL_CONVERGENCE,./checkpoints_AWP/office31_CO/Any_1_N1000/Run2_full_checkpoint_Resume.pth,0.04792534752324827,99.33444259567388,0.9243129232194689,74.88888888888889,0.8946059392781707,79.04085257548846
office31,3,AWP,CMC,Any,1,1000,Model_init,./checkpoints_AWP/office31/Run3_full_checkpoint.pth,0.014692680724145956,99.55629506378258,0.9437932321760389,75.77777777777777,0.8026241684468135,79.57371225577265
office31,3,AWP,CMC,Any,1,1000,Model_init_50,./checkpoints_AWP/office31/Run3_full_checkpoint_50.pth,0.008553564723405968,99.77814753189129,1.0018229293823242,75.33333333333333,0.7954823025378198,79.04085257548846
office31,3,AWP,CMC,Any,1,1000,Model_init_CMC,./checkpoints_AWP/office31_CO/Any_1_N1000/Run3_full_checkpoint.pth,0.014856388724405945,99.50083194675541,0.9432263024648031,75.77777777777777,0.8026855517026587,79.7513321492007
office31,3,AWP,CMC,Any,1,1000,Model_init_CMC_AGAIN_UNTIL_CONVERGENCE,./checkpoints_AWP/office31_CO/Any_1_N1000/Run3_full_checkpoint_Resume.pth,0.010890715779476819,99.50083194675541,0.9462407302856445,75.33333333333333,0.8089046532265035,79.21847246891652
office31,1,AWP,CMC,Correct,10,1000,Model_init,./checkpoints_AWP/office31/Run1_full_checkpoint.pth,0.06665641328818886,99.00166389351081,0.8646092303759522,77.33333333333333,0.8666930310891322,78.86323268206039
office31,1,AWP,CMC,Correct,10,1000,Model_init_50,./checkpoints_AWP/office31/Run1_full_checkpoint_50.pth,0.01886848234290002,99.38990571270105,0.8879773529339582,77.77777777777777,0.8599422306192916,78.86323268206039
office31,2,AWP,CMC,Correct,10,1000,Model_init,./checkpoints_AWP/office31/Run2_full_checkpoint.pth,0.18977377438505558,97.06045479755963,0.9451805800861782,74.0,0.921670269055646,76.02131438721136
office31,2,AWP,CMC,Correct,10,1000,Model_init_50,./checkpoints_AWP/office31/Run2_full_checkpoint_50.pth,0.020835841650012066,99.55629506378258,0.9449000194337633,77.33333333333333,0.8959795383746416,78.86323268206039
office31,3,AWP,CMC,Correct,10,1000,Model_init,./checkpoints_AWP/office31/Run3_full_checkpoint.pth,0.01469267563005554,99.55629506378258,0.9437932321760389,75.77777777777777,0.8026241684468135,79.57371225577265
office31,3,AWP,CMC,Correct,10,1000,Model_init_50,./checkpoints_AWP/office31/Run3_full_checkpoint_50.pth,0.008553564879013802,99.77814753189129,1.0018229293823242,75.33333333333333,0.7954823025378198,79.04085257548846
office31,1,AWP,CMC,Any,10,1000,Model_init,./checkpoints_AWP/office31/Run1_full_checkpoint.pth,0.06665640921061791,99.00166389351081,0.8646092303759522,77.33333333333333,0.8666930310891322,78.86323268206039
office31,1,AWP,CMC,Any,10,1000,Model_init_50,./checkpoints_AWP/office31/Run1_full_checkpoint_50.pth,0.018868482046760875,99.38990571270105,0.8879773529339582,77.77777777777777,0.8599422306192916,78.86323268206039
office31,1,AWP,CMC,Any,10,1000,Model_init_CMC,./checkpoints_AWP/office31_CO/Any_10_N1000/Run1_full_checkpoint.pth,0.08893776639130667,98.22518025513034,0.8932240564852125,75.11111111111111,0.8955584218192905,77.44227353463587
office31,1,AWP,CMC,Any,10,1000,Model_init_CMC_AGAIN_UNTIL_CONVERGENCE,./checkpoints_AWP/office31_CO/Any_10_N1000/Run1_full_checkpoint_Resume.pth,0.04991649578858004,99.2789794786467,0.8761249690254529,78.22222222222223,0.8608251217203496,76.55417406749557
office31,2,AWP,CMC,Any,10,1000,Model_init,./checkpoints_AWP/office31/Run2_full_checkpoint.pth,0.18977379000524117,97.06045479755963,0.9451805800861782,74.0,0.921670269055646,76.02131438721136
office31,2,AWP,CMC,Any,10,1000,Model_init_50,./checkpoints_AWP/office31/Run2_full_checkpoint_50.pth,0.02083585762764372,99.55629506378258,0.9449000194337633,77.33333333333333,0.8959795383746416,78.86323268206039
office31,2,AWP,CMC,Any,10,1000,Model_init_CMC,./checkpoints_AWP/office31_CO/Any_10_N1000/Run2_full_checkpoint.pth,0.21877056686698365,96.06211869107044,0.9545033660199908,73.77777777777777,0.9415872625305216,76.02131438721136
office31,2,AWP,CMC,Any,10,1000,Model_init_CMC_AGAIN_UNTIL_CONVERGENCE,./checkpoints_AWP/office31_CO/Any_10_N1000/Run2_full_checkpoint_Resume.pth,0.028260679093634538,99.44536882972822,0.9271318316459656,75.11111111111111,0.8777551025311011,78.50799289520427
office31,3,AWP,CMC,Any,10,1000,Model_init,./checkpoints_AWP/office31/Run3_full_checkpoint.pth,0.014692644190396524,99.55629506378258,0.9437932321760389,75.77777777777777,0.8026241684468135,79.57371225577265
office31,3,AWP,CMC,Any,10,1000,Model_init_50,./checkpoints_AWP/office31/Run3_full_checkpoint_50.pth,0.00855356596626705,99.77814753189129,1.0018229293823242,75.33333333333333,0.7954823025378198,79.04085257548846
office31,3,AWP,CMC,Any,10,1000,Model_init_CMC,./checkpoints_AWP/office31_CO/Any_10_N1000/Run3_full_checkpoint.pth,0.04297085595252617,99.00166389351081,0.9588053756290011,74.88888888888889,0.8298075237240292,79.04085257548846
office31,3,AWP,CMC,Any,10,1000,Model_init_CMC_AGAIN_UNTIL_CONVERGENCE,./checkpoints_AWP/office31_CO/Any_10_N1000/Run3_full_checkpoint_Resume.pth,0.009169039600992373,99.66722129783693,0.9356920454237196,77.11111111111111,0.8227129174168114,80.2841918294849
office31,1,AWP,CMC,Any,1,1000,Model_init,./checkpoints_AWP/office31/Run1_full_checkpoint.pth,0.06665641097150458,99.00166389351081,0.8646092303759522,77.33333333333333,0.8666930310891322,78.86323268206039
office31,1,AWP,CMC,Any,1,1000,Model_init_50,./checkpoints_AWP/office31/Run1_full_checkpoint_50.pth,0.018868442106200665,99.38990571270105,0.8879773529339582,77.77777777777777,0.8599422306192916,78.86323268206039
office31,1,AWP,CMC,Any,1,1000,Model_init_CMC,./checkpoints_AWP/office31_CO/Any_1_N1000/Run1_full_checkpoint.pth,0.06743360507310768,99.11259012756517,0.8655598084297446,77.33333333333333,0.867540959566567,79.04085257548846
office31,1,AWP,CMC,Any,1,1000,Model_init_CMC_AGAIN_UNTIL_CONVERGENCE,./checkpoints_AWP/office31_CO/Any_1_N1000/Run1_full_checkpoint_Resume.pth,0.015466062473512864,99.38990571270105,0.8372378697743018,79.33333333333333,0.8490756409206357,78.68561278863233
Caltech101,1,SAM,CMC,Correct,1,1000,Model_init,./checkpoints_SAM/Caltech101/Run1_full_checkpoint.pth,0.0030879586635574646,100.0,0.278221574851772,92.77478862413528,0.3205337179537026,91.79345320424159
Caltech101,1,SAM,CMC,Correct,1,1000,Model_init_50,./checkpoints_SAM/Caltech101/Run1_full_checkpoint_50.pth,0.0029140398232069525,100.0,0.25835568359913413,93.46656418139892,0.2911525586608809,92.9460580912863
Caltech101,2,SAM,CMC,Correct,1,1000,Model_init,./checkpoints_SAM/Caltech101/Run2_full_checkpoint.pth,0.00474779842234647,100.0,0.24526282837993818,93.23597232897771,0.31327381995263986,92.48501613646842
Caltech101,2,SAM,CMC,Correct,1,1000,Model_init_50,./checkpoints_SAM/Caltech101/Run2_full_checkpoint_50.pth,0.0024628934349014615,100.0,0.2683154752422167,92.77478862413528,0.30726330635623483,92.99216228676809
Caltech101,3,SAM,CMC,Correct,1,1000,Model_init,./checkpoints_SAM/Caltech101/Run3_full_checkpoint.pth,0.005093363290627587,100.0,0.3111552861615798,92.23674096848578,0.34097934612182496,91.79345320424159
Caltech101,3,SAM,CMC,Correct,1,1000,Model_init_50,./checkpoints_SAM/Caltech101/Run3_full_checkpoint_50.pth,0.0031685393319375414,100.0,0.29039089334162266,92.85165257494235,0.31957109275056284,92.48501613646842
Caltech101,1,SAM,CMC,Any,1,1000,Model_init,./checkpoints_SAM/Caltech101/Run1_full_checkpoint.pth,0.0030879588982664964,100.0,0.278221574851772,92.77478862413528,0.3205337179537026,91.79345320424159
Caltech101,1,SAM,CMC,Any,1,1000,Model_init_50,./checkpoints_SAM/Caltech101/Run1_full_checkpoint_50.pth,0.0029140432947359998,100.0,0.25835568359913413,93.46656418139892,0.2911525586608809,92.9460580912863
Caltech101,2,SAM,CMC,Any,1,1000,Model_init,./checkpoints_SAM/Caltech101/Run2_full_checkpoint.pth,0.004747805834733182,100.0,0.24526282837993818,93.23597232897771,0.31327381995263986,92.48501613646842
Caltech101,2,SAM,CMC,Any,1,1000,Model_init_50,./checkpoints_SAM/Caltech101/Run2_full_checkpoint_50.pth,0.00246289139649288,100.0,0.2683154752422167,92.77478862413528,0.30726330635623483,92.99216228676809
Caltech101,3,SAM,CMC,Any,1,1000,Model_init,./checkpoints_SAM/Caltech101/Run3_full_checkpoint.pth,0.0050933614601833726,100.0,0.3111552861615798,92.23674096848578,0.34097934612182496,91.79345320424159
Caltech101,3,SAM,CMC,Any,1,1000,Model_init_50,./checkpoints_SAM/Caltech101/Run3_full_checkpoint_50.pth,0.0031685333978420513,100.0,0.29039089334162266,92.85165257494235,0.31957109275056284,92.48501613646842
Caltech101,1,SAM,CMC,Correct,10,1000,Model_init,./checkpoints_SAM/Caltech101/Run1_full_checkpoint.pth,0.0030879643081128884,100.0,0.278221574851772,92.77478862413528,0.3205337179537026,91.79345320424159
Caltech101,1,SAM,CMC,Correct,10,1000,Model_init_50,./checkpoints_SAM/Caltech101/Run1_full_checkpoint_50.pth,0.002914047307240742,100.0,0.25835568359913413,93.46656418139892,0.2911525586608809,92.9460580912863
Caltech101,2,SAM,CMC,Correct,10,1000,Model_init,./checkpoints_SAM/Caltech101/Run2_full_checkpoint.pth,0.004747793312684343,100.0,0.24526282837993818,93.23597232897771,0.31327381995263986,92.48501613646842
Caltech101,2,SAM,CMC,Correct,10,1000,Model_init_50,./checkpoints_SAM/Caltech101/Run2_full_checkpoint_50.pth,0.0024628907959454572,100.0,0.2683154752422167,92.77478862413528,0.30726330635623483,92.99216228676809
Caltech101,3,SAM,CMC,Correct,10,1000,Model_init,./checkpoints_SAM/Caltech101/Run3_full_checkpoint.pth,0.0050933579382956415,100.0,0.3111552861615798,92.23674096848578,0.34097934612182496,91.79345320424159
Caltech101,3,SAM,CMC,Correct,10,1000,Model_init_50,./checkpoints_SAM/Caltech101/Run3_full_checkpoint_50.pth,0.0031685380212700728,100.0,0.29039089334162266,92.85165257494235,0.31957109275056284,92.48501613646842
Caltech101,1,SAM,CMC,Any,10,1000,Model_init,./checkpoints_SAM/Caltech101/Run1_full_checkpoint.pth,0.003087959828068471,100.0,0.278221574851772,92.77478862413528,0.3205337179537026,91.79345320424159
Caltech101,1,SAM,CMC,Any,10,1000,Model_init_50,./checkpoints_SAM/Caltech101/Run1_full_checkpoint_50.pth,0.0029140422077755766,100.0,0.25835568359913413,93.46656418139892,0.2911525586608809,92.9460580912863
Caltech101,2,SAM,CMC,Any,10,1000,Model_init,./checkpoints_SAM/Caltech101/Run2_full_checkpoint.pth,0.004747797642726074,100.0,0.24526282837993818,93.23597232897771,0.31327381995263986,92.48501613646842
Caltech101,2,SAM,CMC,Any,10,1000,Model_init_50,./checkpoints_SAM/Caltech101/Run2_full_checkpoint_50.pth,0.0024628947366242267,100.0,0.2683154752422167,92.77478862413528,0.30726330635623483,92.99216228676809
Caltech101,3,SAM,CMC,Any,10,1000,Model_init,./checkpoints_SAM/Caltech101/Run3_full_checkpoint.pth,0.005093354847005959,100.0,0.3111552861615798,92.23674096848578,0.34097934612182496,91.79345320424159
Caltech101,3,SAM,CMC,Any,10,1000,Model_init_50,./checkpoints_SAM/Caltech101/Run3_full_checkpoint_50.pth,0.0031685350226475224,100.0,0.29039089334162266,92.85165257494235,0.31957109275056284,92.48501613646842
Caltech101,1,SAM,CMC,Correct,1,1000,Model_init,./checkpoints_SAM/Caltech101/Run1_full_checkpoint.pth,0.0030879631179305815,100.0,0.278221574851772,92.77478862413528,0.3205337179537026,91.79345320424159
Caltech101,1,SAM,CMC,Correct,1,1000,Model_init_50,./checkpoints_SAM/Caltech101/Run1_full_checkpoint_50.pth,0.002914037266094989,100.0,0.25835568359913413,93.46656418139892,0.2911525586608809,92.9460580912863
Caltech101,2,SAM,CMC,Correct,1,1000,Model_init,./checkpoints_SAM/Caltech101/Run2_full_checkpoint.pth,0.004747802991122351,100.0,0.24526282837993818,93.23597232897771,0.31327381995263986,92.48501613646842
Caltech101,2,SAM,CMC,Correct,1,1000,Model_init_50,./checkpoints_SAM/Caltech101/Run2_full_checkpoint_50.pth,0.002462891058740859,100.0,0.2683154752422167,92.77478862413528,0.30726330635623483,92.99216228676809
Caltech101,3,SAM,CMC,Correct,1,1000,Model_init,./checkpoints_SAM/Caltech101/Run3_full_checkpoint.pth,0.005093358416479514,100.0,0.3111552861615798,92.23674096848578,0.34097934612182496,91.79345320424159
Caltech101,3,SAM,CMC,Correct,1,1000,Model_init_50,./checkpoints_SAM/Caltech101/Run3_full_checkpoint_50.pth,0.003168537942735572,100.0,0.29039089334162266,92.85165257494235,0.31957109275056284,92.48501613646842
Caltech101,1,SAM,CMC,Any,1,1000,Model_init,./checkpoints_SAM/Caltech101/Run1_full_checkpoint.pth,0.0030879585310863993,100.0,0.278221574851772,92.77478862413528,0.3205337179537026,91.79345320424159
Caltech101,1,SAM,CMC,Any,1,1000,Model_init_50,./checkpoints_SAM/Caltech101/Run1_full_checkpoint_50.pth,0.002914041377617604,100.0,0.25835568359913413,93.46656418139892,0.2911525586608809,92.9460580912863
Caltech101,1,SAM,CMC,Correct,1,1000,Model_init,./checkpoints_SAM/Caltech101/Run1_full_checkpoint.pth,0.0030879561191469807,100.0,0.278221574851772,92.77478862413528,0.3205337179537026,91.79345320424159
Caltech101,1,SAM,CMC,Correct,1,1000,Model_init_50,./checkpoints_SAM/Caltech101/Run1_full_checkpoint_50.pth,0.0029140447597890587,100.0,0.25835568359913413,93.46656418139892,0.2911525586608809,92.9460580912863
Caltech101,1,SAM,CMC,Correct,1,1000,Model_init_CMC,./checkpoints_SAM/Caltech101_CO/Correct_1_N1000/Run1_full_checkpoint.pth,0.0063163653151870995,99.98079139454475,0.28455425907702375,92.62106072252114,0.32601023730235806,91.79345320424159
Caltech101,1,SAM,CMC,Correct,1,1000,Model_init_CMC_AGAIN_UNTIL_CONVERGENCE,./checkpoints_SAM/Caltech101_CO/Correct_1_N1000/Run1_full_checkpoint_Resume.pth,0.0030916024156342698,100.0,0.28409782333799183,92.85165257494235,0.3080315431000286,92.39280774550484
Caltech101,2,SAM,CMC,Correct,1,1000,Model_init,./checkpoints_SAM/Caltech101/Run2_full_checkpoint.pth,0.004747795613441091,100.0,0.24526282837993818,93.23597232897771,0.31327381995263986,92.48501613646842
Caltech101,2,SAM,CMC,Correct,1,1000,Model_init_50,./checkpoints_SAM/Caltech101/Run2_full_checkpoint_50.pth,0.002462894041531283,100.0,0.2683154752422167,92.77478862413528,0.30726330635623483,92.99216228676809
Caltech101,2,SAM,CMC,Correct,1,1000,Model_init_CMC,./checkpoints_SAM/Caltech101_CO/Correct_1_N1000/Run2_full_checkpoint.pth,0.0055681582480523045,99.98079139454475,0.25064566594009485,93.0053804765565,0.3274049662730286,92.20839096357768
Caltech101,2,SAM,CMC,Correct,1,1000,Model_init_CMC_AGAIN_UNTIL_CONVERGENCE,./checkpoints_SAM/Caltech101_CO/Correct_1_N1000/Run2_full_checkpoint_Resume.pth,0.0061290768347966795,99.96158278908952,0.2686125455362626,93.23597232897771,0.3290365070942746,91.97786998616874
Caltech101,3,SAM,CMC,Correct,1,1000,Model_init,./checkpoints_SAM/Caltech101/Run3_full_checkpoint.pth,0.005093362112073396,100.0,0.3111552861615798,92.23674096848578,0.34097934612182496,91.79345320424159
Caltech101,3,SAM,CMC,Correct,1,1000,Model_init_50,./checkpoints_SAM/Caltech101/Run3_full_checkpoint_50.pth,0.0031685384917615003,100.0,0.29039089334162266,92.85165257494235,0.31957109275056284,92.48501613646842
Caltech101,3,SAM,CMC,Correct,1,1000,Model_init_CMC,./checkpoints_SAM/Caltech101_CO/Correct_1_N1000/Run3_full_checkpoint.pth,0.006320922791491299,99.96158278908952,0.3194405865682995,91.9292851652575,0.3522887277666354,91.19409866297833
Caltech101,3,SAM,CMC,Correct,1,1000,Model_init_CMC_AGAIN_UNTIL_CONVERGENCE,./checkpoints_SAM/Caltech101_CO/Correct_1_N1000/Run3_full_checkpoint_Resume.pth,0.002656724375786773,100.0,0.28753639385963203,93.08224442736356,0.36407951699417823,91.14799446749655
Caltech101,1,SAM,CMC,Any,1,1000,Model_init,./checkpoints_SAM/Caltech101/Run1_full_checkpoint.pth,0.0030879584321579735,100.0,0.278221574851772,92.77478862413528,0.3205337179537026,91.79345320424159
Caltech101,1,SAM,CMC,Any,1,1000,Model_init_50,./checkpoints_SAM/Caltech101/Run1_full_checkpoint_50.pth,0.002914041083784079,100.0,0.25835568359913413,93.46656418139892,0.2911525586608809,92.9460580912863
Caltech101,1,SAM,CMC,Any,1,1000,Model_init_CMC,./checkpoints_SAM/Caltech101_CO/Any_1_N1000/Run1_full_checkpoint.pth,0.01072332970366881,99.98079139454475,0.2858374476100645,92.6979246733282,0.3379813966634582,91.42461964038728
Caltech101,1,SAM,CMC,Any,1,1000,Model_init_CMC_AGAIN_UNTIL_CONVERGENCE,./checkpoints_SAM/Caltech101_CO/Any_1_N1000/Run1_full_checkpoint_Resume.pth,0.003698471859093903,100.0,0.276789885334997,93.92774788624135,0.32393533173465905,92.43891194098663
Caltech101,2,SAM,CMC,Any,1,1000,Model_init,./checkpoints_SAM/Caltech101/Run2_full_checkpoint.pth,0.004747800057438352,100.0,0.24526282837993818,93.23597232897771,0.31327381995263986,92.48501613646842
Caltech101,2,SAM,CMC,Any,1,1000,Model_init_50,./checkpoints_SAM/Caltech101/Run2_full_checkpoint_50.pth,0.0024628924505367927,100.0,0.2683154752422167,92.77478862413528,0.30726330635623483,92.99216228676809
Caltech101,2,SAM,CMC,Any,1,1000,Model_init_CMC,./checkpoints_SAM/Caltech101_CO/Any_1_N1000/Run2_full_checkpoint.pth,0.006828397479519402,99.94237418363427,0.26058735191638793,92.92851652574943,0.32663907715943397,92.1622867680959
Caltech101,2,SAM,CMC,Any,1,1000,Model_init_CMC_AGAIN_UNTIL_CONVERGENCE,./checkpoints_SAM/Caltech101_CO/Any_1_N1000/Run2_full_checkpoint_Resume.pth,0.0038162620625087633,100.0,0.24953970659544247,94.23520368946964,0.3324409526626379,92.48501613646842
Caltech101,3,SAM,CMC,Any,1,1000,Model_init,./checkpoints_SAM/Caltech101/Run3_full_checkpoint.pth,0.005093359126689008,100.0,0.3111552861615798,92.23674096848578,0.34097934612182496,91.79345320424159
Caltech101,3,SAM,CMC,Any,1,1000,Model_init_50,./checkpoints_SAM/Caltech101/Run3_full_checkpoint_50.pth,0.0031685358931461106,100.0,0.29039089334162266,92.85165257494235,0.31957109275056284,92.48501613646842
Caltech101,3,SAM,CMC,Any,1,1000,Model_init_CMC,./checkpoints_SAM/Caltech101_CO/Any_1_N1000/Run3_full_checkpoint.pth,0.010440221827375605,99.96158278908952,0.3282487852517501,91.85242121445042,0.351656057102002,91.51682803135085
Caltech101,3,SAM,CMC,Any,1,1000,Model_init_CMC_AGAIN_UNTIL_CONVERGENCE,./checkpoints_SAM/Caltech101_CO/Any_1_N1000/Run3_full_checkpoint_Resume.pth,0.0034525542650758203,100.0,0.3022353754054575,92.15987701767871,0.3436312017736483,91.10189027201476
Caltech101,1,SAM,CMC,Correct,10,1000,Model_init,./checkpoints_SAM/Caltech101/Run1_full_checkpoint.pth,0.0030879592293099893,100.0,0.278221574851772,92.77478862413528,0.3205337179537026,91.79345320424159
Caltech101,1,SAM,CMC,Correct,10,1000,Model_init_50,./checkpoints_SAM/Caltech101/Run1_full_checkpoint_50.pth,0.0029140460608856945,100.0,0.25835568359913413,93.46656418139892,0.2911525586608809,92.9460580912863
Caltech101,1,SAM,CMC,Correct,10,1000,Model_init_CMC,./checkpoints_SAM/Caltech101_CO/Correct_10_N1000/Run1_full_checkpoint.pth,0.14356653214851986,98.07913945447561,0.5132732132161973,87.77863182167563,0.5841606147913627,86.44536652835409
Caltech101,1,SAM,CMC,Correct,10,1000,Model_init_CMC_AGAIN_UNTIL_CONVERGENCE,./checkpoints_SAM/Caltech101_CO/Correct_10_N1000/Run1_full_checkpoint_Resume.pth,0.003382801489805773,100.0,0.2865856264007037,93.38970023059186,0.34805258640692277,91.24020285846012
Caltech101,2,SAM,CMC,Correct,10,1000,Model_init,./checkpoints_SAM/Caltech101/Run2_full_checkpoint.pth,0.00474779064313745,100.0,0.24526282837993818,93.23597232897771,0.31327381995263986,92.48501613646842
Caltech101,2,SAM,CMC,Correct,10,1000,Model_init_50,./checkpoints_SAM/Caltech101/Run2_full_checkpoint_50.pth,0.002462890838522248,100.0,0.2683154752422167,92.77478862413528,0.30726330635623483,92.99216228676809
Caltech101,2,SAM,CMC,Correct,10,1000,Model_init_CMC,./checkpoints_SAM/Caltech101_CO/Correct_10_N1000/Run2_full_checkpoint.pth,0.02644447828032995,99.36611601997694,0.254873166689728,93.0053804765565,0.3343262824390054,91.83955739972338
Caltech101,2,SAM,CMC,Correct,10,1000,Model_init_CMC_AGAIN_UNTIL_CONVERGENCE,./checkpoints_SAM/Caltech101_CO/Correct_10_N1000/Run2_full_checkpoint_Resume.pth,0.00415893812263846,100.0,0.25383744919121404,93.31283627978478,0.32000559134217327,91.88566159520516
Caltech101,3,SAM,CMC,Correct,10,1000,Model_init,./checkpoints_SAM/Caltech101/Run3_full_checkpoint.pth,0.005093365910889161,100.0,0.3111552861615798,92.23674096848578,0.34097934612182496,91.79345320424159
Caltech101,3,SAM,CMC,Correct,10,1000,Model_init_50,./checkpoints_SAM/Caltech101/Run3_full_checkpoint_50.pth,0.0031685391012536267,100.0,0.29039089334162266,92.85165257494235,0.31957109275056284,92.48501613646842
Caltech101,3,SAM,CMC,Correct,10,1000,Model_init_CMC,./checkpoints_SAM/Caltech101_CO/Correct_10_N1000/Run3_full_checkpoint.pth,0.32161952770997415,96.71532846715328,0.6856224628066577,86.39508070714835,0.7230485899896872,86.16874135546335
Caltech101,3,SAM,CMC,Correct,10,1000,Model_init_CMC_AGAIN_UNTIL_CONVERGENCE,./checkpoints_SAM/Caltech101_CO/Correct_10_N1000/Run3_full_checkpoint_Resume.pth,0.002867391139152236,100.0,0.2983496681394071,92.85165257494235,0.3371752833354138,92.07007837713232
Caltech101,1,SAM,CMC,Any,10,1000,Model_init,./checkpoints_SAM/Caltech101/Run1_full_checkpoint.pth,0.0030879581217767467,100.0,0.278221574851772,92.77478862413528,0.3205337179537026,91.79345320424159
Caltech101,1,SAM,CMC,Any,10,1000,Model_init_50,./checkpoints_SAM/Caltech101/Run1_full_checkpoint_50.pth,0.0029140345360818983,100.0,0.25835568359913413,93.46656418139892,0.2911525586608809,92.9460580912863
Caltech101,1,SAM,CMC,Any,10,1000,Model_init_CMC,./checkpoints_SAM/Caltech101_CO/Any_10_N1000/Run1_full_checkpoint.pth,0.03040944272026139,99.32769880906646,0.3259366814284761,91.6218293620292,0.3565472010617544,90.87136929460581
Caltech101,1,SAM,CMC,Any,10,1000,Model_init_CMC_AGAIN_UNTIL_CONVERGENCE,./checkpoints_SAM/Caltech101_CO/Any_10_N1000/Run1_full_checkpoint_Resume.pth,0.0038507562230870305,100.0,0.2890958703430133,93.0053804765565,0.3224761684186011,91.97786998616874
Caltech101,2,SAM,CMC,Any,10,1000,Model_init,./checkpoints_SAM/Caltech101/Run2_full_checkpoint.pth,0.004747797987186624,100.0,0.24526282837993818,93.23597232897771,0.31327381995263986,92.48501613646842
Caltech101,2,SAM,CMC,Any,10,1000,Model_init_50,./checkpoints_SAM/Caltech101/Run2_full_checkpoint_50.pth,0.0024628959955018594,100.0,0.2683154752422167,92.77478862413528,0.30726330635623483,92.99216228676809
Caltech101,2,SAM,CMC,Any,10,1000,Model_init_CMC,./checkpoints_SAM/Caltech101_CO/Any_10_N1000/Run2_full_checkpoint.pth,0.03752262366894823,98.82827506723012,0.32289334675791076,91.31437355880092,0.41129400924967974,89.99538958045181
Caltech101,2,SAM,CMC,Any,10,1000,Model_init_CMC_AGAIN_UNTIL_CONVERGENCE,./checkpoints_SAM/Caltech101_CO/Any_10_N1000/Run2_full_checkpoint_Resume.pth,0.003225906019389223,100.0,0.23219252601094104,94.31206764027671,0.2985387456553111,92.85384970032273
Caltech101,3,SAM,CMC,Any,10,1000,Model_init,./checkpoints_SAM/Caltech101/Run3_full_checkpoint.pth,0.005093361862873944,100.0,0.3111552861615798,92.23674096848578,0.34097934612182496,91.79345320424159
Caltech101,3,SAM,CMC,Any,10,1000,Model_init_50,./checkpoints_SAM/Caltech101/Run3_full_checkpoint_50.pth,0.0031685397153075525,100.0,0.29039089334162266,92.85165257494235,0.31957109275056284,92.48501613646842
Caltech101,3,SAM,CMC,Any,10,1000,Model_init_CMC,./checkpoints_SAM/Caltech101_CO/Any_10_N1000/Run3_full_checkpoint.pth,0.014831348200862826,99.25086438724549,0.32133418839026834,92.00614911606456,0.35221795342027895,91.56293222683264
Caltech101,3,SAM,CMC,Any,10,1000,Model_init_CMC_AGAIN_UNTIL_CONVERGENCE,./checkpoints_SAM/Caltech101_CO/Any_10_N1000/Run3_full_checkpoint_Resume.pth,0.0030013568924050858,100.0,0.301104314207206,92.92851652574943,0.3370311583734537,91.97786998616874
CIFAR10,1,SAM,CMC,Correct,10,1000,Model_init,./checkpoints_SAM/CIFAR10/Run1_full_checkpoint.pth,0.009494906418025494,99.965,0.16861989274993539,94.41,0.17384849138259886,94.51
CIFAR10,1,SAM,CMC,Correct,10,1000,Model_init_50,./checkpoints_SAM/CIFAR10/Run1_full_checkpoint_50.pth,0.010308279249072076,99.91,0.17096125849504024,94.77,0.1735327918291092,94.3
CIFAR10,1,SAM,CMC,Correct,10,1000,Model_init_CMC,./checkpoints_SAM/CIFAR10_CO/Correct_10_N1000/Run1_full_checkpoint.pth,0.06091943328380585,97.7875,0.2403878265917301,91.73,0.24754323244094847,91.85
CIFAR10,1,SAM,CMC,Correct,10,1000,Model_init_CMC_AGAIN_UNTIL_CONVERGENCE,./checkpoints_SAM/CIFAR10_CO/Correct_10_N1000/Run1_full_checkpoint_Resume.pth,0.0018232500918209554,100.0,0.15946757412776352,94.98,0.16407851140499116,94.8
CIFAR10,2,SAM,CMC,Correct,10,1000,Model_init,./checkpoints_SAM/CIFAR10/Run2_full_checkpoint.pth,0.002880690923705697,100.0,0.16689312306642531,94.8,0.1520725477695465,95.25
CIFAR10,2,SAM,CMC,Correct,10,1000,Model_init_50,./checkpoints_SAM/CIFAR10/Run2_full_checkpoint_50.pth,0.01219446639418602,99.865,0.1918818435192108,93.67,0.182067125749588,94.05
CIFAR10,2,SAM,CMC,Correct,10,1000,Model_init_CMC,./checkpoints_SAM/CIFAR10_CO/Correct_10_N1000/Run2_full_checkpoint.pth,0.04244932578802109,98.1125,0.20981412358283996,92.85,0.20390998466014862,92.99
CIFAR10,2,SAM,CMC,Correct,10,1000,Model_init_CMC_AGAIN_UNTIL_CONVERGENCE,./checkpoints_SAM/CIFAR10_CO/Correct_10_N1000/Run2_full_checkpoint_Resume.pth,0.0029336256582289935,100.0,0.1650439020395279,94.81,0.15143730828762053,95.29
CIFAR10,3,SAM,CMC,Correct,10,1000,Model_init,./checkpoints_SAM/CIFAR10/Run3_full_checkpoint.pth,0.0018068415630608796,100.0,0.15316281899511813,95.26,0.14927749938964843,95.26
CIFAR10,3,SAM,CMC,Correct,10,1000,Model_init_50,./checkpoints_SAM/CIFAR10/Run3_full_checkpoint_50.pth,0.014583074916899204,99.8275,0.17998782556056978,93.82,0.1783198486328125,94.08
CIFAR10,3,SAM,CMC,Correct,10,1000,Model_init_CMC,./checkpoints_SAM/CIFAR10_CO/Correct_10_N1000/Run3_full_checkpoint.pth,0.032679724560678004,98.715,0.21475347180366516,93.39,0.21458870096206664,93.17
CIFAR10,3,SAM,CMC,Correct,10,1000,Model_init_CMC_AGAIN_UNTIL_CONVERGENCE,./checkpoints_SAM/CIFAR10_CO/Correct_10_N1000/Run3_full_checkpoint_Resume.pth,0.0014992428168654442,100.0,0.15173570997714997,95.12,0.14850666575431823,95.16
CIFAR10,1,SAM,CMC,Any,10,1000,Model_init,./checkpoints_SAM/CIFAR10/Run1_full_checkpoint.pth,0.00951162523701787,99.94,0.17393127264901995,94.4,0.17196795530319214,94.29
CIFAR10,1,SAM,CMC,Any,10,1000,Model_init_50,./checkpoints_SAM/CIFAR10/Run1_full_checkpoint_50.pth,0.010485034576058387,99.9,0.16444480505511164,94.68,0.17649579356610776,93.97
CIFAR10,1,SAM,CMC,Any,10,1000,Model_init_CMC,./checkpoints_SAM/CIFAR10_CO/Any_10_N1000/Run1_full_checkpoint.pth,0.06915018165111542,97.89,0.22962213498950004,92.47,0.2354149466753006,91.91
CIFAR10,1,SAM,CMC,Any,10,1000,Model_init_CMC_AGAIN_UNTIL_CONVERGENCE,./checkpoints_SAM/CIFAR10_CO/Any_10_N1000/Run1_full_checkpoint_Resume.pth,0.003721828904375434,99.995,0.15776147037595512,94.83,0.1626603336572647,94.76
CIFAR10,2,SAM,CMC,Any,10,1000,Model_init,./checkpoints_SAM/CIFAR10/Run2_full_checkpoint.pth,0.0029160287354141473,99.9975,0.16486319279670716,94.62,0.15468488483428955,95.14
CIFAR10,2,SAM,CMC,Any,10,1000,Model_init_50,./checkpoints_SAM/CIFAR10/Run2_full_checkpoint_50.pth,0.012124042674154043,99.875,0.19166667156219483,93.74,0.1819106833934784,93.97
CIFAR10,2,SAM,CMC,Any,10,1000,Model_init_CMC,./checkpoints_SAM/CIFAR10_CO/Any_10_N1000/Run2_full_checkpoint.pth,0.07172389379739762,98.9,0.25759153318405154,92.36,0.24992975845336915,92.67
CIFAR10,2,SAM,CMC,Any,10,1000,Model_init_CMC_AGAIN_UNTIL_CONVERGENCE,./checkpoints_SAM/CIFAR10_CO/Any_10_N1000/Run2_full_checkpoint_Resume.pth,0.0015154976444318891,100.0,0.16252866648435593,94.99,0.15748560807704926,95.11
CIFAR10,3,SAM,CMC,Any,10,1000,Model_init,./checkpoints_SAM/CIFAR10/Run3_full_checkpoint.pth,0.0017870323680341245,100.0,0.15181931966543197,95.23,0.15030444264411927,95.29
CIFAR10,3,SAM,CMC,Any,10,1000,Model_init_50,./checkpoints_SAM/CIFAR10/Run3_full_checkpoint_50.pth,0.014014900221675635,99.8525,0.17408392579555512,94.19,0.17809662754535674,94.12
CIFAR10,3,SAM,CMC,Any,10,1000,Model_init_CMC,./checkpoints_SAM/CIFAR10_CO/Any_10_N1000/Run3_full_checkpoint.pth,0.03855096402317285,98.7875,0.19101047902107238,93.66,0.1983893435239792,93.33
CIFAR10,3,SAM,CMC,Any,10,1000,Model_init_CMC_AGAIN_UNTIL_CONVERGENCE,./checkpoints_SAM/CIFAR10_CO/Any_10_N1000/Run3_full_checkpoint_Resume.pth,0.0009613070315681398,100.0,0.1495203439474106,95.44,0.15420403780937195,95.38
office31,11,AWP,S,,0,0,Model_init,./checkpoints_AWP/office31/Run11_full_checkpoint.pth,0.019042905043829716,99.33444259567388,0.7544949004240334,79.77777777777777,0.8710623407872066,77.797513321492
office31,11,AWP,S,,0,0,Model_init_50,./checkpoints_AWP/office31/Run11_full_checkpoint_50.pth,0.005640777645179231,99.83361064891847,0.7861144307297137,80.66666666666667,0.870984870841194,77.44227353463587
office31,12,AWP,S,,0,0,Model_init,./checkpoints_AWP/office31/Run12_full_checkpoint.pth,0.02002811424633828,99.2789794786467,0.9834324946337276,75.77777777777777,1.0352911858109768,74.95559502664298
office31,12,AWP,S,,0,0,Model_init_50,./checkpoints_AWP/office31/Run12_full_checkpoint_50.pth,0.009425559774124726,99.61175818080976,1.0019361858111289,75.11111111111111,1.0480481705911207,75.66607460035524
CIFAR10,4,SAM,CMC,Correct,10,1000,Model_init,./checkpoints_SAM/CIFAR10/Run4_full_checkpoint.pth,0.20117129526138305,93.63,0.30433022334575655,89.52,0.3210818657398224,89.41
office31,13,AWP,S,,0,0,Model_init,./checkpoints_AWP/office31/Run13_full_checkpoint.pth,0.005912773416641556,99.88907376594564,0.8210518190595839,77.77777777777777,0.8523401640236483,77.97513321492008
office31,13,AWP,S,,0,0,Model_init_50,./checkpoints_AWP/office31/Run13_full_checkpoint_50.pth,0.003033566587210462,99.88907376594564,0.8585660955641005,78.0,0.8959114138652334,78.86323268206039
CIFAR10,4,SAM,CMC,Correct,10,1000,Model_init_50,./checkpoints_SAM/CIFAR10/Run4_full_checkpoint_50.pth,0.0018222881000488998,100.0,0.14096375290974975,95.71,0.16256981296539308,95.07
CIFAR10,4,SAM,CMC,Any,10,1000,Model_init,./checkpoints_SAM/CIFAR10/Run4_full_checkpoint.pth,0.20289351090192795,93.4925,0.3068270188808441,89.5,0.31900047121047975,89.16
CIFAR10,4,SAM,CMC,Any,10,1000,Model_init_50,./checkpoints_SAM/CIFAR10/Run4_full_checkpoint_50.pth,0.0018488658655434846,100.0,0.14295199979245662,95.71,0.16105314283370972,94.9
CIFAR10,4,SAM,CMC,Any,10,1000,Model_init_CMC,./checkpoints_SAM/CIFAR10_CO/Any_10_N1000/Run4_full_checkpoint.pth,1.572546388244629,82.435,1.5990109184265138,79.06,1.6019389589309692,78.9
CIFAR10,4,SAM,CMC,Any,10,1000,Model_init_CMC_AGAIN_UNTIL_CONVERGENCE,./checkpoints_SAM/CIFAR10_CO/Any_10_N1000/Run4_full_checkpoint_Resume.pth,0.18266175700426102,93.9325,0.29452254724502563,90.18,0.3103393528461456,89.46
