Dataset,Run,Checkpoint,Training_Type,Method,CMC_Type,Input_Type,Misclassification_Count,S1_Train_loss,S1_Train_acc,S1_Val_loss,S1_Val_acc,S1_Test_loss,S1_Test_acc,S2_Train_loss,S2_Train_acc,S2_Val_loss,S2_Val_acc,S2_Test_loss,S2_Test_acc,S3_Train_loss,S3_Train_acc,S3_Val_loss,S3_Val_acc,S3_Test_loss,S3_Test_acc,Solve_Time
MNIST,1,./checkpoints_AWP/MNIST_CO/Correct_10_N1000/Run1_full_checkpoint.pth,AWP,CMC,Correct,t,10,0.032870104582359394,99.39583333333333,0.1008397366007169,97.38333333333334,0.08500731347352267,97.83,0.04090234588086605,99.04166666666667,0.11165876267353694,97.13333333333334,0.09360927225872874,97.54,0.024161408965786297,99.63541666666667,0.10152507416407268,97.45,0.08531137565299869,97.84,2030.9682767391205
MNIST,4,./checkpoints_AWP/MNIST_CO/Correct_10_N1000/Run4_full_checkpoint.pth,AWP,CMC,Correct,t,10,0.009939833944352964,99.7875,0.06499670907358328,98.425,0.05361702398867346,98.54,0.029148039888590573,99.00416666666666,0.0884469859773914,97.6,0.07684906644001603,97.68,0.007897640759591013,99.84166666666667,0.06613844920446475,98.28333333333333,0.05686220221375115,98.54,3604.6424577236176
MNIST,3,./checkpoints_AWP/MNIST_CO/Correct_10_N1000/Run3_full_checkpoint.pth,AWP,CMC,Correct,t,10,0.007442143774901827,99.84166666666667,0.03903200038770835,98.9,0.03371077474821359,98.95,0.017893687957276902,99.425,0.05308005963265896,98.43333333333334,0.046882918228395284,98.47,0.005215393724075208,99.92083333333333,0.0429544234375159,98.75833333333334,0.033490525462664664,99.04,3606.286472082138
CIFAR10,1,./checkpoints_AWP/CIFAR10_CO/Any_10_N1000/Run1_full_checkpoint.pth,AWP,CMC,Any,t,10,0.1915074823141098,94.98,0.28254390275478364,90.64,0.28543416016101836,90.83,0.25780847840309146,93.745,0.3507652068376541,89.62,0.35248436052799226,89.47,0.1831176684617996,95.0725,0.27849663372039796,91.1,0.2824774241089821,90.93,3651.762244462967
CIFAR10,2,./checkpoints_AWP/CIFAR10_CO/Any_10_N1000/Run2_full_checkpoint.pth,AWP,CMC,Any,t,10,0.20054381692409515,94.405,0.3081087404251099,89.66,0.29509408746957777,90.56,0.26349549765586855,92.395,0.3707280535697937,87.81,0.35154525485038757,88.44,0.18796486649513244,95.2775,0.2979097007751465,90.63,0.28371283204555514,91.19,3654.341235399246
CIFAR10,3,./checkpoints_AWP/CIFAR10_CO/Any_10_N1000/Run3_full_checkpoint.pth,AWP,CMC,Any,t,10,0.19533394536972046,94.7725,0.27637870101928713,91.45,0.29048117554187775,90.89,0.23463213918209075,93.065,0.30991951022148134,89.62,0.3256842357635498,89.28,0.19224667274951934,95.06,0.2786733887195587,91.52,0.28915038113594055,90.8,3657.289097070694
CIFAR10,1,./checkpoints_AWP/CIFAR10_CO/Correct_1_N100/Run1_full_checkpoint.pth,AWP,CMC,Correct,t,1,0.19010614194869996,94.9925,0.27741423652172087,91.04,0.28791280884742737,90.87,0.19101682939529419,94.8825,0.2870364872932434,90.4,0.2857653311252594,90.92,0.1895972086429596,95.0625,0.2821600254297256,91.05,0.2827157917022705,90.88,1193.8863408565521
CIFAR10,2,./checkpoints_AWP/CIFAR10_CO/Correct_1_N100/Run2_full_checkpoint.pth,AWP,CMC,Correct,t,1,0.20169349241256715,94.355,0.3085749809265137,89.83,0.29646368145942686,90.49,0.1991152815103531,94.5625,0.30819834899902343,89.78,0.2957224534392357,90.75,0.18307308793067933,95.305,0.2911467158317566,90.49,0.2824584136009216,90.93,646.3797876834869
CIFAR10,3,./checkpoints_AWP/CIFAR10_CO/Correct_1_N100/Run3_full_checkpoint.pth,AWP,CMC,Correct,t,1,0.1966773514032364,94.6725,0.2764397832870483,91.39,0.284548526763916,90.87,0.19664716062545776,94.675,0.2739629150390625,91.6,0.2885450989484787,90.88,0.1859163314461708,94.5775,0.2774522932052612,90.96,0.28033982586860656,90.82,1503.7933645248413
CIFAR10,1,./checkpoints_AWP/CIFAR10_CO/Any_1_N100/Run1_full_checkpoint.pth,AWP,CMC,Any,t,1,0.19085631184577942,94.9625,0.2814230225801468,91.14,0.28535178687572477,90.63,0.1916974126458168,94.8575,0.2784705108165741,91.08,0.284777996635437,90.62,0.1763540360569954,95.2825,0.2737263609647751,91.29,0.2755307503461838,91.11,1508.966632604599
CIFAR10,2,./checkpoints_AWP/CIFAR10_CO/Any_1_N100/Run2_full_checkpoint.pth,AWP,CMC,Any,t,1,0.20035253937244416,94.35,0.30671590719223024,89.86,0.29531864537000657,90.41,0.2007336315870285,94.345,0.30775321130752564,89.99,0.2954215671777725,90.51,0.20274735217094422,94.645,0.30481988096237184,90.09,0.29503659002780913,90.56,943.9892158508301
CIFAR10,3,./checkpoints_AWP/CIFAR10_CO/Any_1_N100/Run3_full_checkpoint.pth,AWP,CMC,Any,t,1,0.1952790593624115,94.725,0.2750864850997925,91.41,0.29067346959114077,90.72,0.19545039279460907,94.69,0.27432832746505736,91.31,0.2860257839679718,90.96,0.18852436695098876,94.9825,0.27214265384674075,91.39,0.28145675549507143,90.99,675.1304323673248
CIFAR10,1,./checkpoints_AWP/CIFAR10_CO/Correct_1_N250/Run1_full_checkpoint.pth,AWP,CMC,Correct,t,1,0.19153283321857453,94.9025,0.28129367535114286,90.79,0.28375238761901855,90.8,0.1914338083267212,94.9575,0.28136411185264587,90.8,0.2872785793304443,90.66,0.02877500459253788,99.5625,0.14954400525093078,94.79,0.1484115585207939,95.04,3606.7884333133698
CIFAR10,2,./checkpoints_AWP/CIFAR10_CO/Correct_1_N250/Run2_full_checkpoint.pth,AWP,CMC,Correct,t,1,0.1993745108127594,94.43,0.30518561077117917,90.18,0.29421466946601865,90.52,0.19890370762348175,94.49,0.30466673917770387,90.1,0.28934486343860627,90.83,0.18198506729602815,95.125,0.28866231770515444,90.59,0.27328833661079405,91.27,3607.447546005249
CIFAR10,3,./checkpoints_AWP/CIFAR10_CO/Correct_1_N250/Run3_full_checkpoint.pth,AWP,CMC,Correct,t,1,0.1953612910747528,94.745,0.2746366775512695,91.55,0.2905310090303421,90.54,0.1996364837408066,94.55,0.27588378314971923,91.43,0.29623199543952944,90.22,0.02702676447033882,99.6575,0.1477520538210869,95.19,0.1517606614112854,94.69,-1.0
CIFAR10,1,./checkpoints_AWP/CIFAR10_CO/Any_1_N250/Run1_full_checkpoint.pth,AWP,CMC,Any,t,1,0.19210282192230224,94.81,0.2780116597414017,91.22,0.28649561829566955,90.74,0.19184295717477798,94.8975,0.27702780733108523,91.02,0.2875696106433868,90.64,0.17736421852111817,95.1725,0.27776955486536026,90.89,0.2767550444126129,90.94,1085.7462842464447
CIFAR10,2,./checkpoints_AWP/CIFAR10_CO/Any_1_N250/Run2_full_checkpoint.pth,AWP,CMC,Any,t,1,0.200336696267128,94.4775,0.3086323640823364,89.64,0.2932007626414299,90.79,0.20318204720020294,94.3175,0.3086331027984619,89.92,0.29590298281908034,90.49,0.1815221881389618,94.97,0.29040653743743894,90.55,0.27497060317993166,90.9,3606.342233657837
CIFAR10,3,./checkpoints_AWP/CIFAR10_CO/Any_1_N250/Run3_full_checkpoint.pth,AWP,CMC,Any,t,1,0.19650131769180298,94.72,0.27356020612716675,91.45,0.2895323310613632,90.52,0.19700493924617768,94.6725,0.27606393976211546,91.22,0.2912250874042511,90.67,0.1966622617959976,94.52,0.28166594994068145,91.06,0.29475921170711517,90.57,3606.3275332450867
CIFAR10,1,./checkpoints_AWP/CIFAR10_CO/Correct_1_N500/Run1_full_checkpoint.pth,AWP,CMC,Correct,t,1,0.19185948009490966,94.875,0.27882246997356414,90.74,0.28289230296611784,90.7,0.1905124193906784,94.95,0.27555662270784376,91.18,0.2859943236351013,90.78,0.02256617724597454,99.765,0.14546911926865577,94.88,0.14870723958015442,95.14,1759.6254770755768
CIFAR10,2,./checkpoints_AWP/CIFAR10_CO/Correct_1_N500/Run2_full_checkpoint.pth,AWP,CMC,Correct,t,1,0.19970714712142945,94.435,0.30327216567993165,89.99,0.2941357608556747,90.47,0.19994605956077577,94.44,0.3078040577888489,89.71,0.2958388040423393,90.62,0.17557045559883117,94.9525,0.2850437955856323,90.52,0.2758050337553024,91.02,3614.2215209007263
CIFAR10,3,./checkpoints_AWP/CIFAR10_CO/Correct_1_N500/Run3_full_checkpoint.pth,AWP,CMC,Correct,t,1,0.19518965728282928,94.7675,0.27265046520233155,91.47,0.2875426197052002,90.88,0.1981424779176712,94.605,0.2725601870059967,91.51,0.2926718817234039,90.68,0.18297126386165619,95.025,0.269563351726532,91.45,0.2769542944908142,91.04,3617.1060638427734
CIFAR10,1,./checkpoints_AWP/CIFAR10_CO/Any_1_N500/Run1_full_checkpoint.pth,AWP,CMC,Any,t,1,0.1918351711511612,94.8825,0.28188715682029725,91.05,0.2860326772212982,90.64,0.1900485563993454,94.925,0.2810167789101601,90.75,0.2833685439348221,90.81,0.184564555478096,95.545,0.27828640294075013,91.46,0.277671137714386,91.68,3613.337055683136
CIFAR10,2,./checkpoints_AWP/CIFAR10_CO/Any_1_N500/Run2_full_checkpoint.pth,AWP,CMC,Any,t,1,0.20000390446186064,94.4425,0.30764176511764524,89.86,0.2948389944553375,90.42,0.20568019933700563,94.2375,0.31410603866577147,89.52,0.3009215905070305,90.42,0.17457345151901246,95.1425,0.2826409170150757,90.58,0.2738407247543335,90.94,3613.089282274246
CIFAR10,3,./checkpoints_AWP/CIFAR10_CO/Any_1_N500/Run3_full_checkpoint.pth,AWP,CMC,Any,t,1,0.19629611322879792,94.6925,0.27378919186592104,91.63,0.2908729683160782,90.63,0.19612815440893172,94.5825,0.2769958478927612,91.28,0.2858715287923813,90.9,0.1840266335964203,95.0975,0.2671783381462097,91.75,0.2770290850162506,91.03,-1.0
CIFAR10,1,./checkpoints_AWP/CIFAR10_CO/Correct_1_N750/Run1_full_checkpoint.pth,AWP,CMC,Correct,t,1,0.19176406848430633,94.8525,0.28044554686546325,90.97,0.28769004645347596,90.69,0.19093897778987884,94.9625,0.2783157331943512,90.67,0.2839094556808472,90.67,0.021482213987410067,99.8,0.15568123112916946,94.78,0.15030205128192903,94.71,3628.236895084381
CIFAR10,2,./checkpoints_AWP/CIFAR10_CO/Correct_1_N750/Run2_full_checkpoint.pth,AWP,CMC,Correct,t,1,0.20070070469379425,94.3725,0.3061092974662781,90.08,0.29680366200208663,90.54,0.2043528002977371,94.1825,0.30931713809967043,89.87,0.2971671229600906,90.43,0.1966002025127411,94.4375,0.301881866645813,89.86,0.29224174275398257,90.32,3628.987169981003
CIFAR10,3,./checkpoints_AWP/CIFAR10_CO/Correct_1_N750/Run3_full_checkpoint.pth,AWP,CMC,Correct,t,1,0.19510561094284057,94.7525,0.27475466709136964,91.6,0.2910913993597031,90.66,0.19846749079227446,94.6825,0.27795806698799136,91.14,0.290287672328949,90.66,0.18026670331954955,95.2425,0.2698925639152527,91.28,0.27525299611091614,90.96,3620.288083791733
CIFAR10,1,./checkpoints_AWP/CIFAR10_CO/Any_1_N750/Run1_full_checkpoint.pth,AWP,CMC,Any,t,1,0.19237965717315675,94.8425,0.2809382687330246,90.87,0.28857011353969575,90.74,0.21352643287181855,94.105,0.3020866814136505,90.3,0.3198261172771454,89.59,0.17134015440940856,95.48,0.26703804674148557,91.31,0.2643129554390907,91.72,3619.2424273490906
CIFAR10,2,./checkpoints_AWP/CIFAR10_CO/Any_1_N750/Run2_full_checkpoint.pth,AWP,CMC,Any,t,1,0.2008160387635231,94.3775,0.30639977436065674,89.68,0.2940995449304581,90.77,0.20299500613212584,94.2075,0.311837813949585,89.69,0.29549530494213105,90.58,0.17771007661819457,95.2875,0.2883439775466919,90.4,0.2824647480010986,90.67,3654.4590384960175
CIFAR10,3,./checkpoints_AWP/CIFAR10_CO/Any_1_N1000/Run3_full_checkpoint.pth,AWP,CMC,Any,t,1,0.19546985788345336,94.7575,0.2759544755935669,91.55,0.290323849439621,90.81,0.1950419946908951,94.785,0.27417025508880616,91.35,0.2865426074504852,90.79,0.180535645031929,95.1075,0.2771515477657318,91.22,0.2732243886709213,91.47,2159.7118377685547
CIFAR10,3,./checkpoints_AWP/CIFAR10_CO/Any_1_N750/Run3_full_checkpoint.pth,AWP,CMC,Any,t,1,0.1973906034708023,94.6375,0.2762407088756561,91.51,0.2855137420654297,90.96,0.20372696805000307,94.2375,0.28580491461753843,91.04,0.2968740978002548,90.27,0.19755766649246215,94.4875,0.282949964094162,91.01,0.2907540168762207,90.78,3622.33371758461
CIFAR10,1,./checkpoints_AWP/CIFAR10_CO/Correct_1_N1000/Run1_full_checkpoint.pth,AWP,CMC,Correct,t,1,0.19215487291812897,94.8725,0.2819234806776047,91.08,0.28368252687454226,91.0,0.20989409613609314,94.43,0.3010884991884232,90.74,0.30167729098796847,90.63,0.18451370527744293,94.76,0.28498482484817506,90.45,0.27900813326835633,91.11,3647.600471973419
CIFAR10,2,./checkpoints_AWP/CIFAR10_CO/Correct_1_N1000/Run2_full_checkpoint.pth,AWP,CMC,Correct,t,1,0.20073683655261992,94.325,0.3071741588592529,89.59,0.2920289204120636,90.36,0.20151962449550628,94.3625,0.3070954395294189,89.99,0.2951085497736931,90.47,0.04735864555239677,99.2125,0.17155312900543213,94.37,0.16102169897556304,94.76,3643.3420181274414
CIFAR10,1,./checkpoints_AWP/CIFAR10_CO/Any_1_N1000/Run1_full_checkpoint.pth,AWP,CMC,Any,t,1,0.19048564574718474,94.97,0.2810308326482773,90.72,0.28323064727783204,91.13,0.19231320152282716,94.8275,0.27894964544773104,90.94,0.28746829504966737,90.68,0.19240357937812805,94.95,0.28952918736934663,90.74,0.2896964441776276,90.76,2036.0407876968384
CIFAR10,2,./checkpoints_AWP/CIFAR10_CO/Any_1_N1000/Run2_full_checkpoint.pth,AWP,CMC,Any,t,1,0.19935897018909454,94.4875,0.3058439509391785,89.84,0.2919734952688217,90.54,0.2012142618894577,94.3525,0.3050797456741333,90.08,0.296458137178421,90.71,0.1873042361021042,94.9825,0.2981210697174072,90.27,0.2891294015407562,90.84,3636.3732373714447
CIFAR10,3,./checkpoints_AWP/CIFAR10_CO/Any_1_N1000/Run3_full_checkpoint.pth,AWP,CMC,Any,t,1,0.19658786070346831,94.7425,0.2722464295387268,91.49,0.29032923436164854,90.36,0.19609876611232757,94.755,0.28059316749572755,91.26,0.28702755911350253,90.8,0.1818383435487747,94.9875,0.2745296241283417,91.01,0.27401464710235596,91.23,-1.0
CIFAR10,3,./checkpoints_AWP/CIFAR10_CO/Correct_10_N1000/Run3_full_checkpoint.pth,AWP,CMC,Correct,t,10,0.19577602510452272,94.5475,0.27555971636772153,91.24,0.28903541958332063,90.61,0.2482217137336731,93.5525,0.3291084493160248,90.08,0.33986607480049136,89.49,0.02924710457324982,99.6225,0.14457011238336562,95.18,0.1510745646238327,94.97,3655.9100589752197
CIFAR10,3,./checkpoints_AWP/CIFAR10_CO/Correct_1_N1000/Run3_full_checkpoint.pth,AWP,CMC,Correct,t,1,0.19639449733495712,94.71,0.27451678018569947,91.5,0.28938283648490903,90.71,0.20125496621131897,94.455,0.2828607611656189,91.23,0.29642811951637266,90.59,0.1893703818798065,94.8325,0.272738337469101,91.27,0.2781933431148529,91.37,3646.3880710601807
office31,1,./checkpoints_AWP/office31_CO/Correct_1_N1000/Run1_full_checkpoint.pth,AWP,CMC,Correct,t,1,0.06665636758158357,99.00166389351081,0.8646092303759522,77.33333333333333,0.8666930310891322,78.86323268206039,0.0843154685370339,98.83527454242929,0.9064439298667841,77.11111111111111,0.8943799016318991,77.797513321492,0.019976670104357882,99.44536882972822,0.8434760832724472,78.0,0.8506789503893675,78.86323268206039,3694.4264323711395
office31,3,./checkpoints_AWP/office31_CO/Correct_1_N1000/Run3_full_checkpoint.pth,AWP,CMC,Correct,t,1,0.014692680825839874,99.55629506378258,0.9437932321760389,75.77777777777777,0.8026241684468135,79.57371225577265,0.02499113509021348,99.44536882972822,0.9751554213629828,75.55555555555556,0.8378243804189706,78.86323268206039,0.01449940626998135,99.72268441486412,0.9486305385165744,76.22222222222223,0.8222641107455875,78.86323268206039,3687.724141359329
office31,2,./checkpoints_AWP/office31_CO/Any_1_N1000/Run2_full_checkpoint.pth,AWP,CMC,Any,t,1,0.1897737028462584,97.06045479755963,0.9451805800861782,74.0,0.921670269055646,76.02131438721136,0.1900163012258688,97.00499168053244,0.9457968321111467,74.0,0.9215068172392159,76.02131438721136,0.04792534752324827,99.33444259567388,0.9243129232194689,74.88888888888889,0.8946059392781707,79.04085257548846,3678.2173821926117
office31,3,./checkpoints_AWP/office31_CO/Any_1_N1000/Run3_full_checkpoint.pth,AWP,CMC,Any,t,1,0.014692681424833185,99.55629506378258,0.9437932321760389,75.77777777777777,0.8026241684468135,79.57371225577265,0.014856388724405945,99.50083194675541,0.9432263024648031,75.77777777777777,0.8026855517026587,79.7513321492007,0.010890715779476819,99.50083194675541,0.9462407302856445,75.33333333333333,0.8089046532265035,79.21847246891652,3677.769958257675
office31,1,./checkpoints_AWP/office31_CO/Any_10_N1000/Run1_full_checkpoint.pth,AWP,CMC,Any,t,10,0.06665633668832757,99.00166389351081,0.8646092303759522,77.33333333333333,0.8666930310891322,78.86323268206039,0.08893776639130667,98.22518025513034,0.8932240564852125,75.11111111111111,0.8955584218192905,77.44227353463587,0.04991649578858004,99.2789794786467,0.8761249690254529,78.22222222222223,0.8608251217203496,76.55417406749557,3677.856747150421
office31,2,./checkpoints_AWP/office31_CO/Any_10_N1000/Run2_full_checkpoint.pth,AWP,CMC,Any,t,10,0.18977373793795582,97.06045479755963,0.9451805800861782,74.0,0.921670269055646,76.02131438721136,0.21877056686698365,96.06211869107044,0.9545033660199908,73.77777777777777,0.9415872625305216,76.02131438721136,0.028260679093634538,99.44536882972822,0.9271318316459656,75.11111111111111,0.8777551025311011,78.50799289520427,3678.557103872299
office31,3,./checkpoints_AWP/office31_CO/Any_10_N1000/Run3_full_checkpoint.pth,AWP,CMC,Any,t,10,0.014692677247763627,99.55629506378258,0.9437932321760389,75.77777777777777,0.8026241684468135,79.57371225577265,0.04297085595252617,99.00166389351081,0.9588053756290011,74.88888888888889,0.8298075237240292,79.04085257548846,0.009169039600992373,99.66722129783693,0.9356920454237196,77.11111111111111,0.8227129174168114,80.2841918294849,3679.072920322418
office31,1,./checkpoints_AWP/office31_CO/Any_1_N1000/Run1_full_checkpoint.pth,AWP,CMC,Any,t,1,0.06665641687866207,99.00166389351081,0.8646092303759522,77.33333333333333,0.8666930310891322,78.86323268206039,0.06743360507310768,99.11259012756517,0.8655598084297446,77.33333333333333,0.867540959566567,79.04085257548846,0.015466062473512864,99.38990571270105,0.8372378697743018,79.33333333333333,0.8490756409206357,78.68561278863233,3679.005811214447
Caltech101,1,./checkpoints_SAM/Caltech101_CO/Correct_1_N1000/Run1_full_checkpoint.pth,SAM,CMC,Correct,t,1,0.0030879566488523484,100.0,0.278221574851772,92.77478862413528,0.3205337179537026,91.79345320424159,0.0063163653151870995,99.98079139454475,0.28455425907702375,92.62106072252114,0.32601023730235806,91.79345320424159,0.0030916024156342698,100.0,0.28409782333799183,92.85165257494235,0.3080315431000286,92.39280774550484,3666.8326845169067
Caltech101,2,./checkpoints_SAM/Caltech101_CO/Correct_1_N1000/Run2_full_checkpoint.pth,SAM,CMC,Correct,t,1,0.004747795376495884,100.0,0.24526282837993818,93.23597232897771,0.31327381995263986,92.48501613646842,0.0055681582480523045,99.98079139454475,0.25064566594009485,93.0053804765565,0.3274049662730286,92.20839096357768,0.0061290768347966795,99.96158278908952,0.2686125455362626,93.23597232897771,0.3290365070942746,91.97786998616874,3663.969622373581
Caltech101,3,./checkpoints_SAM/Caltech101_CO/Correct_1_N1000/Run3_full_checkpoint.pth,SAM,CMC,Correct,t,1,0.005093351138531704,100.0,0.3111552861615798,92.23674096848578,0.34097934612182496,91.79345320424159,0.006320922791491299,99.96158278908952,0.3194405865682995,91.9292851652575,0.3522887277666354,91.19409866297833,0.002656724375786773,100.0,0.28753639385963203,93.08224442736356,0.36407951699417823,91.14799446749655,3666.9191601276398
Caltech101,1,./checkpoints_SAM/Caltech101_CO/Any_1_N1000/Run1_full_checkpoint.pth,SAM,CMC,Any,t,1,0.003087959000415015,100.0,0.278221574851772,92.77478862413528,0.3205337179537026,91.79345320424159,0.01072332970366881,99.98079139454475,0.2858374476100645,92.6979246733282,0.3379813966634582,91.42461964038728,0.003698471859093903,100.0,0.276789885334997,93.92774788624135,0.32393533173465905,92.43891194098663,3664.0400247573853
Caltech101,2,./checkpoints_SAM/Caltech101_CO/Any_1_N1000/Run2_full_checkpoint.pth,SAM,CMC,Any,t,1,0.004747794756717347,100.0,0.24526282837993818,93.23597232897771,0.31327381995263986,92.48501613646842,0.006828397479519402,99.94237418363427,0.26058735191638793,92.92851652574943,0.32663907715943397,92.1622867680959,0.0038162620625087633,100.0,0.24953970659544247,94.23520368946964,0.3324409526626379,92.48501613646842,3664.2226252555847
Caltech101,3,./checkpoints_SAM/Caltech101_CO/Any_1_N1000/Run3_full_checkpoint.pth,SAM,CMC,Any,t,1,0.0050933553935273695,100.0,0.3111552861615798,92.23674096848578,0.34097934612182496,91.79345320424159,0.010440221827375605,99.96158278908952,0.3282487852517501,91.85242121445042,0.351656057102002,91.51682803135085,0.0034525542650758203,100.0,0.3022353754054575,92.15987701767871,0.3436312017736483,91.10189027201476,3664.0857610702515
Caltech101,1,./checkpoints_SAM/Caltech101_CO/Correct_10_N1000/Run1_full_checkpoint.pth,SAM,CMC,Correct,t,10,0.0030879585204422015,100.0,0.278221574851772,92.77478862413528,0.3205337179537026,91.79345320424159,0.14356653214851986,98.07913945447561,0.5132732132161973,87.77863182167563,0.5841606147913627,86.44536652835409,0.003382801489805773,100.0,0.2865856264007037,93.38970023059186,0.34805258640692277,91.24020285846012,3664.1917510032654
Caltech101,2,./checkpoints_SAM/Caltech101_CO/Correct_10_N1000/Run2_full_checkpoint.pth,SAM,CMC,Correct,t,10,0.004747797043788699,100.0,0.24526282837993818,93.23597232897771,0.31327381995263986,92.48501613646842,0.02644447828032995,99.36611601997694,0.254873166689728,93.0053804765565,0.3343262824390054,91.83955739972338,0.00415893812263846,100.0,0.25383744919121404,93.31283627978478,0.32000559134217327,91.88566159520516,3666.6226296424866
Caltech101,3,./checkpoints_SAM/Caltech101_CO/Correct_10_N1000/Run3_full_checkpoint.pth,SAM,CMC,Correct,t,10,0.005093362251789671,100.0,0.3111552861615798,92.23674096848578,0.34097934612182496,91.79345320424159,0.32161952770997415,96.71532846715328,0.6856224628066577,86.39508070714835,0.7230485899896872,86.16874135546335,0.002867391139152236,100.0,0.2983496681394071,92.85165257494235,0.3371752833354138,92.07007837713232,3664.1808631420135
Caltech101,1,./checkpoints_SAM/Caltech101_CO/Any_10_N1000/Run1_full_checkpoint.pth,SAM,CMC,Any,t,10,0.0030879570622765647,100.0,0.278221574851772,92.77478862413528,0.3205337179537026,91.79345320424159,0.03040944272026139,99.32769880906646,0.3259366814284761,91.6218293620292,0.3565472010617544,90.87136929460581,0.0038507562230870305,100.0,0.2890958703430133,93.0053804765565,0.3224761684186011,91.97786998616874,3663.854775428772
Caltech101,2,./checkpoints_SAM/Caltech101_CO/Any_10_N1000/Run2_full_checkpoint.pth,SAM,CMC,Any,t,10,0.004747792781816164,100.0,0.24526282837993818,93.23597232897771,0.31327381995263986,92.48501613646842,0.03752262366894823,98.82827506723012,0.32289334675791076,91.31437355880092,0.41129400924967974,89.99538958045181,0.003225906019389223,100.0,0.23219252601094104,94.31206764027671,0.2985387456553111,92.85384970032273,3666.160923719406
Caltech101,3,./checkpoints_SAM/Caltech101_CO/Any_10_N1000/Run3_full_checkpoint.pth,SAM,CMC,Any,t,10,0.005093356853481948,100.0,0.3111552861615798,92.23674096848578,0.34097934612182496,91.79345320424159,0.014831348200862826,99.25086438724549,0.32133418839026834,92.00614911606456,0.35221795342027895,91.56293222683264,0.0030013568924050858,100.0,0.301104314207206,92.92851652574943,0.3370311583734537,91.97786998616874,3666.1106882095337
