Dataset,Row,Col,Val_Size,Type,Tr_Acc,Val_Acc,Tr_loss,Val_loss
cleve.csv,303,13,0.2,TrainA,0.8347107438016529,0.8360655737704918,0.41502854228019714,0.42113757133483887
cleve.csv,303,13,0.2,TrainB,0.8388429752066116,0.8360655737704918,0.40774601697921753,0.42182478308677673
cleve.csv,303,13,0.2,TrainD,0.8347107438016529,0.8524590163934426,0.4049411118030548,0.4204685688018799
fri_c2_100_10.csv,100,10,0.2,TrainA,0.85,0.75,0.4324799180030823,0.4442073702812195
fri_c2_100_10.csv,100,10,0.2,TrainB,0.825,0.75,0.4312601089477539,0.44361352920532227
fri_c2_100_10.csv,100,10,0.2,TrainD,0.825,0.75,0.42648616433143616,0.44504207372665405
AP_Breast_Kidney.csv,604,10935,0.2,TrainA,0.9937888198757764,0.9834710743801653,0.22582080960273743,0.27301475405693054
AP_Breast_Kidney.csv,604,10935,0.2,TrainB,0.9937888198757764,0.9834710743801653,0.1534276306629181,0.211155965924263
fri_c3_100_5.csv,100,5,0.2,TrainA,0.7875,0.6,0.6479206085205078,0.6891649961471558
fri_c3_100_5.csv,100,5,0.2,TrainB,0.7875,0.6,0.6384146213531494,0.6903809309005737
fri_c3_100_5.csv,100,5,0.2,TrainD,0.7875,0.6,0.6385132074356079,0.6910845637321472
tecator.csv,240,124,0.2,TrainA,0.9895833333333334,0.9375,0.08187825232744217,0.20547468960285187
tecator.csv,240,124,0.2,TrainB,0.9947916666666666,0.9375,0.07089052349328995,0.21420495212078094
tecator.csv,240,124,0.2,TrainD,0.9895833333333334,0.9375,0.06251876056194305,0.22657833993434906
fri_c3_1000_50.csv,1000,50,0.2,TrainA,0.80375,0.615,0.5242559313774109,0.6241155862808228
fri_c3_1000_50.csv,1000,50,0.2,TrainB,0.8125,0.615,0.5083779692649841,0.6253852844238281
fri_c3_1000_50.csv,1000,50,0.2,TrainD,0.82625,0.61,0.5057916045188904,0.6259440779685974
fri_c2_500_50.csv,500,50,0.2,TrainA,0.835,0.73,0.4142126142978668,0.6615098714828491
fri_c2_500_50.csv,500,50,0.2,TrainB,0.845,0.74,0.3964061737060547,0.6615057587623596
fri_c2_500_50.csv,500,50,0.2,TrainD,0.8425,0.73,0.4005838632583618,0.6665692329406738
autoUniv-au1-1000.csv,1000,20,0.2,TrainA,0.76625,0.71,0.49392613768577576,0.5692562460899353
autoUniv-au1-1000.csv,1000,20,0.2,TrainB,0.7725,0.705,0.4862430691719055,0.5713355541229248
autoUniv-au1-1000.csv,1000,20,0.2,TrainD,0.77875,0.71,0.4763217568397522,0.563930869102478
acute-inflammations.csv,120,6,0.2,TrainA,1.0,1.0,0.0010515141766518354,0.0012998906895518303
acute-inflammations.csv,120,6,0.2,TrainB,1.0,1.0,0.00019321608124300838,0.00026993313804268837
acute-inflammations.csv,120,6,0.2,TrainD,1.0,1.0,0.015132579952478409,0.01458446029573679
qsar-biodeg.csv,1055,41,0.2,TrainA,0.9040284360189573,0.8862559241706162,0.2675570845603943,0.3157467246055603
qsar-biodeg.csv,1055,41,0.2,TrainB,0.9052132701421801,0.8815165876777251,0.2632792890071869,0.31890109181404114
qsar-biodeg.csv,1055,41,0.2,TrainD,0.9016587677725119,0.8815165876777251,0.2640224099159241,0.31870588660240173
credit_g.csv,1000,20,0.2,TrainA,0.69875,0.705,0.49889999628067017,0.5474376678466797
credit_g.csv,1000,20,0.2,TrainB,0.69875,0.705,0.4929756820201874,0.5473156571388245
fri_c3_500_25.csv,500,25,0.2,TrainA,0.7975,0.7,0.5107364058494568,0.6022525429725647
fri_c3_500_25.csv,500,25,0.2,TrainB,0.795,0.69,0.5002766251564026,0.6027960181236267
fri_c3_500_25.csv,500,25,0.2,TrainD,0.795,0.72,0.5039518475532532,0.6008154153823853
AP_Ovary_Kidney.csv,458,10935,0.2,TrainA,0.994535519125683,0.9565217391304348,0.02578681707382202,0.12814100086688995
AP_Ovary_Kidney.csv,458,10935,0.2,TrainB,0.994535519125683,0.967391304347826,0.00983439665287733,0.21298369765281677
fri_c4_250_25.csv,250,25,0.2,TrainA,0.55,0.52,0.6703960299491882,0.6962175965309143
fri_c4_250_25.csv,250,25,0.2,TrainB,0.55,0.52,0.6468401551246643,0.7015283703804016
fri_c2_250_5.csv,250,5,0.2,TrainA,0.785,0.72,0.5114017724990845,0.5844130516052246
fri_c2_250_5.csv,250,5,0.2,TrainB,0.795,0.72,0.502204179763794,0.5805161595344543
fri_c2_250_5.csv,250,5,0.2,TrainD,0.795,0.72,0.4895888566970825,0.5611924529075623
kc1-top5.csv,145,94,0.2,TrainA,0.9482758620689655,0.9310344827586207,0.11576734483242035,0.22472956776618958
kc1-top5.csv,145,94,0.2,TrainB,0.9482758620689655,0.9310344827586207,0.0972137451171875,0.25621482729911804
breast.csv,699,10,0.2,TrainA,0.964221824686941,0.9857142857142858,0.08961803466081619,0.04618297889828682
breast.csv,699,10,0.2,TrainB,0.9660107334525939,0.9857142857142858,0.08836580067873001,0.04634816199541092
breast.csv,699,10,0.2,TrainD,0.9660107334525939,0.9857142857142858,0.08786685019731522,0.04424804821610451
strikes.csv,625,6,0.2,TrainA,0.698,0.648,0.5909901857376099,0.6130449175834656
strikes.csv,625,6,0.2,TrainB,0.708,0.656,0.5822856426239014,0.6113066673278809
strikes.csv,625,6,0.2,TrainD,0.7,0.64,0.5875589847564697,0.6124346256256104
arsenic-male-bladder.csv,559,4,0.2,TrainA,0.9642058165548099,0.9285714285714286,0.11768962442874908,0.1704723834991455
arsenic-male-bladder.csv,559,4,0.2,TrainB,0.9642058165548099,0.9285714285714286,0.1140696108341217,0.1623161882162094
flare.csv,1066,10,0.2,TrainA,0.8380281690140845,0.7990654205607477,0.38899102807044983,0.4660494923591614
flare.csv,1066,10,0.2,TrainB,0.8380281690140845,0.7990654205607477,0.3868987262248993,0.46684300899505615
fri_c0_500_50.csv,500,50,0.2,TrainA,0.9275,0.75,0.23041996359825134,0.48409217596054077
fri_c0_500_50.csv,500,50,0.2,TrainB,0.945,0.77,0.1999456286430359,0.5071820616722107
fri_c0_500_50.csv,500,50,0.2,TrainD,0.9475,0.76,0.19828054308891296,0.5171740055084229
AP_Omentum_Lung.csv,203,10935,0.2,TrainA,0.9382716049382716,0.8536585365853658,0.10224823653697968,0.6868501901626587
AP_Omentum_Lung.csv,203,10935,0.2,TrainB,0.9814814814814815,0.8536585365853658,0.035732682794332504,1.125886082649231
AP_Omentum_Lung.csv,203,10935,0.2,TrainD,0.9691358024691358,0.8536585365853658,0.07841456681489944,0.5028769969940186
AP_Prostate_Lung.csv,195,10935,0.2,TrainA,1.0,1.0,0.01258135586977005,1.3155802207620582e-06
AP_Prostate_Lung.csv,195,10935,0.2,TrainB,1.0,1.0,0.010090031661093235,7.631089715687267e-08
AP_Prostate_Lung.csv,195,10935,0.2,TrainD,1.0,1.0,0.0006062844768166542,1.7912665271069272e-06
AP_Endometrium_Breast.csv,405,10935,0.2,TrainA,1.0,0.9753086419753086,0.016828270629048347,0.19201353192329407
AP_Endometrium_Breast.csv,405,10935,0.2,TrainB,1.0,0.9753086419753086,0.009264307096600533,0.2308611422777176
AP_Endometrium_Breast.csv,405,10935,0.2,TrainD,1.0,0.9753086419753086,0.0032666390761733055,0.23889270424842834
fri_c0_250_50.csv,250,50,0.2,TrainA,0.965,0.78,0.19622117280960083,0.40300312638282776
fri_c0_250_50.csv,250,50,0.2,TrainB,0.97,0.8,0.17437395453453064,0.416316419839859
fri_c0_250_50.csv,250,50,0.2,TrainD,0.965,0.8,0.13084299862384796,0.4233880341053009
monk3.csv,554,6,0.2,TrainA,0.8961625282167043,0.8918918918918919,0.27896031737327576,0.3314208984375
monk3.csv,554,6,0.2,TrainB,0.891647855530474,0.8918918918918919,0.2071426808834076,0.2513880729675293
monk3.csv,554,6,0.2,TrainD,0.891647855530474,0.8918918918918919,0.2025020867586136,0.24796658754348755
house_votes_84.csv,435,16,0.2,TrainA,0.9798850574712644,0.9655172413793104,0.07523012161254883,0.13519392907619476
house_votes_84.csv,435,16,0.2,TrainB,0.9827586206896551,0.9540229885057471,0.06275879591703415,0.14478757977485657
house_votes_84.csv,435,16,0.2,TrainD,0.9798850574712644,0.9655172413793104,0.06651986390352249,0.13950011134147644
fri_c1_250_25.csv,250,25,0.2,TrainA,0.595,0.48,0.673168957233429,0.7154456973075867
fri_c1_250_25.csv,250,25,0.2,TrainB,0.76,0.62,0.5590006709098816,0.6555913686752319
oil_spill.csv,937,49,0.2,TrainA,0.9532710280373832,0.9680851063829787,0.08965520560741425,0.07488059252500534
oil_spill.csv,937,49,0.2,TrainB,0.9532710280373832,0.9680851063829787,0.07154734432697296,0.0733419805765152
oil_spill.csv,937,49,0.2,TrainD,0.9532710280373832,0.9680851063829787,0.07658661156892776,0.07857780903577805
fishcatch.csv,158,6,0.2,TrainA,0.9920634920634921,1.0,0.11474673449993134,0.18606047332286835
fishcatch.csv,158,6,0.2,TrainB,0.9920634920634921,0.96875,0.10252244025468826,0.17114439606666565
fishcatch.csv,158,6,0.2,TrainD,0.9920634920634921,1.0,0.11880294233560562,0.18891015648841858
Australian.csv,690,14,0.2,TrainA,0.8967391304347826,0.8913043478260869,0.28632625937461853,0.34738001227378845
Australian.csv,690,14,0.2,TrainB,0.8931159420289855,0.8913043478260869,0.2825862467288971,0.3481918275356293
Australian.csv,690,14,0.2,TrainD,0.8985507246376812,0.8913043478260869,0.27781033515930176,0.3451306223869324
AP_Prostate_Ovary.csv,267,10935,0.2,TrainA,1.0,0.9444444444444444,0.0720764696598053,0.17468024790287018
AP_Prostate_Ovary.csv,267,10935,0.2,TrainB,1.0,0.9629629629629629,0.008156735450029373,0.17290233075618744
AP_Prostate_Ovary.csv,267,10935,0.2,TrainD,1.0,0.9814814814814815,0.004080822225660086,0.06945467740297318
ilpd.csv,583,10,0.2,TrainA,0.7060085836909872,0.7435897435897436,0.5074639320373535,0.47064775228500366
ilpd.csv,583,10,0.2,TrainB,0.7060085836909872,0.7435897435897436,0.5069230794906616,0.46905410289764404
ilpd.csv,583,10,0.2,TrainD,0.7060085836909872,0.7435897435897436,0.5074472427368164,0.4683670401573181
PieChart1.csv,705,37,0.2,TrainA,0.9184397163120568,0.9148936170212766,0.16927902400493622,0.20295867323875427
PieChart1.csv,705,37,0.2,TrainB,0.9184397163120568,0.9148936170212766,0.1665104776620865,0.20308174192905426
PieChart1.csv,705,37,0.2,TrainD,0.9166666666666666,0.9148936170212766,0.16411833465099335,0.20734903216362
fri_c2_100_50.csv,100,50,0.2,TrainA,0.5875,0.55,0.665946364402771,0.7027217149734497
fri_c2_100_50.csv,100,50,0.2,TrainB,0.5875,0.55,0.654477596282959,0.7036257982254028
blood-transfusion-service-center.csv,748,4,0.2,TrainA,0.7759197324414716,0.76,0.4652499258518219,0.48269328474998474
blood-transfusion-service-center.csv,748,4,0.2,TrainB,0.7775919732441472,0.7666666666666667,0.4633466601371765,0.4818190634250641
blood-transfusion-service-center.csv,748,4,0.2,TrainD,0.7759197324414716,0.7666666666666667,0.46596917510032654,0.484170526266098
fri_c4_250_50.csv,250,50,0.2,TrainA,0.515,0.6,0.6830045580863953,0.6709964871406555
fri_c4_250_50.csv,250,50,0.2,TrainB,0.81,0.6,0.5477118492126465,0.656343400478363
fri_c4_250_50.csv,250,50,0.2,TrainD,0.795,0.66,0.4866824448108673,0.6670414805412292
fri_c0_500_25.csv,500,25,0.2,TrainA,0.8875,0.77,0.33600249886512756,0.48144227266311646
fri_c0_500_25.csv,500,25,0.2,TrainB,0.88,0.77,0.32518044114112854,0.489243745803833
fri_c0_500_25.csv,500,25,0.2,TrainD,0.8825,0.76,0.3173871636390686,0.487039715051651
fri_c4_100_50.csv,100,50,0.2,TrainA,0.7625,0.65,0.6057647466659546,0.6509783864021301
fri_c4_100_50.csv,100,50,0.2,TrainB,0.7875,0.7,0.581231415271759,0.6615669131278992
fri_c4_100_50.csv,100,50,0.2,TrainD,0.8125,0.7,0.5785571336746216,0.6554995179176331
fri_c2_500_5.csv,500,5,0.2,TrainA,0.785,0.72,0.5085235834121704,0.5503814220428467
fri_c2_500_5.csv,500,5,0.2,TrainB,0.785,0.73,0.49910080432891846,0.5324915647506714
fri_c2_500_5.csv,500,5,0.2,TrainD,0.79,0.72,0.4997749328613281,0.5389085412025452
arsenic-female-lung.csv,559,4,0.2,TrainA,0.9888143176733781,0.9732142857142857,0.053430527448654175,0.10107114166021347
arsenic-female-lung.csv,559,4,0.2,TrainB,0.9888143176733781,0.9732142857142857,0.048386938869953156,0.09294010698795319
arsenic-female-lung.csv,559,4,0.2,TrainD,0.9888143176733781,0.9821428571428571,0.04902118071913719,0.08166296035051346
fri_c0_500_5.csv,500,5,0.2,TrainA,0.84,0.79,0.41958749294281006,0.4395589530467987
fri_c0_500_5.csv,500,5,0.2,TrainB,0.855,0.79,0.40077221393585205,0.43221694231033325
fri_c0_500_5.csv,500,5,0.2,TrainD,0.85,0.78,0.40331199765205383,0.43304330110549927
analcatdata_vineyard.csv,468,3,0.2,TrainA,0.7112299465240641,0.6595744680851063,0.5700123310089111,0.6003174781799316
analcatdata_vineyard.csv,468,3,0.2,TrainB,0.7112299465240641,0.6595744680851063,0.56229168176651,0.5898858904838562
analcatdata_vineyard.csv,468,3,0.2,TrainD,0.7112299465240641,0.6595744680851063,0.5638365149497986,0.5907040238380432
pwLinear.csv,200,10,0.2,TrainA,0.91875,0.9,0.29669708013534546,0.35136282444000244
pwLinear.csv,200,10,0.2,TrainB,0.9125,0.9,0.27920475602149963,0.33469417691230774
pwLinear.csv,200,10,0.2,TrainD,0.91875,0.9,0.2735426425933838,0.3304862976074219
fri_c0_250_25.csv,250,25,0.2,TrainA,0.905,0.76,0.39723846316337585,0.5344427824020386
fri_c0_250_25.csv,250,25,0.2,TrainB,0.91,0.78,0.3589290678501129,0.5434132218360901
fri_c0_250_25.csv,250,25,0.2,TrainD,0.915,0.78,0.36865437030792236,0.5325486660003662
fri_c4_1000_10.csv,1000,10,0.2,TrainA,0.8025,0.785,0.5352017879486084,0.5373983383178711
fri_c4_1000_10.csv,1000,10,0.2,TrainB,0.815,0.8,0.5195021629333496,0.5200983285903931
fri_c4_1000_10.csv,1000,10,0.2,TrainD,0.81125,0.785,0.5256607532501221,0.5312119722366333
tokyo1.csv,959,44,0.2,TrainA,0.9530638852672751,0.9010416666666666,0.18763770163059235,0.27505621314048767
tokyo1.csv,959,44,0.2,TrainB,0.954367666232073,0.90625,0.17446798086166382,0.2761046588420868
tokyo1.csv,959,44,0.2,TrainD,0.9530638852672751,0.9010416666666666,0.17626099288463593,0.26927798986434937
fri_c0_100_50.csv,100,50,0.2,TrainA,0.9875,0.65,0.2418629378080368,0.5649752020835876
fri_c0_100_50.csv,100,50,0.2,TrainB,0.9875,0.65,0.20937535166740417,0.5670595765113831
fri_c0_100_50.csv,100,50,0.2,TrainD,0.9875,0.65,0.21054229140281677,0.5694974064826965
chscase_funds.csv,185,2,0.2,TrainA,0.6013513513513513,0.6486486486486487,0.681982159614563,0.6839509606361389
chscase_funds.csv,185,2,0.2,TrainB,0.7162162162162162,0.5675675675675675,0.6654890179634094,0.6874774098396301
chscase_funds.csv,185,2,0.2,TrainD,0.7027027027027027,0.5675675675675675,0.6680999398231506,0.686249315738678
analcatdata_challenger.csv,138,2,0.2,TrainA,0.9181818181818182,1.0,0.2668171226978302,0.10786737501621246
analcatdata_challenger.csv,138,2,0.2,TrainB,0.9181818181818182,1.0,0.2649693787097931,0.09983635693788528
triazines.csv,186,60,0.2,TrainA,0.8445945945945946,0.7894736842105263,0.4381752908229828,0.5574684739112854
triazines.csv,186,60,0.2,TrainB,0.8378378378378378,0.7894736842105263,0.41446104645729065,0.5570731163024902
triazines.csv,186,60,0.2,TrainD,0.8445945945945946,0.7894736842105263,0.4061695337295532,0.5539800524711609
backache.csv,180,31,0.2,TrainA,0.875,0.8333333333333334,0.26434382796287537,0.41392797231674194
backache.csv,180,31,0.2,TrainB,0.875,0.8333333333333334,0.2427082061767578,0.4334171712398529
backache.csv,180,31,0.2,TrainD,0.9027777777777778,0.8333333333333334,0.24924516677856445,0.42269957065582275
sleuth_case2002.csv,147,6,0.2,TrainA,0.6752136752136753,0.7,0.5852243304252625,0.5659708380699158
sleuth_case2002.csv,147,6,0.2,TrainB,0.6923076923076923,0.7,0.5797050595283508,0.5609102845191956
sleuth_case2002.csv,147,6,0.2,TrainD,0.6923076923076923,0.7,0.5824282765388489,0.5653467178344727
profb.csv,672,7,0.2,TrainA,0.6666666666666666,0.6666666666666666,0.6335167288780212,0.6387970447540283
profb.csv,672,7,0.2,TrainB,0.6834264432029795,0.6666666666666666,0.5922510027885437,0.609722912311554
profb.csv,672,7,0.2,TrainD,0.6834264432029795,0.6592592592592592,0.6191813945770264,0.6296144723892212
arcene.csv,200,10000,0.2,TrainA,0.9625,0.75,0.1790933907032013,0.4363324046134949
arcene.csv,200,10000,0.2,TrainB,0.96875,0.8,0.12434311211109161,0.47704967856407166
arcene.csv,200,10000,0.2,TrainD,0.96875,0.7,0.14602422714233398,0.5079944729804993
MegaWatt1.csv,253,37,0.2,TrainA,0.9158415841584159,0.803921568627451,0.28816184401512146,0.47336921095848083
MegaWatt1.csv,253,37,0.2,TrainB,0.9158415841584159,0.803921568627451,0.2650514841079712,0.49960431456565857
MegaWatt1.csv,253,37,0.2,TrainD,0.9158415841584159,0.803921568627451,0.2727143168449402,0.49889668822288513
chscase_census5.csv,400,7,0.2,TrainA,0.509375,0.525,0.6941530704498291,0.6936160326004028
chscase_census5.csv,400,7,0.2,TrainB,0.528125,0.4625,0.6914421319961548,0.6971513628959656
chscase_census5.csv,400,7,0.2,TrainD,0.534375,0.4625,0.6909376382827759,0.6973423361778259
climate-model-simulation-crashes.csv,540,20,0.2,TrainA,0.9166666666666666,0.9074074074074074,0.172309011220932,0.25890102982521057
climate-model-simulation-crashes.csv,540,20,0.2,TrainB,0.9166666666666666,0.9074074074074074,0.16480626165866852,0.26915672421455383
mofn-3-7-10.csv,1324,10,0.2,TrainA,1.0,1.0,1.2108864211768378e-05,1.0177171134273522e-05
mofn-3-7-10.csv,1324,10,0.2,TrainB,1.0,1.0,5.364794120055194e-08,4.714927115401224e-08
analcatdata_lawsuit.csv,264,4,0.2,TrainA,0.933649289099526,0.9056603773584906,0.16190946102142334,0.2509367763996124
analcatdata_lawsuit.csv,264,4,0.2,TrainB,0.933649289099526,0.9056603773584906,0.15223391354084015,0.2595316767692566
analcatdata_lawsuit.csv,264,4,0.2,TrainD,0.933649289099526,0.9056603773584906,0.1374543309211731,0.22853639721870422
chscase_census2.csv,400,7,0.2,TrainA,0.51875,0.525,0.6911941766738892,0.6941733360290527
chscase_census2.csv,400,7,0.2,TrainB,0.553125,0.45,0.6881554126739502,0.6952484846115112
chscase_census2.csv,400,7,0.2,TrainD,0.546875,0.5,0.6882811784744263,0.6949601769447327
AP_Breast_Lung.csv,470,10935,0.2,TrainA,0.9893617021276596,0.9680851063829787,0.04644771292805672,0.21613709628582
AP_Breast_Lung.csv,470,10935,0.2,TrainB,0.9893617021276596,0.9680851063829787,0.026776455342769623,0.3214164972305298
AP_Breast_Lung.csv,470,10935,0.2,TrainD,0.9946808510638298,0.9680851063829787,0.03550736606121063,0.3261689841747284
anthracyclineTaxaneChemotherapy.csv,159,61359,0.2,TrainA,0.9606299212598425,0.625,0.09386563301086426,1.711118221282959
anthracyclineTaxaneChemotherapy.csv,159,61359,0.2,TrainB,0.9606299212598425,0.59375,0.058840930461883545,2.4458422660827637
anthracyclineTaxaneChemotherapy.csv,159,61359,0.2,TrainD,0.9606299212598425,0.65625,0.05731585621833801,2.1635446548461914
wholesale-customers.csv,440,8,0.2,TrainA,0.9318181818181818,0.8977272727272727,0.22461523115634918,0.251043438911438
wholesale-customers.csv,440,8,0.2,TrainB,0.9346590909090909,0.8863636363636364,0.21836914122104645,0.2509725093841553
wholesale-customers.csv,440,8,0.2,TrainD,0.9375,0.8863636363636364,0.21691837906837463,0.2512500584125519
AP_Endometrium_Kidney.csv,321,10935,0.2,TrainA,0.97265625,0.9692307692307692,0.03288150951266289,0.062491439282894135
AP_Endometrium_Kidney.csv,321,10935,0.2,TrainB,0.97265625,0.9692307692307692,0.023157620802521706,0.0792207196354866
AP_Endometrium_Kidney.csv,321,10935,0.2,TrainD,0.77734375,0.8153846153846154,19.93922996520996,15.407447814941406
kc3.csv,458,39,0.2,TrainA,0.9289617486338798,0.9347826086956522,0.26484647393226624,0.2750665545463562
kc3.csv,458,39,0.2,TrainB,0.9371584699453552,0.9347826086956522,0.2122194916009903,0.23662179708480835
kc3.csv,458,39,0.2,TrainD,0.9398907103825137,0.9347826086956522,0.21928206086158752,0.2400428056716919
saheart.csv,462,9,0.2,TrainA,0.7479674796747967,0.7634408602150538,0.5198219418525696,0.5265443921089172
saheart.csv,462,9,0.2,TrainB,0.7506775067750677,0.7526881720430108,0.5139920115470886,0.5265998244285583
saheart.csv,462,9,0.2,TrainD,0.7506775067750677,0.7634408602150538,0.512163519859314,0.5258573889732361
ionosphere.csv,351,34,0.2,TrainA,0.975,0.8873239436619719,0.14754368364810944,0.28749459981918335
ionosphere.csv,351,34,0.2,TrainB,0.975,0.9014084507042254,0.11983978003263474,0.279859334230423
ionosphere.csv,351,34,0.2,TrainD,0.975,0.8873239436619719,0.11414576321840286,0.2936086356639862
fri_c1_500_25.csv,500,25,0.2,TrainA,0.735,0.57,0.5303756594657898,0.6581569910049438
fri_c1_500_25.csv,500,25,0.2,TrainB,0.7275,0.61,0.525693953037262,0.6607992649078369
fri_c1_500_25.csv,500,25,0.2,TrainD,0.7325,0.6,0.5240283012390137,0.660319983959198
mw1.csv,403,37,0.2,TrainA,0.9192546583850931,0.9382716049382716,0.22226369380950928,0.26236775517463684
mw1.csv,403,37,0.2,TrainB,0.9192546583850931,0.9382716049382716,0.21748563647270203,0.2663653790950775
chscase_vine2.csv,468,2,0.2,TrainA,0.7620320855614974,0.7127659574468085,0.5764044523239136,0.6058616042137146
chscase_vine2.csv,468,2,0.2,TrainB,0.7700534759358288,0.723404255319149,0.5667207837104797,0.5930109024047852
chscase_vine2.csv,468,2,0.2,TrainD,0.7727272727272727,0.723404255319149,0.5627024173736572,0.589418888092041
AP_Colon_Ovary.csv,484,10935,0.2,TrainA,0.979328165374677,0.9484536082474226,0.053499773144721985,0.2679734230041504
AP_Colon_Ovary.csv,484,10935,0.2,TrainB,0.9767441860465116,0.9484536082474226,0.03535988926887512,0.22018668055534363
AP_Colon_Ovary.csv,484,10935,0.2,TrainD,0.9741602067183462,0.9484536082474226,0.04238374903798103,0.3288794159889221
MeanWhile1.csv,253,37,0.2,TrainA,0.9158415841584159,0.803921568627451,0.3031004071235657,0.45725318789482117
MeanWhile1.csv,253,37,0.2,TrainB,0.9158415841584159,0.803921568627451,0.2841242551803589,0.47706180810928345
MeanWhile1.csv,253,37,0.2,TrainD,0.8960396039603961,0.7843137254901961,2.261916160583496,2.4239914417266846
fri_c3_250_5.csv,250,5,0.2,TrainA,0.8,0.8,0.5848133563995361,0.6340069770812988
fri_c3_250_5.csv,250,5,0.2,TrainB,0.785,0.78,0.5233423709869385,0.5861507654190063
fri_c3_250_5.csv,250,5,0.2,TrainD,0.8,0.8,0.5376941561698914,0.6002238988876343
vowel.csv,990,12,0.2,TrainA,0.9646464646464646,0.9343434343434344,0.13637681305408478,0.18612658977508545
vowel.csv,990,12,0.2,TrainB,0.9671717171717171,0.9343434343434344,0.12580886483192444,0.17843306064605713
vowel.csv,990,12,0.2,TrainD,0.9696969696969697,0.9343434343434344,0.12150013446807861,0.18167908489704132
no2.csv,500,7,0.2,TrainA,0.595,0.56,0.6625661253929138,0.6678877472877502
no2.csv,500,7,0.2,TrainB,0.5975,0.56,0.6606260538101196,0.6680652499198914
no2.csv,500,7,0.2,TrainD,0.5975,0.56,0.6617467403411865,0.6675145626068115
monks-problems-1.csv,556,6,0.2,TrainA,0.8445945945945946,0.8571428571428571,0.39900457859039307,0.42818745970726013
monks-problems-1.csv,556,6,0.2,TrainB,0.8423423423423423,0.8571428571428571,0.384207159280777,0.4088732600212097
monks-problems-1.csv,556,6,0.2,TrainD,0.8490990990990991,0.8571428571428571,0.38981395959854126,0.4189864695072174
wisconsin.csv,194,32,0.2,TrainA,0.6903225806451613,0.6923076923076923,0.6118053197860718,0.6190628409385681
wisconsin.csv,194,32,0.2,TrainB,0.6967741935483871,0.6923076923076923,0.6039712429046631,0.6199985146522522
wisconsin.csv,194,32,0.2,TrainD,0.6967741935483871,0.6666666666666666,0.6056526303291321,0.6218551993370056
fri_c2_1000_50.csv,1000,50,0.2,TrainA,0.81125,0.71,0.4618375301361084,0.5830695033073425
fri_c2_1000_50.csv,1000,50,0.2,TrainB,0.825,0.67,0.44441118836402893,0.6009616255760193
fri_c2_1000_50.csv,1000,50,0.2,TrainD,0.82375,0.68,0.4428403079509735,0.5913094878196716
xd6.csv,973,9,0.2,TrainA,1.0,1.0,0.064012810587883,0.06711341440677643
xd6.csv,973,9,0.2,TrainB,1.0,1.0,0.06092172861099243,0.06564483046531677
xd6.csv,973,9,0.2,TrainD,1.0,1.0,0.07541056722402573,0.07586266100406647
chscase_geyser1.csv,222,2,0.2,TrainA,0.8983050847457628,0.9333333333333333,0.3577497601509094,0.33151111006736755
chscase_geyser1.csv,222,2,0.2,TrainB,0.8983050847457628,0.9333333333333333,0.34350675344467163,0.3166264593601227
heart_statlog.csv,270,13,0.2,TrainA,0.8657407407407407,0.8703703703703703,0.34510359168052673,0.3675452470779419
heart_statlog.csv,270,13,0.2,TrainB,0.8611111111111112,0.8518518518518519,0.34056735038757324,0.3655148148536682
heart_statlog.csv,270,13,0.2,TrainD,0.8657407407407407,0.8518518518518519,0.3451188802719116,0.36969637870788574
grub-damage.csv,155,8,0.2,TrainA,0.7903225806451613,0.7741935483870968,0.48641204833984375,0.5336372256278992
grub-damage.csv,155,8,0.2,TrainB,0.7983870967741935,0.7419354838709677,0.47923099994659424,0.5360926985740662
grub-damage.csv,155,8,0.2,TrainD,0.7983870967741935,0.7741935483870968,0.4821401536464691,0.5356699228286743
molecular_biology_promoters.csv,106,57,0.2,TrainA,0.5,0.5,0.6907944083213806,0.7175564765930176
molecular_biology_promoters.csv,106,57,0.2,TrainB,0.5,0.5,0.6554287672042847,0.7169169783592224
molecular_biology_promoters.csv,106,57,0.2,TrainD,0.6666666666666666,0.36363636363636365,0.65925532579422,0.7082070708274841
fri_c3_250_10.csv,250,10,0.2,TrainA,0.76,0.74,0.48801475763320923,0.5508601665496826
fri_c3_250_10.csv,250,10,0.2,TrainB,0.775,0.76,0.48208144307136536,0.5464046001434326
fri_c3_250_10.csv,250,10,0.2,TrainD,0.775,0.74,0.4779413640499115,0.5411516427993774
fri_c3_1000_5.csv,1000,5,0.2,TrainA,0.795,0.785,0.5075221657752991,0.5056219696998596
fri_c3_1000_5.csv,1000,5,0.2,TrainB,0.79125,0.77,0.49913012981414795,0.49881622195243835
fri_c3_1000_5.csv,1000,5,0.2,TrainD,0.79125,0.77,0.5014176368713379,0.49920397996902466
AP_Colon_Uterus.csv,410,10935,0.2,TrainA,0.9939024390243902,0.9634146341463414,0.03406916931271553,0.1378033608198166
AP_Colon_Uterus.csv,410,10935,0.2,TrainB,0.9969512195121951,0.9634146341463414,0.024466199800372124,0.2883749008178711
AP_Colon_Uterus.csv,410,10935,0.2,TrainD,0.9969512195121951,0.9634146341463414,0.02574089728295803,1.5159417390823364
fertility.csv,100,9,0.2,TrainA,0.875,0.9,0.32806986570358276,0.4456128180027008
fertility.csv,100,9,0.2,TrainB,0.875,0.9,0.3054322302341461,0.46335095167160034
fertility.csv,100,9,0.2,TrainD,0.875,0.9,0.3147410750389099,0.48983272910118103
chscase_census4.csv,400,7,0.2,TrainA,0.534375,0.425,0.6872926354408264,0.7010208964347839
chscase_census4.csv,400,7,0.2,TrainB,0.5375,0.4375,0.6862663626670837,0.7016412019729614
chscase_census4.csv,400,7,0.2,TrainD,0.540625,0.45,0.6862276792526245,0.7019608020782471
PizzaCutter1.csv,661,37,0.2,TrainA,0.9204545454545454,0.924812030075188,0.16857382655143738,0.1875838190317154
PizzaCutter1.csv,661,37,0.2,TrainB,0.9204545454545454,0.924812030075188,0.16647233068943024,0.18872606754302979
PizzaCutter1.csv,661,37,0.2,TrainD,0.9204545454545454,0.924812030075188,0.16481426358222961,0.18251579999923706
fri_c4_250_10.csv,250,10,0.2,TrainA,0.685,0.52,0.613766074180603,0.6796193718910217
fri_c4_250_10.csv,250,10,0.2,TrainB,0.71,0.54,0.5794546604156494,0.6723025441169739
fri_c4_250_10.csv,250,10,0.2,TrainD,0.7,0.56,0.5791966915130615,0.6683751940727234
prnn_synth.csv,250,2,0.2,TrainA,0.865,0.84,0.4003048837184906,0.3650527596473694
prnn_synth.csv,250,2,0.2,TrainB,0.865,0.84,0.40061402320861816,0.36520349979400635
prnn_synth.csv,250,2,0.2,TrainD,0.865,0.84,0.39777180552482605,0.3635682761669159
AP_Colon_Prostate.csv,355,10935,0.2,TrainA,0.8028169014084507,0.8169014084507042,0.1652759164571762,0.29230159521102905
AP_Colon_Prostate.csv,355,10935,0.2,TrainB,0.8028169014084507,0.8169014084507042,0.14509226381778717,0.3742213845252991
AP_Colon_Prostate.csv,355,10935,0.2,TrainD,0.9929577464788732,0.9577464788732394,0.14052636921405792,0.1994398832321167
AP_Omentum_Kidney.csv,337,10935,0.2,TrainA,0.2342007434944238,0.20588235294117646,0.6103433966636658,0.7386664748191833
AP_Omentum_Kidney.csv,337,10935,0.2,TrainB,1.0,0.9705882352941176,0.5000032782554626,0.6627454161643982
AP_Omentum_Kidney.csv,337,10935,0.2,TrainD,1.0,0.9411764705882353,0.5038338899612427,0.6659035682678223
fri_c2_250_25.csv,250,25,0.2,TrainA,0.825,0.64,0.4767770767211914,0.6210225820541382
fri_c2_250_25.csv,250,25,0.2,TrainB,0.81,0.62,0.4607929289340973,0.6278965473175049
fri_c2_250_25.csv,250,25,0.2,TrainD,0.82,0.62,0.45735251903533936,0.635967493057251
rabe_266.csv,120,2,0.2,TrainA,0.96875,0.9583333333333334,0.16098536550998688,0.16243840754032135
rabe_266.csv,120,2,0.2,TrainB,0.96875,0.9583333333333334,0.14557774364948273,0.14596456289291382
rabe_266.csv,120,2,0.2,TrainD,0.96875,1.0,0.1381058543920517,0.13326632976531982
autoPrice.csv,159,15,0.2,TrainA,0.9763779527559056,0.875,0.2375376969575882,0.3532138466835022
autoPrice.csv,159,15,0.2,TrainB,0.9763779527559056,0.875,0.2158568650484085,0.35547637939453125
autoPrice.csv,159,15,0.2,TrainD,0.9763779527559056,0.875,0.19317656755447388,0.3423456847667694
crx.csv,690,15,0.2,TrainA,0.8731884057971014,0.8623188405797102,0.3121320903301239,0.3491920530796051
crx.csv,690,15,0.2,TrainB,0.8804347826086957,0.855072463768116,0.3037014305591583,0.3487190902233124
crx.csv,690,15,0.2,TrainD,0.8768115942028986,0.855072463768116,0.30630815029144287,0.3464556932449341
cloud.csv,108,7,0.2,TrainA,0.7093023255813954,0.6818181818181818,0.6146154403686523,0.6208782196044922
cloud.csv,108,7,0.2,TrainB,0.7093023255813954,0.6818181818181818,0.6061102747917175,0.6288042068481445
corral.csv,160,6,0.2,TrainA,1.0,1.0,0.08547316491603851,0.08470725268125534
corral.csv,160,6,0.2,TrainB,1.0,1.0,0.0756799653172493,0.07554551959037781
fri_c4_500_25.csv,500,25,0.2,TrainA,0.78,0.64,0.5451270937919617,0.6214384436607361
fri_c4_500_25.csv,500,25,0.2,TrainB,0.7825,0.64,0.5391771793365479,0.6238355040550232
fri_c4_500_25.csv,500,25,0.2,TrainD,0.79,0.64,0.5371580123901367,0.6244964003562927
fri_c1_1000_10.csv,1000,10,0.2,TrainA,0.7975,0.77,0.4381096661090851,0.46821582317352295
fri_c1_1000_10.csv,1000,10,0.2,TrainB,0.8175,0.76,0.4380131661891937,0.4711942672729492
fri_c1_1000_10.csv,1000,10,0.2,TrainD,0.80875,0.775,0.43505799770355225,0.4674217998981476
monks-problems-2.csv,601,6,0.2,TrainA,0.6645833333333333,0.628099173553719,0.5287538170814514,0.6058875918388367
monks-problems-2.csv,601,6,0.2,TrainB,0.6645833333333333,0.628099173553719,0.5215877294540405,0.6065806150436401
monks-problems-2.csv,601,6,0.2,TrainD,0.6645833333333333,0.628099173553719,0.5241202712059021,0.6029788851737976
breast-cancer-dropped-missing-attributes-values.csv,277,9,0.2,TrainA,0.7420814479638009,0.7142857142857143,0.5103771090507507,0.492830753326416
breast-cancer-dropped-missing-attributes-values.csv,277,9,0.2,TrainB,0.751131221719457,0.7142857142857143,0.5050817728042603,0.488198846578598
breast-cancer-dropped-missing-attributes-values.csv,277,9,0.2,TrainD,0.7601809954751131,0.7321428571428571,0.50713050365448,0.49508777260780334
arsenic-male-lung.csv,559,4,0.2,TrainA,0.9977628635346756,0.9821428571428571,0.0069379364140331745,0.025493131950497627
arsenic-male-lung.csv,559,4,0.2,TrainB,0.9977628635346756,0.9910714285714286,0.004210783634334803,0.011566215194761753
arsenic-male-lung.csv,559,4,0.2,TrainD,0.9977628635346756,1.0,0.003759513609111309,0.0024577041622251272
german.csv,1000,20,0.2,TrainA,0.745,0.78,0.49417248368263245,0.528083086013794
german.csv,1000,20,0.2,TrainB,0.74375,0.775,0.49185940623283386,0.5301050543785095
german.csv,1000,20,0.2,TrainD,0.745,0.78,0.49058997631073,0.5269822478294373
auto_price.csv,159,15,0.2,TrainA,0.9921259842519685,0.96875,0.048438895493745804,0.14771994948387146
auto_price.csv,159,15,0.2,TrainB,0.9921259842519685,0.96875,0.03365582600235939,0.14690853655338287
auto_price.csv,159,15,0.2,TrainD,0.9921259842519685,0.96875,0.026045383885502815,0.1455310732126236
kc1-binary.csv,145,94,0.2,TrainA,0.8362068965517241,0.8275862068965517,0.3196522295475006,0.355827659368515
kc1-binary.csv,145,94,0.2,TrainB,0.8620689655172413,0.8275862068965517,0.28566238284111023,0.35259562730789185
kc1-binary.csv,145,94,0.2,TrainD,0.8793103448275862,0.8275862068965517,0.24863430857658386,0.3551061153411865
parity5+5.csv,1124,10,0.2,TrainA,0.5005561735261401,0.4488888888888889,0.6919280290603638,0.6971495747566223
parity5+5.csv,1124,10,0.2,TrainB,0.5194660734149055,0.4266666666666667,0.6910694241523743,0.6979708671569824
parity5+5.csv,1124,10,0.2,TrainD,0.5172413793103449,0.4266666666666667,0.6909210085868835,0.6984712481498718
banknote-authentication.csv,1372,4,0.2,TrainA,0.9945305378304466,0.9818181818181818,0.020605871453881264,0.03488137945532799
banknote-authentication.csv,1372,4,0.2,TrainB,0.9963536918869644,0.9854545454545455,0.015001114457845688,0.03181106597185135
banknote-authentication.csv,1372,4,0.2,TrainD,0.9990884229717412,0.9927272727272727,0.014534893445670605,0.029356814920902252
plasma_retinol.csv,315,13,0.2,TrainA,0.5873015873015873,0.5873015873015873,0.6562700271606445,0.6809660196304321
plasma_retinol.csv,315,13,0.2,TrainB,0.6031746031746031,0.5873015873015873,0.652725100517273,0.6813327074050903
plasma_retinol.csv,315,13,0.2,TrainD,0.6150793650793651,0.5555555555555556,0.6485794186592102,0.682330310344696
AP_Breast_Omentum.csv,421,10935,0.2,TrainA,0.9910714285714286,0.9764705882352941,0.11379998177289963,0.14754225313663483
AP_Breast_Omentum.csv,421,10935,0.2,TrainB,0.9910714285714286,0.9647058823529412,0.10405386239290237,0.1740834265947342
AP_Breast_Omentum.csv,421,10935,0.2,TrainD,0.9940476190476191,0.9764705882352941,0.08527320623397827,0.12304851412773132
fri_c4_1000_100.csv,1000,100,0.2,TrainA,0.80625,0.635,0.4809757173061371,0.6601879596710205
fri_c4_1000_100.csv,1000,100,0.2,TrainB,0.83125,0.61,0.4455859065055847,0.6802800893783569
fri_c4_1000_100.csv,1000,100,0.2,TrainD,0.8275,0.605,0.4462314546108246,0.68556809425354
fri_c1_500_5.csv,500,5,0.2,TrainA,0.7625,0.74,0.5482152700424194,0.5610666871070862
fri_c1_500_5.csv,500,5,0.2,TrainB,0.7625,0.74,0.5497441291809082,0.5602364540100098
fri_c1_500_5.csv,500,5,0.2,TrainD,0.7625,0.74,0.5495975017547607,0.5608649253845215
AP_Lung_Uterus.csv,250,10935,0.2,TrainA,0.975,0.92,0.051087021827697754,0.29630595445632935
AP_Lung_Uterus.csv,250,10935,0.2,TrainB,0.98,0.94,0.0392957404255867,2.0970003604888916
AP_Lung_Uterus.csv,250,10935,0.2,TrainD,0.98,0.92,0.06277480721473694,2.1488821506500244
fri_c1_1000_25.csv,1000,25,0.2,TrainA,0.7425,0.62,0.5620228052139282,0.609488844871521
fri_c1_1000_25.csv,1000,25,0.2,TrainB,0.74375,0.615,0.5613355040550232,0.6108283400535583
fri_c1_1000_25.csv,1000,25,0.2,TrainD,0.735,0.615,0.5595317482948303,0.6110038161277771
fri_c4_100_100.csv,100,100,0.2,TrainA,0.5,0.55,0.6773141026496887,0.6971238255500793
fri_c4_100_100.csv,100,100,0.2,TrainB,0.875,0.5,0.6435254216194153,0.705382227897644
fri_c4_100_100.csv,100,100,0.2,TrainD,0.875,0.5,0.6428921818733215,0.7040950059890747
boston.csv,506,13,0.2,TrainA,0.8836633663366337,0.9215686274509803,0.3025813102722168,0.2575230002403259
boston.csv,506,13,0.2,TrainB,0.8886138613861386,0.9313725490196079,0.3024720549583435,0.25954756140708923
boston.csv,506,13,0.2,TrainD,0.8861386138613861,0.9215686274509803,0.3012717068195343,0.2562238574028015
ar4.csv,107,29,0.2,TrainA,0.8705882352941177,0.7727272727272727,0.3333277106285095,0.47270628809928894
ar4.csv,107,29,0.2,TrainB,0.8823529411764706,0.7727272727272727,0.31369853019714355,0.4866268038749695
ar4.csv,107,29,0.2,TrainD,0.8823529411764706,0.7727272727272727,0.33133384585380554,0.4776293635368347
chscase_census3.csv,400,7,0.2,TrainA,0.51875,0.525,0.6917048692703247,0.694881021976471
chscase_census3.csv,400,7,0.2,TrainB,0.56875,0.4375,0.6834400296211243,0.6987610459327698
chscase_census3.csv,400,7,0.2,TrainD,0.571875,0.45,0.684262216091156,0.6990703344345093
kc2.csv,522,21,0.2,TrainA,0.8537170263788969,0.8285714285714286,0.3475179076194763,0.4444231390953064
kc2.csv,522,21,0.2,TrainB,0.8489208633093526,0.8571428571428571,0.3407234251499176,0.4535437226295471
kc2.csv,522,21,0.2,TrainD,0.841726618705036,0.819047619047619,0.3455357551574707,0.45378491282463074
Hill_Valley_without_noise.csv,1212,100,0.2,TrainA,0.5252837977296182,0.49794238683127573,0.6922931671142578,0.6931801438331604
Hill_Valley_without_noise.csv,1212,100,0.2,TrainB,0.5263157894736842,0.49794238683127573,0.6919078826904297,0.6943520307540894
Hill_Valley_without_noise.csv,1212,100,0.2,TrainD,0.5273477812177503,0.49794238683127573,0.6919163465499878,0.6942183375358582
tic_tac_toe.csv,958,9,0.2,TrainA,0.7023498694516971,0.6770833333333334,0.5715218782424927,0.5998091697692871
tic_tac_toe.csv,958,9,0.2,TrainB,0.7114882506527415,0.6822916666666666,0.5638574361801147,0.594656765460968
tic_tac_toe.csv,958,9,0.2,TrainD,0.7088772845953003,0.6770833333333334,0.560900866985321,0.5941640138626099
AP_Breast_Colon.csv,630,10935,0.2,TrainA,0.9861111111111112,0.9444444444444444,0.31234508752822876,1.1659610271453857
AP_Breast_Colon.csv,630,10935,0.2,TrainB,0.996031746031746,0.9444444444444444,0.18961800634860992,1.1309977769851685
fri_c0_250_5.csv,250,5,0.2,TrainA,0.46,0.66,0.6975459456443787,0.666950523853302
fri_c0_250_5.csv,250,5,0.2,TrainB,0.72,0.68,0.6505857110023499,0.6688017845153809
fri_c0_500_10.csv,500,10,0.2,TrainA,0.9025,0.85,0.27877989411354065,0.4339897930622101
fri_c0_500_10.csv,500,10,0.2,TrainB,0.9025,0.84,0.2788453698158264,0.42949730157852173
fri_c0_500_10.csv,500,10,0.2,TrainD,0.9,0.85,0.27802345156669617,0.43110939860343933
fri_c4_100_25.csv,100,25,0.2,TrainA,0.9375,0.7,0.3908994197845459,0.46555763483047485
fri_c4_100_25.csv,100,25,0.2,TrainB,0.9375,0.7,0.3375798463821411,0.4438144564628601
fri_c4_100_25.csv,100,25,0.2,TrainD,0.9375,0.75,0.2897655963897705,0.43357768654823303
synthetic_control.csv,600,60,0.2,TrainA,1.0,1.0,0.0002813298488035798,0.0005358305061236024
synthetic_control.csv,600,60,0.2,TrainB,1.0,0.9916666666666667,0.0002248494711238891,0.02336401306092739
synthetic_control.csv,600,60,0.2,TrainD,1.0,0.9916666666666667,0.0011767834657803178,0.010648975148797035
socmob.csv,1156,5,0.2,TrainA,0.9274891774891775,0.9224137931034483,0.16975606977939606,0.2104472517967224
socmob.csv,1156,5,0.2,TrainB,0.9264069264069265,0.9224137931034483,0.16758790612220764,0.20849739015102386
fri_c3_500_10.csv,500,10,0.2,TrainA,0.7425,0.67,0.5679649710655212,0.6013579368591309
fri_c3_500_10.csv,500,10,0.2,TrainB,0.7425,0.67,0.559699535369873,0.5990193486213684
fri_c3_500_10.csv,500,10,0.2,TrainD,0.74,0.66,0.5591453313827515,0.5978137254714966
Hill_Valley_with_noise.csv,1212,100,0.2,TrainA,0.5314757481940144,0.5349794238683128,0.6927998065948486,0.6920862793922424
Hill_Valley_with_noise.csv,1212,100,0.2,TrainB,0.5252837977296182,0.48559670781893005,0.6926299929618835,0.6930286884307861
Hill_Valley_with_noise.csv,1212,100,0.2,TrainD,0.5211558307533539,0.4897119341563786,0.692104160785675,0.6948566436767578
breast_w.csv,699,9,0.2,TrainA,0.9749552772808586,0.9714285714285714,0.11725679039955139,0.11568377166986465
breast_w.csv,699,9,0.2,TrainB,0.9749552772808586,0.9714285714285714,0.11590895801782608,0.11697390675544739
breast_w.csv,699,9,0.2,TrainD,0.9731663685152058,0.9714285714285714,0.11665404587984085,0.11499181389808655
molecular-biology_promoters.csv,106,57,0.2,TrainA,0.9642857142857143,0.7727272727272727,0.1586051732301712,0.501488983631134
molecular-biology_promoters.csv,106,57,0.2,TrainB,0.9642857142857143,0.7727272727272727,0.13539011776447296,0.5207054018974304
molecular-biology_promoters.csv,106,57,0.2,TrainD,0.9642857142857143,0.8181818181818182,0.16469797492027283,0.4767957031726837
breast_cancer.csv,286,9,0.2,TrainA,0.7543859649122807,0.7931034482758621,0.5237227082252502,0.5189406275749207
breast_cancer.csv,286,9,0.2,TrainB,0.7587719298245614,0.7931034482758621,0.5156030058860779,0.5129867792129517
breast_cancer.csv,286,9,0.2,TrainD,0.7675438596491229,0.7758620689655172,0.5145588517189026,0.513668417930603
thoracic-surgery.csv,470,16,0.2,TrainA,0.8643617021276596,0.7978723404255319,0.3676033914089203,0.49113887548446655
thoracic-surgery.csv,470,16,0.2,TrainB,0.8643617021276596,0.7978723404255319,0.36309823393821716,0.4955398440361023
diggle_table_a2.csv,310,8,0.2,TrainA,0.9919354838709677,0.9838709677419355,0.06845198571681976,0.07782543450593948
diggle_table_a2.csv,310,8,0.2,TrainB,0.9919354838709677,0.9838709677419355,0.06475868076086044,0.07612210512161255
diggle_table_a2.csv,310,8,0.2,TrainD,0.9919354838709677,0.9838709677419355,0.06273164600133896,0.07129308581352234
fri_c4_1000_50.csv,1000,50,0.2,TrainA,0.755,0.61,0.5434575080871582,0.6079429984092712
fri_c4_1000_50.csv,1000,50,0.2,TrainB,0.7875,0.58,0.5094459652900696,0.6024465560913086
fri_c4_1000_50.csv,1000,50,0.2,TrainD,0.785,0.61,0.5043440461158752,0.6068547964096069
analcatdata_wildcat.csv,163,5,0.2,TrainA,0.7153846153846154,0.696969696969697,0.4169311225414276,0.3787766993045807
analcatdata_wildcat.csv,163,5,0.2,TrainB,0.8076923076923077,0.7878787878787878,0.4046543836593628,0.35494548082351685
analcatdata_wildcat.csv,163,5,0.2,TrainD,0.7153846153846154,0.696969696969697,0.415224552154541,0.38320842385292053
appendicitis.csv,106,7,0.2,TrainA,0.8214285714285714,0.7272727272727273,0.39984220266342163,0.5678403377532959
appendicitis.csv,106,7,0.2,TrainB,0.8214285714285714,0.7272727272727273,0.3628356456756592,0.610069990158081
appendicitis.csv,106,7,0.2,TrainD,0.8214285714285714,0.7272727272727273,0.40127548575401306,0.5570855736732483
diabetes.csv,768,8,0.2,TrainA,0.7833876221498371,0.7792207792207793,0.4629918336868286,0.5060362219810486
diabetes.csv,768,8,0.2,TrainB,0.7785016286644951,0.7857142857142857,0.4621236026287079,0.5073787569999695
diabetes.csv,768,8,0.2,TrainD,0.7817589576547231,0.7857142857142857,0.4634503424167633,0.5068041086196899
AP_Omentum_Uterus.csv,201,10935,0.2,TrainA,0.9875,0.9024390243902439,0.22460325062274933,0.3607577085494995
AP_Omentum_Uterus.csv,201,10935,0.2,TrainB,0.99375,0.9024390243902439,0.1588887721300125,0.36117422580718994
AP_Omentum_Uterus.csv,201,10935,0.2,TrainD,0.9875,0.9024390243902439,0.11338243633508682,0.30891111493110657
AP_Breast_Ovary.csv,542,10935,0.2,TrainA,0.9953810623556582,0.963302752293578,0.028989270329475403,0.12052536755800247
AP_Breast_Ovary.csv,542,10935,0.2,TrainB,0.9953810623556582,0.9724770642201835,0.017931414768099785,0.12897959351539612
AP_Breast_Ovary.csv,542,10935,0.2,TrainD,0.9976905311778291,0.9724770642201835,0.011381104588508606,0.1115182489156723
blogger.csv,100,5,0.2,TrainA,0.7,0.75,0.6228436231613159,0.6474758982658386
blogger.csv,100,5,0.2,TrainB,0.6875,0.7,0.6150000691413879,0.6500892639160156
humandevel.csv,130,1,0.2,TrainA,0.8942307692307693,0.8846153846153846,0.33476683497428894,0.2989795506000519
humandevel.csv,130,1,0.2,TrainB,0.8942307692307693,0.8846153846153846,0.329635888338089,0.29366689920425415
humandevel.csv,130,1,0.2,TrainD,0.8942307692307693,0.8846153846153846,0.3297022581100464,0.29482322931289673
chscase_census6.csv,400,6,0.2,TrainA,0.5875,0.5875,0.6754755973815918,0.677853524684906
chscase_census6.csv,400,6,0.2,TrainB,0.5875,0.5875,0.6752721071243286,0.6771129369735718
chscase_census6.csv,400,6,0.2,TrainD,0.5875,0.5875,0.6751925945281982,0.6774693727493286
fri_c1_250_50.csv,250,50,0.2,TrainA,0.83,0.78,0.44950583577156067,0.6278859376907349
fri_c1_250_50.csv,250,50,0.2,TrainB,0.835,0.78,0.4164091944694519,0.6410423517227173
fri_c1_250_50.csv,250,50,0.2,TrainD,0.83,0.78,0.41316384077072144,0.6397508978843689
bupa.csv,345,5,0.2,TrainA,0.47101449275362317,0.5652173913043478,0.7030206918716431,0.684479296207428
bupa.csv,345,5,0.2,TrainB,0.6557971014492754,0.5507246376811594,0.6481863856315613,0.6545684933662415
bupa.csv,345,5,0.2,TrainD,0.6485507246376812,0.6231884057971014,0.6500685214996338,0.6539992094039917
SPECT.csv,267,22,0.2,TrainA,0.8826291079812206,0.7777777777777778,0.3363574147224426,0.3648701310157776
SPECT.csv,267,22,0.2,TrainB,0.8873239436619719,0.7777777777777778,0.3195529282093048,0.36762186884880066
SPECT.csv,267,22,0.2,TrainD,0.8779342723004695,0.7777777777777778,0.324964702129364,0.36589545011520386
fri_c2_100_25.csv,100,25,0.2,TrainA,0.5375,0.7,0.5838888883590698,0.6291355490684509
fri_c2_100_25.csv,100,25,0.2,TrainB,0.6875,0.7,0.5583475828170776,0.6383700370788574
KungChi3.csv,123,39,0.2,TrainA,0.9081632653061225,0.76,0.27501288056373596,0.4705985188484192
KungChi3.csv,123,39,0.2,TrainB,0.9081632653061225,0.76,0.2526736855506897,0.4570087194442749
KungChi3.csv,123,39,0.2,TrainD,0.9081632653061225,0.76,0.24766409397125244,0.42663973569869995
PieChart2.csv,745,36,0.2,TrainA,0.9798657718120806,0.9731543624161074,0.0768822729587555,0.11150630563497543
PieChart2.csv,745,36,0.2,TrainB,0.9798657718120806,0.9731543624161074,0.07223711907863617,0.12122324854135513
PieChart2.csv,745,36,0.2,TrainD,0.9798657718120806,0.9731543624161074,0.07124947011470795,0.10661331564188004
fri_c4_500_100.csv,500,100,0.2,TrainA,0.78,0.55,0.6126076579093933,0.691823422908783
fri_c4_500_100.csv,500,100,0.2,TrainB,0.8375,0.53,0.5337191224098206,0.7200356125831604
fri_c4_500_100.csv,500,100,0.2,TrainD,0.8325,0.53,0.5445663332939148,0.7115499377250671
lungcancer_GSE31210.csv,226,23,0.2,TrainA,0.8277777777777777,0.9130434782608695,0.2609316110610962,0.18857845664024353
lungcancer_GSE31210.csv,226,23,0.2,TrainB,0.8277777777777777,0.9130434782608695,0.24750292301177979,0.18339352309703827
lungcancer_GSE31210.csv,226,23,0.2,TrainD,0.9444444444444444,0.9130434782608695,0.23004832863807678,0.1985960602760315
pima.csv,768,8,0.2,TrainA,0.7915309446254072,0.7597402597402597,0.48168981075286865,0.48129573464393616
pima.csv,768,8,0.2,TrainB,0.7947882736156352,0.7597402597402597,0.48283079266548157,0.48181062936782837
pima.csv,768,8,0.2,TrainD,0.7882736156351792,0.7532467532467533,0.4792534112930298,0.4769357442855835
vinnie.csv,380,2,0.2,TrainA,0.8453947368421053,0.8421052631578947,0.4138331413269043,0.4246259927749634
vinnie.csv,380,2,0.2,TrainB,0.8453947368421053,0.8421052631578947,0.4044945240020752,0.41911405324935913
AP_Omentum_Ovary.csv,275,10935,0.2,TrainA,0.30454545454545456,0.18181818181818182,0.6190728545188904,0.8508899211883545
AP_Omentum_Ovary.csv,275,10935,0.2,TrainB,0.9772727272727273,0.7454545454545455,0.20729245245456696,0.7624552845954895
AP_Omentum_Ovary.csv,275,10935,0.2,TrainD,0.7454545454545455,0.6,0.26166749000549316,0.7515017986297607
datatrieve.csv,130,8,0.2,TrainA,0.9134615384615384,0.9230769230769231,0.2575564682483673,0.31000739336013794
datatrieve.csv,130,8,0.2,TrainB,0.9134615384615384,0.9230769230769231,0.2528212070465088,0.31209835410118103
datatrieve.csv,130,8,0.2,TrainD,0.9134615384615384,0.9230769230769231,0.25119999051094055,0.298003226518631
iris.csv,150,4,0.2,TrainA,1.0,1.0,0.040337689220905304,0.040336769074201584
iris.csv,150,4,0.2,TrainB,1.0,1.0,0.03635641559958458,0.03635634481906891
thoracic_surgery.csv,470,16,0.2,TrainA,0.8643617021276596,0.7978723404255319,0.38349008560180664,0.5008123517036438
thoracic_surgery.csv,470,16,0.2,TrainB,0.8643617021276596,0.7978723404255319,0.37540435791015625,0.5024570822715759
fri_c1_100_5.csv,100,5,0.2,TrainA,0.7125,0.65,0.5570955276489258,0.6399219036102295
fri_c1_100_5.csv,100,5,0.2,TrainB,0.725,0.65,0.5547986030578613,0.6409839987754822
fri_c1_100_5.csv,100,5,0.2,TrainD,0.725,0.65,0.5519958734512329,0.6413215398788452
promoters.csv,106,58,0.2,TrainA,1.0,0.9090909090909091,0.06368805468082428,0.25040391087532043
promoters.csv,106,58,0.2,TrainB,1.0,0.9090909090909091,0.03522501140832901,0.23748140037059784
promoters.csv,106,58,0.2,TrainD,1.0,0.9090909090909091,0.06089578941464424,0.27707383036613464
balance-scale.csv,625,4,0.2,TrainA,0.95,0.96,0.16932350397109985,0.1775279939174652
balance-scale.csv,625,4,0.2,TrainB,0.95,0.96,0.1683463603258133,0.17477047443389893
balance-scale.csv,625,4,0.2,TrainD,0.95,0.96,0.17882725596427917,0.17892679572105408
tic-tac-toe.csv,958,9,0.2,TrainA,0.7323759791122716,0.7291666666666666,0.5502856969833374,0.574782133102417
tic-tac-toe.csv,958,9,0.2,TrainB,0.7454308093994778,0.71875,0.54302978515625,0.5703774094581604
tic-tac-toe.csv,958,9,0.2,TrainD,0.737597911227154,0.7239583333333334,0.5429253578186035,0.5693923234939575
pc1_req.csv,320,8,0.2,TrainA,0.72265625,0.609375,0.5813586115837097,0.6359946727752686
pc1_req.csv,320,8,0.2,TrainB,0.72265625,0.609375,0.5788426995277405,0.6385926008224487
pc1_req.csv,320,8,0.2,TrainD,0.71875,0.609375,0.5789306163787842,0.6404021382331848
analcatdata_creditscore.csv,100,6,0.2,TrainA,0.9625,0.95,0.20960430800914764,0.1767154037952423
analcatdata_creditscore.csv,100,6,0.2,TrainB,0.9875,0.95,0.1529959738254547,0.13979549705982208
analcatdata_creditscore.csv,100,6,0.2,TrainD,0.975,0.95,0.16240420937538147,0.14665469527244568
bodyfat.csv,252,14,0.2,TrainA,1.0,0.9607843137254902,0.02662714198231697,0.10218825936317444
bodyfat.csv,252,14,0.2,TrainB,1.0,0.9803921568627451,0.013821258209645748,0.08628835529088974
bodyfat.csv,252,14,0.2,TrainD,1.0,0.9803921568627451,0.016637390479445457,0.0858197882771492
fri_c0_100_25.csv,100,25,0.2,TrainA,0.875,0.75,0.48445266485214233,0.6231209635734558
fri_c0_100_25.csv,100,25,0.2,TrainB,0.9,0.75,0.46613770723342896,0.6302794218063354
fri_c0_100_25.csv,100,25,0.2,TrainD,0.9,0.75,0.430195152759552,0.6886460185050964
AP_Endometrium_Prostate.csv,130,10935,0.2,TrainA,1.0,1.0,0.001165170455351472,0.0027787373401224613
AP_Endometrium_Prostate.csv,130,10935,0.2,TrainB,1.0,1.0,7.382401690847473e-06,0.00014859034854453057
AP_Endometrium_Prostate.csv,130,10935,0.2,TrainD,1.0,1.0,0.00029285994241945446,0.0006153587601147592
AP_Prostate_Uterus.csv,193,10935,0.2,TrainA,1.0,1.0,0.014707118272781372,0.017531851306557655
AP_Prostate_Uterus.csv,193,10935,0.2,TrainB,1.0,1.0,0.014144753105938435,0.016861477866768837
fri_c1_1000_50.csv,1000,50,0.2,TrainA,0.74875,0.595,0.5491509437561035,0.6489240527153015
fri_c1_1000_50.csv,1000,50,0.2,TrainB,0.76375,0.625,0.5343204736709595,0.649895191192627
fri_c1_1000_50.csv,1000,50,0.2,TrainD,0.76125,0.61,0.5332508087158203,0.6546735167503357
glass2.csv,163,9,0.2,TrainA,0.5538461538461539,0.6666666666666666,0.6740481853485107,0.6650490164756775
glass2.csv,163,9,0.2,TrainB,0.7153846153846154,0.696969696969697,0.646247923374176,0.6468705534934998
glass2.csv,163,9,0.2,TrainD,0.7846153846153846,0.7878787878787878,0.49071067571640015,0.5184169411659241
CastMetal1.csv,327,37,0.2,TrainA,0.8735632183908046,0.8636363636363636,0.33520767092704773,0.33523911237716675
CastMetal1.csv,327,37,0.2,TrainB,0.8735632183908046,0.8636363636363636,0.3259304165840149,0.32804471254348755
CastMetal1.csv,327,37,0.2,TrainD,0.8735632183908046,0.8636363636363636,0.3262239098548889,0.3226836323738098
fri_c1_100_25.csv,100,25,0.2,TrainA,0.4375,0.55,0.6948596835136414,0.6928097605705261
fri_c1_100_25.csv,100,25,0.2,TrainB,0.6375,0.4,0.6858460903167725,0.6963475346565247
fri_c1_100_25.csv,100,25,0.2,TrainD,0.575,0.45,1.9536981582641602,0.8730037808418274
AP_Omentum_Prostate.csv,146,10935,0.2,TrainA,1.0,1.0,0.24295222759246826,0.2140944004058838
AP_Omentum_Prostate.csv,146,10935,0.2,TrainB,1.0,1.0,0.16834816336631775,0.1617760956287384
wdbc.csv,569,30,0.2,TrainA,0.9824175824175824,0.9912280701754386,0.05347566679120064,0.05758495628833771
wdbc.csv,569,30,0.2,TrainB,0.989010989010989,0.9912280701754386,0.04079081118106842,0.050433218479156494
wdbc.csv,569,30,0.2,TrainD,0.9912087912087912,0.9912280701754386,0.03830282762646675,0.04703915864229202
disclosure_x_tampered.csv,662,3,0.2,TrainA,0.5425330812854442,0.5338345864661654,0.6865426898002625,0.688782811164856
disclosure_x_tampered.csv,662,3,0.2,TrainB,0.5425330812854442,0.5338345864661654,0.6863390207290649,0.6883417963981628
disclosure_x_tampered.csv,662,3,0.2,TrainD,0.5406427221172023,0.5413533834586466,0.6866453289985657,0.6891319751739502
PieChart3.csv,1077,37,0.2,TrainA,0.8873403019744484,0.8333333333333334,0.2682821452617645,0.37535208463668823
PieChart3.csv,1077,37,0.2,TrainB,0.8873403019744484,0.8333333333333334,0.2607046961784363,0.37018829584121704
PieChart3.csv,1077,37,0.2,TrainD,0.8873403019744484,0.8379629629629629,0.262114018201828,0.3751000165939331
transplant.csv,131,3,0.2,TrainA,1.0,0.9259259259259259,0.04204614832997322,0.1147027313709259
transplant.csv,131,3,0.2,TrainB,1.0,0.9259259259259259,0.030735773965716362,0.11246412992477417
transplant.csv,131,3,0.2,TrainD,1.0,0.9259259259259259,0.03288057819008827,0.11097996681928635
fri_c3_500_50.csv,500,50,0.2,TrainA,0.5425,0.65,0.6785499453544617,0.6518423557281494
fri_c3_500_50.csv,500,50,0.2,TrainB,0.7725,0.58,0.5391906499862671,0.6477649211883545
fri_c2_500_25.csv,500,25,0.2,TrainA,0.775,0.64,0.5026588439941406,0.6218327283859253
fri_c2_500_25.csv,500,25,0.2,TrainB,0.79,0.66,0.48168307542800903,0.6270092129707336
fri_c2_500_25.csv,500,25,0.2,TrainD,0.785,0.65,0.48937007784843445,0.6282365322113037
fri_c1_500_10.csv,500,10,0.2,TrainA,0.73,0.67,0.543477475643158,0.5968080759048462
fri_c1_500_10.csv,500,10,0.2,TrainB,0.7425,0.66,0.5282347202301025,0.5876962542533875
fri_c1_500_10.csv,500,10,0.2,TrainD,0.7475,0.66,0.5242987275123596,0.5887756943702698
AP_Colon_Lung.csv,412,10935,0.2,TrainA,1.0,0.963855421686747,0.03771809861063957,0.1619843691587448
AP_Colon_Lung.csv,412,10935,0.2,TrainB,1.0,0.9518072289156626,0.019234970211982727,0.17582613229751587
AP_Colon_Lung.csv,412,10935,0.2,TrainD,1.0,0.9397590361445783,0.02809181995689869,0.2361856997013092
fri_c1_500_50.csv,500,50,0.2,TrainA,0.795,0.65,0.49385520815849304,0.6774419546127319
fri_c1_500_50.csv,500,50,0.2,TrainB,0.805,0.64,0.4722362458705902,0.6913630962371826
fri_c1_500_50.csv,500,50,0.2,TrainD,0.8025,0.65,0.4759913682937622,0.6888504028320312
parkinsons.csv,195,22,0.2,TrainA,0.7371794871794872,0.8205128205128205,0.32910609245300293,0.3103554844856262
parkinsons.csv,195,22,0.2,TrainB,0.9038461538461539,0.8974358974358975,0.3127586245536804,0.3065560758113861
visualizing_environmental.csv,111,3,0.2,TrainA,0.7159090909090909,0.6521739130434783,0.5556129813194275,0.5457887053489685
visualizing_environmental.csv,111,3,0.2,TrainB,0.7386363636363636,0.6086956521739131,0.5483241677284241,0.5385700464248657
visualizing_environmental.csv,111,3,0.2,TrainD,0.7386363636363636,0.6521739130434783,0.5457504391670227,0.5363105535507202
fri_c1_100_10.csv,100,10,0.2,TrainA,0.5125,0.6,0.6925040483474731,0.677557110786438
fri_c1_100_10.csv,100,10,0.2,TrainB,0.5125,0.6,0.6887725591659546,0.6776657104492188
disclosure_z.csv,662,3,0.2,TrainA,0.5293005671077504,0.5639097744360902,0.6891956925392151,0.6845324039459229
disclosure_z.csv,662,3,0.2,TrainB,0.5689981096408318,0.556390977443609,0.6843971014022827,0.6803944706916809
disclosure_z.csv,662,3,0.2,TrainD,0.5671077504725898,0.5714285714285714,0.6870712041854858,0.6817469596862793
fruitfly.csv,125,4,0.2,TrainA,0.59,0.68,0.6504154205322266,0.678598165512085
fruitfly.csv,125,4,0.2,TrainB,0.59,0.68,0.6486781239509583,0.6791673302650452
fruitfly.csv,125,4,0.2,TrainD,0.59,0.68,0.6533224582672119,0.6646968126296997
analcatdata_reviewer.csv,274,1,0.2,TrainA,0.639269406392694,0.6,0.6662474870681763,0.6668370366096497
analcatdata_reviewer.csv,274,1,0.2,TrainB,0.639269406392694,0.6,0.6655418872833252,0.6664735674858093
fri_c0_1000_5.csv,1000,5,0.2,TrainA,0.88125,0.865,0.339659720659256,0.3718603849411011
fri_c0_1000_5.csv,1000,5,0.2,TrainB,0.88,0.865,0.3356587886810303,0.37105777859687805
fri_c0_1000_5.csv,1000,5,0.2,TrainD,0.8825,0.87,0.3360351622104645,0.36974862217903137
monks-problems-3.csv,554,6,0.2,TrainA,0.8871331828442438,0.8918918918918919,0.27913910150527954,0.3072636127471924
monks-problems-3.csv,554,6,0.2,TrainB,0.8871331828442438,0.8918918918918919,0.2786727845668793,0.30592837929725647
monks-problems-3.csv,554,6,0.2,TrainD,0.8871331828442438,0.8918918918918919,0.2774538993835449,0.30360233783721924
pc4.csv,1458,37,0.2,TrainA,0.9082332761578045,0.886986301369863,0.18289174139499664,0.2121608704328537
pc4.csv,1458,37,0.2,TrainB,0.9082332761578045,0.8801369863013698,0.17859211564064026,0.21457448601722717
pc4.csv,1458,37,0.2,TrainD,0.9073756432246999,0.8767123287671232,0.1765522062778473,0.2156868278980255
credit-g.csv,1000,20,0.2,TrainA,0.76,0.775,0.4723893404006958,0.4961709976196289
credit-g.csv,1000,20,0.2,TrainB,0.76375,0.77,0.4713880121707916,0.4956966042518616
credit-g.csv,1000,20,0.2,TrainD,0.7575,0.76,0.46984559297561646,0.48923465609550476
prnn_crabs.csv,200,7,0.2,TrainA,0.99375,1.0,0.04524540156126022,0.03066934645175934
prnn_crabs.csv,200,7,0.2,TrainB,0.99375,1.0,0.03483555465936661,0.022516218945384026
prnn_crabs.csv,200,7,0.2,TrainD,1.0,1.0,0.027799975126981735,0.017063966020941734
fri_c3_100_25.csv,100,25,0.2,TrainA,0.85,0.55,0.558200478553772,0.6878882646560669
fri_c3_100_25.csv,100,25,0.2,TrainB,0.85,0.55,0.5443052053451538,0.6910922527313232
fri_c3_100_25.csv,100,25,0.2,TrainD,0.8875,0.55,0.5119553804397583,0.6918386220932007
MindCave2.csv,125,39,0.2,TrainA,0.72,0.8,0.5495226383209229,0.5265086889266968
MindCave2.csv,125,39,0.2,TrainB,0.74,0.8,0.5281806588172913,0.5255536437034607
MindCave2.csv,125,39,0.2,TrainD,0.79,0.68,0.490995317697525,0.5494467616081238
fri_c4_500_10.csv,500,10,0.2,TrainA,0.81,0.72,0.4859010577201843,0.5412305593490601
fri_c4_500_10.csv,500,10,0.2,TrainB,0.8275,0.71,0.4701080024242401,0.5274533629417419
fri_c4_500_10.csv,500,10,0.2,TrainD,0.825,0.71,0.4676356017589569,0.5285863280296326
fri_c3_250_50.csv,250,50,0.2,TrainA,0.575,0.54,0.658033013343811,0.6987152099609375
fri_c3_250_50.csv,250,50,0.2,TrainB,0.575,0.54,0.619991660118103,0.7049767374992371
wine.csv,178,13,0.2,TrainA,1.0,1.0,0.008201291784644127,0.004511292092502117
wine.csv,178,13,0.2,TrainB,1.0,1.0,0.0057301451452076435,0.0027558165602385998
wine.csv,178,13,0.2,TrainD,1.0,1.0,0.010706475004553795,0.007959078997373581
AP_Lung_Kidney.csv,386,10935,0.2,TrainA,0.974025974025974,0.9743589743589743,0.16100308299064636,0.1946241706609726
AP_Lung_Kidney.csv,386,10935,0.2,TrainB,0.974025974025974,0.9743589743589743,0.1258956789970398,0.12579168379306793
threeOf9.csv,512,9,0.2,TrainA,0.8948655256723717,0.912621359223301,0.27644217014312744,0.24066756665706635
threeOf9.csv,512,9,0.2,TrainB,0.9119804400977995,0.9514563106796117,0.24271757900714874,0.20988549292087555
threeOf9.csv,512,9,0.2,TrainD,0.9266503667481663,0.9514563106796117,0.18716339766979218,0.15632879734039307
fri_c3_1000_25.csv,1000,25,0.2,TrainA,0.715,0.675,0.5615902543067932,0.6212261319160461
fri_c3_1000_25.csv,1000,25,0.2,TrainB,0.72,0.665,0.5438055992126465,0.6184525489807129
fri_c3_1000_25.csv,1000,25,0.2,TrainD,0.71,0.675,0.5534104704856873,0.6217459440231323
analcatdata_neavote.csv,100,2,0.2,TrainA,0.95,0.85,0.22369468212127686,0.44008684158325195
analcatdata_neavote.csv,100,2,0.2,TrainB,0.95,0.85,0.21153977513313293,0.4396333694458008
lowbwt.csv,189,9,0.2,TrainA,0.8874172185430463,0.7894736842105263,0.4133159816265106,0.4856046438217163
lowbwt.csv,189,9,0.2,TrainB,0.8940397350993378,0.8157894736842105,0.4007314145565033,0.4773198068141937
lowbwt.csv,189,9,0.2,TrainD,0.8874172185430463,0.7894736842105263,0.40821248292922974,0.47333264350891113
analcatdata_apnea3.csv,450,3,0.2,TrainA,0.875,0.8888888888888888,0.37303102016448975,0.35623037815093994
analcatdata_apnea3.csv,450,3,0.2,TrainB,0.875,0.8888888888888888,0.37342149019241333,0.3550742566585541
analcatdata_apnea3.csv,450,3,0.2,TrainD,0.875,0.8888888888888888,0.3731829822063446,0.3545038104057312
cpu.csv,209,7,0.2,TrainA,0.9940119760479041,0.9761904761904762,0.028897177428007126,0.03729201853275299
cpu.csv,209,7,0.2,TrainB,0.9940119760479041,0.9761904761904762,0.026109732687473297,0.03812523931264877
cpu.csv,209,7,0.2,TrainD,0.9940119760479041,0.9761904761904762,0.02469349279999733,0.038665540516376495
sa-heart.csv,462,9,0.2,TrainA,0.7344173441734417,0.7634408602150538,0.5198620557785034,0.5338340997695923
sa-heart.csv,462,9,0.2,TrainB,0.7289972899728997,0.7741935483870968,0.5174967050552368,0.533240795135498
sa-heart.csv,462,9,0.2,TrainD,0.7344173441734417,0.7634408602150538,0.5173534154891968,0.5332216024398804
visualizing_livestock.csv,130,2,0.2,TrainA,0.7884615384615384,0.8846153846153846,0.44654273986816406,0.3293674886226654
visualizing_livestock.csv,130,2,0.2,TrainB,0.7884615384615384,0.8846153846153846,0.4392348825931549,0.31040361523628235
visualizing_livestock.csv,130,2,0.2,TrainD,0.7884615384615384,0.8846153846153846,0.4455069899559021,0.31719622015953064
analcatdata_apnea1.csv,475,3,0.2,TrainA,0.868421052631579,0.8842105263157894,0.3893815279006958,0.3597230315208435
analcatdata_apnea1.csv,475,3,0.2,TrainB,0.868421052631579,0.8842105263157894,0.38937908411026,0.3596735894680023
fri_c2_250_10.csv,250,10,0.2,TrainA,0.86,0.88,0.3976150453090668,0.37741658091545105
fri_c2_250_10.csv,250,10,0.2,TrainB,0.86,0.88,0.38360223174095154,0.35784900188446045
fri_c2_250_10.csv,250,10,0.2,TrainD,0.86,0.88,0.39010322093963623,0.3643748462200165
analcatdata_seropositive.csv,132,3,0.2,TrainA,0.9523809523809523,0.8888888888888888,0.1927317976951599,0.197612464427948
analcatdata_seropositive.csv,132,3,0.2,TrainB,0.9523809523809523,0.9259259259259259,0.1562911570072174,0.15724779665470123
analcatdata_seropositive.csv,132,3,0.2,TrainD,0.9523809523809523,0.8888888888888888,0.19378413259983063,0.19218342006206512
parity5_plus_5.csv,1124,10,0.2,TrainA,0.5139043381535039,0.4666666666666667,0.6923497915267944,0.6953392624855042
parity5_plus_5.csv,1124,10,0.2,TrainB,0.660734149054505,0.6622222222222223,0.5022239089012146,0.49918779730796814
fri_c3_100_50.csv,100,50,0.2,TrainA,0.9625,0.65,0.3551967144012451,0.6758159399032593
fri_c3_100_50.csv,100,50,0.2,TrainB,0.9625,0.6,0.3092491328716278,0.6808466911315918
fri_c3_100_50.csv,100,50,0.2,TrainD,0.9625,0.65,0.28689688444137573,1.0223971605300903
ar6.csv,101,29,0.2,TrainA,0.9125,0.7142857142857143,0.3753834366798401,9.935606002807617
ar6.csv,101,29,0.2,TrainB,0.9,0.7142857142857143,0.34426799416542053,9.956496238708496
ar6.csv,101,29,0.2,TrainD,0.9125,0.7142857142857143,0.3559190034866333,9.946946144104004
pm10.csv,500,7,0.2,TrainA,0.5475,0.54,0.6899968981742859,0.6905838251113892
pm10.csv,500,7,0.2,TrainB,0.5475,0.58,0.6859709024429321,0.6888334155082703
pm10.csv,500,7,0.2,TrainD,0.5625,0.58,0.6848199963569641,0.6891801953315735
badges2.csv,294,10,0.2,TrainA,1.0,1.0,0.0011192930396646261,0.0008510932675562799
badges2.csv,294,10,0.2,TrainB,1.0,1.0,8.872807666193694e-05,3.2183685107156634e-05
badges2.csv,294,10,0.2,TrainD,1.0,1.0,0.020953213796019554,0.019649412482976913
AP_Breast_Prostate.csv,413,10935,0.2,TrainA,1.0,0.963855421686747,0.013468632474541664,0.1496625393629074
AP_Breast_Prostate.csv,413,10935,0.2,TrainB,1.0,0.963855421686747,0.0021876003593206406,0.1306314766407013
AP_Breast_Prostate.csv,413,10935,0.2,TrainD,1.0,0.963855421686747,0.006724783219397068,0.17892658710479736
fri_c2_100_5.csv,100,5,0.2,TrainA,0.5875,0.5,0.6782901883125305,0.6977680325508118
fri_c2_100_5.csv,100,5,0.2,TrainB,0.65,0.4,0.6444117426872253,0.697645902633667
fri_c2_100_5.csv,100,5,0.2,TrainD,0.65,0.4,0.6440402269363403,0.697752833366394
clean1.csv,476,168,0.2,TrainA,1.0,1.0,0.09211155772209167,0.10999830812215805
clean1.csv,476,168,0.2,TrainB,1.0,1.0,0.046728216111660004,0.045620884746313095
fri_c0_1000_10.csv,1000,10,0.2,TrainA,0.83375,0.875,0.3884567320346832,0.33411023020744324
fri_c0_1000_10.csv,1000,10,0.2,TrainB,0.84125,0.87,0.3835335969924927,0.32992568612098694
fri_c0_1000_10.csv,1000,10,0.2,TrainD,0.83375,0.875,0.3858324885368347,0.3320613503456116
fri_c4_250_100.csv,250,100,0.2,TrainA,0.86,0.64,0.504959225654602,0.6857015490531921
fri_c4_250_100.csv,250,100,0.2,TrainB,0.89,0.68,0.4249507188796997,0.6943508386611938
fri_c4_250_100.csv,250,100,0.2,TrainD,0.895,0.68,0.4178725481033325,0.6971945762634277
fri_c3_1000_10.csv,1000,10,0.2,TrainA,0.78,0.76,0.5205157995223999,0.5419068336486816
fri_c3_1000_10.csv,1000,10,0.2,TrainB,0.78,0.765,0.519453763961792,0.5424064993858337
fri_c3_1000_10.csv,1000,10,0.2,TrainD,0.7825,0.755,0.5171183943748474,0.5372255444526672
sensory.csv,576,11,0.2,TrainA,0.6304347826086957,0.6293103448275862,0.6477832198143005,0.6723930835723877
sensory.csv,576,11,0.2,TrainB,0.6282608695652174,0.6120689655172413,0.6437740325927734,0.6723621487617493
sensory.csv,576,11,0.2,TrainD,0.6326086956521739,0.6206896551724138,0.6441660523414612,0.6725372076034546
stock.csv,950,9,0.2,TrainA,0.9381578947368421,0.9315789473684211,0.1673406958580017,0.18753625452518463
stock.csv,950,9,0.2,TrainB,0.9513157894736842,0.9526315789473684,0.14216910302639008,0.1579873412847519
stock.csv,950,9,0.2,TrainD,0.9473684210526315,0.9473684210526315,0.13958045840263367,0.15981559455394745
fri_c0_1000_25.csv,1000,25,0.2,TrainA,0.86625,0.82,0.35366925597190857,0.39799463748931885
fri_c0_1000_25.csv,1000,25,0.2,TrainB,0.87375,0.815,0.34525299072265625,0.3947283923625946
fri_c0_1000_25.csv,1000,25,0.2,TrainD,0.86625,0.835,0.3429117202758789,0.397759348154068
analcatdata_apnea2.csv,475,3,0.2,TrainA,0.868421052631579,0.8526315789473684,0.3798423409461975,0.4230746626853943
analcatdata_apnea2.csv,475,3,0.2,TrainB,0.868421052631579,0.8526315789473684,0.38007089495658875,0.421113520860672
servo.csv,167,4,0.2,TrainA,0.9323308270676691,0.9117647058823529,0.18549031019210815,0.26532578468322754
servo.csv,167,4,0.2,TrainB,0.9473684210526315,0.9411764705882353,0.1714666485786438,0.24102210998535156
servo.csv,167,4,0.2,TrainD,0.9548872180451128,0.9411764705882353,0.16860519349575043,0.2348538041114807
KnuggetChase3.csv,194,39,0.2,TrainA,0.8387096774193549,0.7948717948717948,0.3785420060157776,0.527231752872467
KnuggetChase3.csv,194,39,0.2,TrainB,0.8387096774193549,0.7948717948717948,0.36475735902786255,0.5284544229507446
KnuggetChase3.csv,194,39,0.2,TrainD,0.8387096774193549,0.7948717948717948,0.367275595664978,0.5292461514472961
fri_c2_250_50.csv,250,50,0.2,TrainA,0.545,0.54,0.6846563816070557,0.694811224937439
fri_c2_250_50.csv,250,50,0.2,TrainB,0.69,0.58,0.6251962184906006,0.709045946598053
fri_c2_250_50.csv,250,50,0.2,TrainD,0.705,0.56,0.6246722936630249,0.7086422443389893
veteran.csv,137,7,0.2,TrainA,0.7798165137614679,0.75,0.5245986580848694,0.5659197568893433
veteran.csv,137,7,0.2,TrainB,0.7798165137614679,0.7142857142857143,0.5174622535705566,0.5624160170555115
veteran.csv,137,7,0.2,TrainD,0.7889908256880734,0.75,0.5102075338363647,0.5599271059036255
mc2.csv,161,39,0.2,TrainA,0.703125,0.7878787878787878,0.5431231260299683,0.5291233658790588
mc2.csv,161,39,0.2,TrainB,0.7109375,0.7878787878787878,0.5025644302368164,0.49167609214782715
mc2.csv,161,39,0.2,TrainD,0.7109375,0.7878787878787878,0.5113651752471924,0.5072173476219177
disclosure_x_noise.csv,662,3,0.2,TrainA,0.5614366729678639,0.5338345864661654,0.685247004032135,0.6907318830490112
disclosure_x_noise.csv,662,3,0.2,TrainB,0.5633270321361059,0.5263157894736842,0.6847715973854065,0.6908053755760193
disclosure_x_noise.csv,662,3,0.2,TrainD,0.5614366729678639,0.5263157894736842,0.684935450553894,0.6908605098724365
mux6.csv,128,6,0.2,TrainA,0.7058823529411765,0.7692307692307693,0.5741016268730164,0.5190293192863464
mux6.csv,128,6,0.2,TrainB,0.696078431372549,0.7307692307692307,0.5542771220207214,0.5070112347602844
credit_a.csv,690,15,0.2,TrainA,0.8804347826086957,0.8333333333333334,0.35343191027641296,0.5671307444572449
credit_a.csv,690,15,0.2,TrainB,0.8804347826086957,0.8333333333333334,0.34382861852645874,0.574394166469574
credit_a.csv,690,15,0.2,TrainD,0.8804347826086957,0.8333333333333334,0.34323275089263916,0.5720089673995972
SPECTF.csv,349,44,0.2,TrainA,0.9498207885304659,0.8285714285714286,0.2012481391429901,0.36017102003097534
SPECTF.csv,349,44,0.2,TrainB,0.9498207885304659,0.8285714285714286,0.17884768545627594,0.3477616012096405
SPECTF.csv,349,44,0.2,TrainD,0.946236559139785,0.8142857142857143,0.1770065426826477,0.3528849482536316
disclosure_x_bias.csv,662,3,0.2,TrainA,0.5860113421550095,0.6165413533834586,0.6808680891990662,0.6735649108886719
disclosure_x_bias.csv,662,3,0.2,TrainB,0.5879017013232514,0.5939849624060151,0.6805099844932556,0.673621416091919
disclosure_x_bias.csv,662,3,0.2,TrainD,0.5897920604914934,0.5939849624060151,0.6805250644683838,0.673640787601471
AP_Ovary_Lung.csv,324,10935,0.2,TrainA,0.9768339768339769,0.9230769230769231,0.04325505346059799,0.36390969157218933
AP_Ovary_Lung.csv,324,10935,0.2,TrainB,0.9768339768339769,0.9230769230769231,0.027294527739286423,0.41668280959129333
AP_Endometrium_Lung.csv,187,10935,0.2,TrainA,0.9932885906040269,0.9473684210526315,0.057013094425201416,0.3349229395389557
AP_Endometrium_Lung.csv,187,10935,0.2,TrainB,0.9932885906040269,0.9473684210526315,0.039712924510240555,0.3836158812046051
AP_Endometrium_Lung.csv,187,10935,0.2,TrainD,0.9932885906040269,0.9736842105263158,0.03968746215105057,2.704802989959717
AP_Ovary_Uterus.csv,322,10935,0.2,TrainA,0.8988326848249028,0.8153846153846154,0.12762591242790222,1.963130235671997
AP_Ovary_Uterus.csv,322,10935,0.2,TrainB,0.9961089494163424,0.8461538461538461,0.08354341983795166,2.162487030029297
AP_Ovary_Uterus.csv,322,10935,0.2,TrainD,0.9027237354085603,0.8461538461538461,0.09973108768463135,2.122269868850708
fri_c4_100_10.csv,100,10,0.2,TrainA,0.45,0.6,0.7065075635910034,0.6783312559127808
fri_c4_100_10.csv,100,10,0.2,TrainB,0.5,0.6,0.700655996799469,0.6794265508651733
fri_c4_100_10.csv,100,10,0.2,TrainD,0.5125,0.6,0.6950817108154297,0.6809878945350647
AP_Colon_Kidney.csv,546,10935,0.2,TrainA,1.0,0.9818181818181818,0.005507823079824448,0.0925038754940033
AP_Colon_Kidney.csv,546,10935,0.2,TrainB,1.0,0.9727272727272728,0.0028830941300839186,0.13623064756393433
pc1.csv,1109,21,0.2,TrainA,0.9346110484780158,0.9144144144144144,0.18413227796554565,0.23391951620578766
pc1.csv,1109,21,0.2,TrainB,0.9346110484780158,0.9144144144144144,0.1793069988489151,0.23352786898612976
heart-statlog.csv,270,13,0.2,TrainA,0.8703703703703703,0.9074074074074074,0.343282550573349,0.36247265338897705
heart-statlog.csv,270,13,0.2,TrainB,0.875,0.8888888888888888,0.3366188704967499,0.3654196262359619
heart-statlog.csv,270,13,0.2,TrainD,0.8703703703703703,0.9074074074074074,0.33787357807159424,0.35950979590415955
buggyCrx.csv,690,15,0.2,TrainA,0.8786231884057971,0.8985507246376812,0.3141791522502899,0.3221167325973511
buggyCrx.csv,690,15,0.2,TrainB,0.8804347826086957,0.8840579710144928,0.3111089766025543,0.32198694348335266
buggyCrx.csv,690,15,0.2,TrainD,0.8768115942028986,0.8913043478260869,0.3129648268222809,0.3231056332588196
tae.csv,151,5,0.2,TrainA,0.6416666666666667,0.7096774193548387,0.5971082448959351,0.544490396976471
tae.csv,151,5,0.2,TrainB,0.6416666666666667,0.7096774193548387,0.5961324572563171,0.5442211627960205
boston_corrected.csv,506,20,0.2,TrainA,0.8811881188118812,0.8431372549019608,0.32340604066848755,0.3756375014781952
boston_corrected.csv,506,20,0.2,TrainB,0.8811881188118812,0.8333333333333334,0.30898404121398926,0.372516006231308
boston_corrected.csv,506,20,0.2,TrainD,0.8811881188118812,0.8333333333333334,0.3117577135562897,0.3719872236251831
rmftsa_ctoarrivals.csv,264,2,0.2,TrainA,0.7725118483412322,0.6981132075471698,0.45700374245643616,0.4595929682254791
rmftsa_ctoarrivals.csv,264,2,0.2,TrainB,0.7725118483412322,0.7169811320754716,0.44586312770843506,0.4577442705631256
rmftsa_ctoarrivals.csv,264,2,0.2,TrainD,0.7630331753554502,0.7169811320754716,0.4485624432563782,0.4593503475189209
planning-relax.csv,182,12,0.2,TrainA,0.7172413793103448,0.7027027027027027,0.5914061069488525,0.6109456419944763
planning-relax.csv,182,12,0.2,TrainB,0.7172413793103448,0.7027027027027027,0.5891757607460022,0.610065758228302
planning-relax.csv,182,12,0.2,TrainD,0.7172413793103448,0.7027027027027027,0.5762403011322021,0.6164971590042114
fri_c2_500_10.csv,500,10,0.2,TrainA,0.8175,0.81,0.480606347322464,0.49721580743789673
fri_c2_500_10.csv,500,10,0.2,TrainB,0.82,0.81,0.47203201055526733,0.49252018332481384
fri_c2_500_10.csv,500,10,0.2,TrainD,0.82,0.81,0.475702166557312,0.4921630918979645
AP_Colon_Omentum.csv,363,10935,0.2,TrainA,0.9896551724137931,0.8767123287671232,0.04667166247963905,0.1959068924188614
AP_Colon_Omentum.csv,363,10935,0.2,TrainB,0.996551724137931,0.8904109589041096,0.02481655776500702,0.2431025505065918
AP_Colon_Omentum.csv,363,10935,0.2,TrainD,0.9862068965517241,0.8767123287671232,0.03693652153015137,0.22993923723697662
lsvt.csv,126,310,0.2,TrainA,0.64,0.7692307692307693,0.35759854316711426,0.3640397787094116
lsvt.csv,126,310,0.2,TrainB,0.97,0.9230769230769231,0.23996934294700623,0.25025635957717896
fri_c2_1000_25.csv,1000,25,0.2,TrainA,0.83375,0.85,0.412067711353302,0.4221954643726349
fri_c2_1000_25.csv,1000,25,0.2,TrainB,0.83375,0.845,0.40262341499328613,0.4123779237270355
fri_c2_1000_25.csv,1000,25,0.2,TrainD,0.83375,0.84,0.4044739902019501,0.4133673906326294
monk1.csv,556,6,0.2,TrainA,0.7837837837837838,0.7589285714285714,0.49353012442588806,0.549105703830719
monk1.csv,556,6,0.2,TrainB,0.7927927927927928,0.7589285714285714,0.4900965094566345,0.5476378202438354
monk1.csv,556,6,0.2,TrainD,0.7927927927927928,0.7589285714285714,0.491834431886673,0.5489963889122009
AP_Prostate_Kidney.csv,329,10935,0.2,TrainA,1.0,0.9848484848484849,0.1536026895046234,0.1031569316983223
AP_Prostate_Kidney.csv,329,10935,0.2,TrainB,1.0,1.0,0.02605333738029003,0.015572863630950451
fri_c4_1000_25.csv,1000,25,0.2,TrainA,0.63375,0.625,0.6647932529449463,0.6750717759132385
fri_c4_1000_25.csv,1000,25,0.2,TrainB,0.71375,0.635,0.5739890933036804,0.6451540589332581
fri_c4_1000_25.csv,1000,25,0.2,TrainD,0.72125,0.615,0.5731824636459351,0.6466808915138245
fri_c1_250_5.csv,250,5,0.2,TrainA,0.825,0.8,0.4577910900115967,0.5288535356521606
fri_c1_250_5.csv,250,5,0.2,TrainB,0.825,0.76,0.4544307589530945,0.5275634527206421
fri_c1_250_5.csv,250,5,0.2,TrainD,0.835,0.78,0.45257359743118286,0.5196106433868408
heart_h.csv,294,13,0.2,TrainA,0.8765957446808511,0.8135593220338984,0.3594851791858673,0.38034284114837646
heart_h.csv,294,13,0.2,TrainB,0.8808510638297873,0.8135593220338984,0.3505931496620178,0.38204407691955566
heart_h.csv,294,13,0.2,TrainD,0.8808510638297873,0.8135593220338984,0.34919026494026184,0.3780480623245239
AP_Breast_Uterus.csv,468,10935,0.2,TrainA,0.9973262032085561,0.9574468085106383,0.03143670782446861,0.27370983362197876
AP_Breast_Uterus.csv,468,10935,0.2,TrainB,0.9973262032085561,0.9361702127659575,0.024632832035422325,0.6011163592338562
AP_Breast_Uterus.csv,468,10935,0.2,TrainD,0.9973262032085561,0.925531914893617,0.018828587606549263,0.39065566658973694
qualitative-bankruptcy.csv,250,6,0.2,TrainA,0.995,1.0,0.12638342380523682,0.11950156092643738
qualitative-bankruptcy.csv,250,6,0.2,TrainB,1.0,1.0,0.12118049710988998,0.11630220711231232
monk2.csv,601,6,0.2,TrainA,0.6645833333333333,0.6198347107438017,0.5146366953849792,0.6090145111083984
monk2.csv,601,6,0.2,TrainB,0.6645833333333333,0.6198347107438017,0.5134068727493286,0.6141018867492676
monk2.csv,601,6,0.2,TrainD,0.6645833333333333,0.6198347107438017,0.5174462199211121,0.6081357598304749
cmc.csv,1473,9,0.2,TrainA,0.7317487266553481,0.7389830508474576,0.5583305954933167,0.55441814661026
cmc.csv,1473,9,0.2,TrainB,0.7292020373514432,0.7559322033898305,0.5533334612846375,0.5500468015670776
cmc.csv,1473,9,0.2,TrainD,0.730899830220713,0.7491525423728813,0.5538122057914734,0.5506974458694458
fri_c0_100_5.csv,100,5,0.2,TrainA,0.5875,0.35,0.6698952913284302,0.7377158403396606
fri_c0_100_5.csv,100,5,0.2,TrainB,0.5875,0.35,0.6627490520477295,0.7393945455551147
rmftsa_ladata.csv,508,10,0.2,TrainA,0.9014778325123153,0.8725490196078431,0.24269306659698486,0.2901173532009125
rmftsa_ladata.csv,508,10,0.2,TrainB,0.9088669950738916,0.8725490196078431,0.23882022500038147,0.2843429446220398
rmftsa_ladata.csv,508,10,0.2,TrainD,0.896551724137931,0.8627450980392157,0.2850213050842285,0.31917187571525574
AP_Endometrium_Omentum.csv,138,10935,0.2,TrainA,0.990909090909091,0.9642857142857143,0.03717945143580437,0.1959439516067505
AP_Endometrium_Omentum.csv,138,10935,0.2,TrainB,1.0,0.9642857142857143,0.008312100544571877,0.10494893044233322
AP_Endometrium_Omentum.csv,138,10935,0.2,TrainD,1.0,0.9285714285714286,0.023432809859514236,0.12987959384918213
analcatdata_boxing2.csv,132,3,0.2,TrainA,0.7238095238095238,0.7777777777777778,0.6136981844902039,0.5523415207862854
analcatdata_boxing2.csv,132,3,0.2,TrainB,0.7238095238095238,0.8148148148148148,0.6115139722824097,0.5504113435745239
analcatdata_boxing2.csv,132,3,0.2,TrainD,0.7333333333333333,0.7777777777777778,0.6096842288970947,0.5464305281639099
fri_c0_1000_50.csv,1000,50,0.2,TrainA,0.88625,0.765,0.3535933196544647,0.48786112666130066
fri_c0_1000_50.csv,1000,50,0.2,TrainB,0.8925,0.765,0.3387901186943054,0.4947786033153534
fri_c0_1000_50.csv,1000,50,0.2,TrainD,0.8975,0.775,0.33218279480934143,0.49706321954727173
fri_c4_500_50.csv,500,50,0.2,TrainA,0.83,0.68,0.44509437680244446,0.6014074087142944
fri_c4_500_50.csv,500,50,0.2,TrainB,0.8425,0.68,0.41033023595809937,0.6083030700683594
fri_c4_500_50.csv,500,50,0.2,TrainD,0.835,0.68,0.43001893162727356,0.603679358959198
analcatdata_chlamydia.csv,100,3,0.2,TrainA,0.8375,0.7,0.18709087371826172,0.3247714936733246
analcatdata_chlamydia.csv,100,3,0.2,TrainB,0.9375,1.0,0.16483962535858154,0.2826451063156128
analcatdata_chlamydia.csv,100,3,0.2,TrainD,0.8375,0.7,0.1826147735118866,0.3090294301509857
PizzaCutter3.csv,1043,37,0.2,TrainA,0.8729016786570744,0.8995215311004785,0.273108571767807,0.2688264548778534
PizzaCutter3.csv,1043,37,0.2,TrainB,0.8729016786570744,0.8995215311004785,0.2637363374233246,0.26881781220436096
heart_c.csv,303,13,0.2,TrainA,0.8636363636363636,0.7868852459016393,0.3347179889678955,0.43237194418907166
heart_c.csv,303,13,0.2,TrainB,0.8636363636363636,0.7868852459016393,0.3267349600791931,0.4287320673465729
heart_c.csv,303,13,0.2,TrainD,0.8636363636363636,0.7868852459016393,0.32894736528396606,0.43310460448265076
mofn_3_7_10.csv,1324,10,0.2,TrainA,1.0,1.0,0.0029113993514329195,0.00260717305354774
mofn_3_7_10.csv,1324,10,0.2,TrainB,1.0,1.0,2.7734371542464942e-05,2.5476756491116248e-05
fri_c1_1000_5.csv,1000,5,0.2,TrainA,0.84375,0.82,0.47632861137390137,0.5062846541404724
fri_c1_1000_5.csv,1000,5,0.2,TrainB,0.85875,0.825,0.46009108424186707,0.49066615104675293
fri_c1_1000_5.csv,1000,5,0.2,TrainD,0.86375,0.82,0.47154250741004944,0.5028461217880249
fri_c3_100_10.csv,100,10,0.2,TrainA,0.6375,0.7,0.540206253528595,0.5525375604629517
fri_c3_100_10.csv,100,10,0.2,TrainB,0.7125,0.65,0.5359207391738892,0.5520259737968445
fri_c1_250_10.csv,250,10,0.2,TrainA,0.745,0.68,0.5549360513687134,0.6027120351791382
fri_c1_250_10.csv,250,10,0.2,TrainB,0.75,0.7,0.5490913987159729,0.6039922833442688
fri_c1_250_10.csv,250,10,0.2,TrainD,0.75,0.68,0.5488443970680237,0.6010475754737854
AP_Endometrium_Colon.csv,347,10935,0.2,TrainA,1.0,0.9142857142857143,0.029385875910520554,0.1804148107767105
AP_Endometrium_Colon.csv,347,10935,0.2,TrainB,1.0,0.9,0.013795017264783382,0.2877933084964752
AP_Endometrium_Colon.csv,347,10935,0.2,TrainD,1.0,0.9142857142857143,0.006632596720010042,0.25734853744506836
fri_c3_500_5.csv,500,5,0.2,TrainA,0.76,0.72,0.5616465210914612,0.5859079957008362
fri_c3_500_5.csv,500,5,0.2,TrainB,0.765,0.74,0.5166192650794983,0.5450551509857178
fri_c3_500_5.csv,500,5,0.2,TrainD,0.775,0.77,0.5291364789009094,0.5551810264587402
fri_c0_100_10.csv,100,10,0.2,TrainA,0.5625,0.5,0.6914819478988647,0.6994894742965698
fri_c0_100_10.csv,100,10,0.2,TrainB,0.6,0.5,0.6893097162246704,0.7014411687850952
fri_c1_100_50.csv,100,50,0.2,TrainA,0.6,0.4,0.6733807325363159,0.7188777923583984
fri_c1_100_50.csv,100,50,0.2,TrainB,0.6,0.4,0.6599481701850891,0.7270960211753845
mu284.csv,284,10,0.2,TrainA,1.0,1.0,0.01833895407617092,0.015759741887450218
mu284.csv,284,10,0.2,TrainB,0.9955947136563876,1.0,0.012757196091115475,0.010832304134964943
mu284.csv,284,10,0.2,TrainD,1.0,1.0,0.013742065988481045,0.01362660899758339
fri_c2_1000_5.csv,1000,5,0.2,TrainA,0.91375,0.91,0.38044825196266174,0.37959423661231995
fri_c2_1000_5.csv,1000,5,0.2,TrainB,0.91875,0.91,0.36698150634765625,0.3697417974472046
fri_c2_1000_5.csv,1000,5,0.2,TrainD,0.92125,0.905,0.3665219247341156,0.3706749677658081
AP_Uterus_Kidney.csv,384,10935,0.2,TrainA,1.0,0.961038961038961,0.29584068059921265,0.48098641633987427
AP_Uterus_Kidney.csv,384,10935,0.2,TrainB,0.996742671009772,0.961038961038961,0.20805707573890686,0.7393658757209778
AP_Uterus_Kidney.csv,384,10935,0.2,TrainD,1.0,0.961038961038961,0.041494958102703094,0.42318612337112427
visualizing_galaxy.csv,323,4,0.2,TrainA,0.9651162790697675,0.9538461538461539,0.1428089737892151,0.13087692856788635
visualizing_galaxy.csv,323,4,0.2,TrainB,0.9651162790697675,0.9692307692307692,0.12564487755298615,0.10444138944149017
visualizing_galaxy.csv,323,4,0.2,TrainD,0.9651162790697675,0.9538461538461539,0.1280808448791504,0.11198590695858002
CostaMadre1.csv,296,37,0.2,TrainA,0.8771186440677966,0.8666666666666667,0.3309922516345978,0.3521324098110199
CostaMadre1.csv,296,37,0.2,TrainB,0.8771186440677966,0.8666666666666667,0.32343053817749023,0.35336360335350037
CostaMadre1.csv,296,37,0.2,TrainD,0.8771186440677966,0.8666666666666667,0.32401761412620544,0.35342153906822205
analcatdata_boxing1.csv,120,3,0.2,TrainA,0.6458333333333334,0.6666666666666666,0.5922103524208069,0.5783511400222778
analcatdata_boxing1.csv,120,3,0.2,TrainB,0.6458333333333334,0.6666666666666666,0.5857295989990234,0.5776023268699646
machine_cpu.csv,209,6,0.2,TrainA,0.9700598802395209,0.9047619047619048,0.13354982435703278,0.17989331483840942
machine_cpu.csv,209,6,0.2,TrainB,0.9700598802395209,0.9047619047619048,0.12884950637817383,0.18068155646324158
machine_cpu.csv,209,6,0.2,TrainD,0.9700598802395209,0.9047619047619048,0.12999418377876282,0.18387724459171295
chatfield_4.csv,235,12,0.2,TrainA,0.9148936170212766,0.9148936170212766,0.20089171826839447,0.2636195719242096
chatfield_4.csv,235,12,0.2,TrainB,0.9361702127659575,0.9148936170212766,0.19337548315525055,0.262031227350235
ar1.csv,121,29,0.2,TrainA,0.9270833333333334,0.92,0.23572953045368195,0.3229893743991852
ar1.csv,121,29,0.2,TrainB,0.9270833333333334,0.92,0.22045612335205078,0.3283751308917999
arsenic-female-bladder.csv,559,4,0.2,TrainA,0.8657718120805369,0.8839285714285714,0.4410572052001953,0.5411143898963928
arsenic-female-bladder.csv,559,4,0.2,TrainB,0.8657718120805369,0.8928571428571429,0.42174291610717773,0.5540913939476013
arsenic-female-bladder.csv,559,4,0.2,TrainD,0.8680089485458613,0.8928571428571429,0.3843812644481659,2.082519769668579
hill-valley.csv,1212,100,0.2,TrainA,0.5056759545923633,0.45267489711934156,0.6929348111152649,0.6946958899497986
hill-valley.csv,1212,100,0.2,TrainB,0.5056759545923633,0.45267489711934156,0.6929454803466797,0.6954909563064575
hill-valley.csv,1212,100,0.2,TrainD,0.5056759545923633,0.45267489711934156,0.6928874254226685,0.6944255828857422
fri_c2_1000_10.csv,1000,10,0.2,TrainA,0.8075,0.805,0.4403541684150696,0.4508075714111328
fri_c2_1000_10.csv,1000,10,0.2,TrainB,0.85625,0.84,0.4158378839492798,0.435190886259079
fri_c2_1000_10.csv,1000,10,0.2,TrainD,0.8125,0.8,0.4231976270675659,0.44122228026390076
haberman.csv,306,3,0.2,TrainA,0.7418032786885246,0.7096774193548387,0.5280072093009949,0.5892608165740967
haberman.csv,306,3,0.2,TrainB,0.7418032786885246,0.7096774193548387,0.5261083841323853,0.5899211764335632
haberman.csv,306,3,0.2,TrainD,0.7418032786885246,0.7096774193548387,0.5219645500183105,0.5921351313591003
analcatdata_authorship.csv,841,70,0.2,TrainA,0.9970238095238095,0.9940828402366864,0.007130864076316357,0.009668794460594654
analcatdata_authorship.csv,841,70,0.2,TrainB,0.9970238095238095,0.9940828402366864,0.005883767269551754,0.0065451995469629765
analcatdata_michiganacc.csv,108,3,0.2,TrainA,0.5813953488372093,0.45454545454545453,0.6809353232383728,0.7285337448120117
analcatdata_michiganacc.csv,108,3,0.2,TrainB,0.5813953488372093,0.45454545454545453,0.6793072819709778,0.7291868329048157
analcatdata_michiganacc.csv,108,3,0.2,TrainD,0.5813953488372093,0.45454545454545453,0.6862249374389648,0.7083847522735596
fri_c0_250_10.csv,250,10,0.2,TrainA,0.875,0.82,0.3303757607936859,0.42301124334335327
fri_c0_250_10.csv,250,10,0.2,TrainB,0.895,0.84,0.31559157371520996,0.4144285321235657
fri_c0_250_10.csv,250,10,0.2,TrainD,0.885,0.82,0.3166802227497101,0.4194208085536957
sonar.csv,208,60,0.2,TrainA,0.9457831325301205,0.7857142857142857,0.33970585465431213,0.4480374753475189
sonar.csv,208,60,0.2,TrainB,0.963855421686747,0.8095238095238095,0.3050672113895416,0.4506589472293854
sonar.csv,208,60,0.2,TrainD,0.963855421686747,0.8095238095238095,0.29829245805740356,0.45434311032295227
AP_Endometrium_Uterus.csv,185,10935,0.2,TrainA,0.972972972972973,0.6756756756756757,0.22349809110164642,0.8427229523658752
AP_Endometrium_Uterus.csv,185,10935,0.2,TrainB,0.972972972972973,0.7027027027027027,0.20277245342731476,1.4073216915130615
newton_hema.csv,140,3,0.2,TrainA,0.7232142857142857,0.8571428571428571,0.5910754203796387,0.6012383699417114
newton_hema.csv,140,3,0.2,TrainB,0.7232142857142857,0.8571428571428571,0.5865618586540222,0.598080575466156
newton_hema.csv,140,3,0.2,TrainD,0.7321428571428571,0.8571428571428571,0.5797153115272522,0.5964884161949158
fri_c3_250_25.csv,250,25,0.2,TrainA,0.755,0.64,0.5714904069900513,0.6383875012397766
fri_c3_250_25.csv,250,25,0.2,TrainB,0.76,0.64,0.5479488372802734,0.6442593336105347
fri_c3_250_25.csv,250,25,0.2,TrainD,0.775,0.64,0.5443874597549438,0.6481361389160156
AP_Endometrium_Ovary.csv,259,10935,0.2,TrainA,1.0,0.8846153846153846,0.4229705035686493,0.6148304343223572
AP_Endometrium_Ovary.csv,259,10935,0.2,TrainB,1.0,0.9038461538461539,0.38993141055107117,0.6849099397659302
AP_Endometrium_Ovary.csv,259,10935,0.2,TrainD,1.0,0.9230769230769231,0.36504700779914856,0.5359355211257935
