Dataset,Row,Col,Accuracy_A,Accuracy_B,Accuracy_D,Loss_A,Loss_B,Loss_D,Validation_Accuracy_A,Validation_Accuracy_B,Validation_Accuracy_D,Validation_Loss_A,Validation_Loss_B,Validation_Loss_D,Delta_Training_Accuracy,Delta_Validation_Accuracy,Delta_Training_Loss,Delta_Validation_Loss,ARI
AP_Breast_Lung.csv,470,10935,0.9893617021276596,0.9893617021276596,0.9946808510638298,0.0464477129280567,0.0267764553427696,0.0355073660612106,0.9680851063829788,0.9680851063829788,0.9680851063829788,0.21613709628582,0.3214164972305298,0.3261689841747284,Increased,Same,Increased,Increased,0
AP_Breast_Omentum.csv,421,10935,0.9910714285714286,0.9910714285714286,0.9940476190476192,0.1137999817728996,0.1040538623929023,0.0852732062339782,0.976470588235294,0.9647058823529412,0.976470588235294,0.1475422531366348,0.1740834265947342,0.1230485141277313,Increased,Increased,Decreased,Decreased,0
AP_Breast_Ovary.csv,542,10935,0.9953810623556582,0.9953810623556582,0.9976905311778292,0.0289892703294754,0.0179314147680997,0.0113811045885086,0.963302752293578,0.9724770642201837,0.9724770642201837,0.1205253675580024,0.1289795935153961,0.1115182489156723,Increased,Same,Decreased,Decreased,0
AP_Breast_Prostate.csv,413,10935,1.0,1.0,1.0,0.0134686324745416,0.0021876003593206,0.006724783219397,0.963855421686747,0.963855421686747,0.963855421686747,0.1496625393629074,0.1306314766407013,0.1789265871047973,Same,Same,Increased,Increased,0
AP_Breast_Uterus.csv,468,10935,0.997326203208556,0.997326203208556,0.997326203208556,0.0314367078244686,0.0246328320354223,0.0188285876065492,0.9574468085106383,0.9361702127659576,0.925531914893617,0.2737098336219787,0.6011163592338562,0.3906556665897369,Same,Decreased,Decreased,Decreased,0
AP_Colon_Lung.csv,412,10935,1.0,1.0,1.0,0.0377180986106395,0.0192349702119827,0.0280918199568986,0.963855421686747,0.9518072289156626,0.9397590361445785,0.1619843691587448,0.1758261322975158,0.2361856997013092,Same,Decreased,Increased,Increased,0
AP_Colon_Omentum.csv,363,10935,0.9896551724137932,0.996551724137931,0.986206896551724,0.046671662479639,0.024816557765007,0.0369365215301513,0.8767123287671232,0.8904109589041096,0.8767123287671232,0.1959068924188614,0.2431025505065918,0.2299392372369766,Decreased,Decreased,Increased,Decreased,0
AP_Colon_Ovary.csv,484,10935,0.979328165374677,0.9767441860465116,0.9741602067183462,0.0534997731447219,0.0353598892688751,0.042383749037981,0.9484536082474226,0.9484536082474226,0.9484536082474226,0.2679734230041504,0.2201866805553436,0.3288794159889221,Decreased,Same,Increased,Increased,0
AP_Colon_Prostate.csv,355,10935,0.8028169014084507,0.8028169014084507,0.9929577464788732,0.1652759164571762,0.1450922638177871,0.1405263692140579,0.8169014084507042,0.8169014084507042,0.9577464788732394,0.292301595211029,0.3742213845252991,0.1994398832321167,Increased,Increased,Decreased,Decreased,0
AP_Colon_Uterus.csv,410,10935,0.9939024390243902,0.9969512195121952,0.9969512195121952,0.0340691693127155,0.0244661998003721,0.025740897282958,0.9634146341463414,0.9634146341463414,0.9634146341463414,0.1378033608198166,0.2883749008178711,1.5159417390823364,Same,Same,Increased,Increased,0
AP_Endometrium_Breast.csv,405,10935,1.0,1.0,1.0,0.0168282706290483,0.0092643070966005,0.0032666390761733,0.9753086419753086,0.9753086419753086,0.9753086419753086,0.192013531923294,0.2308611422777176,0.2388927042484283,Same,Same,Decreased,Increased,0
AP_Endometrium_Colon.csv,347,10935,1.0,1.0,1.0,0.0293858759105205,0.0137950172647833,0.00663259672001,0.9142857142857144,0.9,0.9142857142857144,0.1804148107767105,0.2877933084964752,0.2573485374450683,Same,Increased,Decreased,Decreased,0
AP_Endometrium_Kidney.csv,321,10935,0.97265625,0.97265625,0.77734375,0.0328815095126628,0.0231576208025217,19.93922996520996,0.9692307692307692,0.9692307692307692,0.8153846153846154,0.0624914392828941,0.0792207196354866,15.407447814941406,Decreased,Decreased,Increased,Increased,0
AP_Endometrium_Lung.csv,187,10935,0.9932885906040269,0.9932885906040269,0.9932885906040269,0.0570130944252014,0.0397129245102405,0.0396874621510505,0.9473684210526316,0.9473684210526316,0.9736842105263158,0.3349229395389557,0.3836158812046051,2.704802989959717,Same,Increased,Decreased,Increased,0
AP_Endometrium_Omentum.csv,138,10935,0.990909090909091,1.0,1.0,0.0371794514358043,0.0083121005445718,0.0234328098595142,0.9642857142857144,0.9642857142857144,0.9285714285714286,0.1959439516067505,0.1049489304423332,0.1298795938491821,Same,Decreased,Increased,Increased,0
AP_Endometrium_Ovary.csv,259,10935,1.0,1.0,1.0,0.4229705035686493,0.3899314105510711,0.3650470077991485,0.8846153846153846,0.903846153846154,0.9230769230769232,0.6148304343223572,0.6849099397659302,0.5359355211257935,Same,Increased,Decreased,Decreased,0
AP_Endometrium_Prostate.csv,130,10935,1.0,1.0,1.0,0.0011651704553514,7.382401690847473e-06,0.0002928599424194,1.0,1.0,1.0,0.0027787373401224,0.0001485903485445,0.0006153587601147,Same,Same,Increased,Increased,0
AP_Lung_Uterus.csv,250,10935,0.975,0.98,0.98,0.0510870218276977,0.0392957404255867,0.0627748072147369,0.92,0.94,0.92,0.2963059544563293,2.097000360488892,2.1488821506500244,Same,Decreased,Increased,Increased,0
AP_Omentum_Kidney.csv,337,10935,0.2342007434944238,1.0,1.0,0.6103433966636658,0.5000032782554626,0.5038338899612427,0.2058823529411764,0.9705882352941176,0.9411764705882352,0.7386664748191833,0.6627454161643982,0.6659035682678223,Same,Decreased,Increased,Increased,0
AP_Omentum_Lung.csv,203,10935,0.9382716049382716,0.9814814814814816,0.9691358024691358,0.1022482365369796,0.0357326827943325,0.0784145668148994,0.8536585365853658,0.8536585365853658,0.8536585365853658,0.6868501901626587,1.125886082649231,0.5028769969940186,Decreased,Same,Increased,Decreased,0
AP_Omentum_Ovary.csv,275,10935,0.3045454545454545,0.9772727272727272,0.7454545454545455,0.6190728545188904,0.2072924524545669,0.2616674900054931,0.1818181818181818,0.7454545454545455,0.6,0.8508899211883545,0.7624552845954895,0.7515017986297607,Decreased,Decreased,Increased,Decreased,0
AP_Omentum_Uterus.csv,201,10935,0.9875,0.99375,0.9875,0.2246032506227493,0.1588887721300125,0.1133824363350868,0.902439024390244,0.902439024390244,0.902439024390244,0.3607577085494995,0.3611742258071899,0.3089111149311065,Decreased,Same,Decreased,Decreased,0
AP_Ovary_Uterus.csv,322,10935,0.8988326848249028,0.9961089494163424,0.9027237354085604,0.1276259124279022,0.0835434198379516,0.0997310876846313,0.8153846153846154,0.8461538461538461,0.8461538461538461,1.963130235671997,2.162487030029297,2.122269868850708,Decreased,Same,Increased,Decreased,0
AP_Prostate_Lung.csv,195,10935,1.0,1.0,1.0,0.01258135586977,0.0100900316610932,0.0006062844768166,1.0,1.0,1.0,1.3155802207620582e-06,7.631089715687267e-08,1.7912665271069272e-06,Same,Same,Decreased,Increased,0
AP_Prostate_Ovary.csv,267,10935,1.0,1.0,1.0,0.0720764696598053,0.0081567354500293,0.00408082222566,0.9444444444444444,0.9629629629629628,0.9814814814814816,0.1746802479028701,0.1729023307561874,0.0694546774029731,Same,Increased,Decreased,Decreased,0
AP_Uterus_Kidney.csv,384,10935,1.0,0.996742671009772,1.0,0.2958406805992126,0.2080570757389068,0.041494958102703,0.961038961038961,0.961038961038961,0.961038961038961,0.4809864163398742,0.7393658757209778,0.4231861233711242,Increased,Same,Decreased,Decreased,0
Australian.csv,690,14,0.8967391304347826,0.8931159420289855,0.8985507246376812,0.2863262593746185,0.2825862467288971,0.2778103351593017,0.8913043478260869,0.8913043478260869,0.8913043478260869,0.3473800122737884,0.3481918275356293,0.3451306223869324,Increased,Same,Decreased,Decreased,0
CastMetal1.csv,327,37,0.8735632183908046,0.8735632183908046,0.8735632183908046,0.3352076709270477,0.3259304165840149,0.3262239098548889,0.8636363636363636,0.8636363636363636,0.8636363636363636,0.3352391123771667,0.3280447125434875,0.3226836323738098,Same,Same,Increased,Decreased,0
CostaMadre1.csv,296,37,0.8771186440677966,0.8771186440677966,0.8771186440677966,0.3309922516345978,0.3234305381774902,0.3240176141262054,0.8666666666666667,0.8666666666666667,0.8666666666666667,0.3521324098110199,0.3533636033535003,0.353421539068222,Same,Same,Increased,Increased,0
Hill_Valley_with_noise.csv,1212,100,0.5314757481940144,0.5252837977296182,0.5211558307533539,0.6927998065948486,0.6926299929618835,0.692104160785675,0.5349794238683128,0.48559670781893,0.4897119341563786,0.6920862793922424,0.6930286884307861,0.6948566436767578,Decreased,Increased,Decreased,Increased,0
Hill_Valley_without_noise.csv,1212,100,0.5252837977296182,0.5263157894736842,0.5273477812177503,0.6922931671142578,0.6919078826904297,0.6919163465499878,0.4979423868312757,0.4979423868312757,0.4979423868312757,0.6931801438331604,0.6943520307540894,0.6942183375358582,Increased,Same,Increased,Decreased,0
KnuggetChase3.csv,194,39,0.8387096774193549,0.8387096774193549,0.8387096774193549,0.3785420060157776,0.3647573590278625,0.367275595664978,0.7948717948717948,0.7948717948717948,0.7948717948717948,0.527231752872467,0.5284544229507446,0.5292461514472961,Same,Same,Increased,Increased,0
KungChi3.csv,123,39,0.9081632653061223,0.9081632653061223,0.9081632653061223,0.2750128805637359,0.2526736855506897,0.2476640939712524,0.76,0.76,0.76,0.4705985188484192,0.4570087194442749,0.4266397356986999,Same,Same,Decreased,Decreased,0
MeanWhile1.csv,253,37,0.915841584158416,0.915841584158416,0.8960396039603961,0.3031004071235657,0.2841242551803589,2.261916160583496,0.803921568627451,0.803921568627451,0.7843137254901961,0.4572531878948211,0.4770618081092834,2.423991441726685,Decreased,Decreased,Increased,Increased,0
MegaWatt1.csv,253,37,0.915841584158416,0.915841584158416,0.915841584158416,0.2881618440151214,0.2650514841079712,0.2727143168449402,0.803921568627451,0.803921568627451,0.803921568627451,0.4733692109584808,0.4996043145656585,0.4988966882228851,Same,Same,Increased,Decreased,0
MindCave2.csv,125,39,0.72,0.74,0.79,0.5495226383209229,0.5281806588172913,0.490995317697525,0.8,0.8,0.68,0.5265086889266968,0.5255536437034607,0.5494467616081238,Increased,Decreased,Decreased,Increased,0
PieChart1.csv,705,37,0.9184397163120568,0.9184397163120568,0.9166666666666666,0.1692790240049362,0.1665104776620865,0.1641183346509933,0.9148936170212766,0.9148936170212766,0.9148936170212766,0.2029586732387542,0.2030817419290542,0.20734903216362,Decreased,Same,Decreased,Increased,0
PieChart2.csv,745,36,0.9798657718120806,0.9798657718120806,0.9798657718120806,0.0768822729587555,0.0722371190786361,0.0712494701147079,0.9731543624161074,0.9731543624161074,0.9731543624161074,0.1115063056349754,0.1212232485413551,0.10661331564188,Same,Same,Decreased,Decreased,0
PieChart3.csv,1077,37,0.8873403019744484,0.8873403019744484,0.8873403019744484,0.2682821452617645,0.2607046961784363,0.262114018201828,0.8333333333333334,0.8333333333333334,0.8379629629629629,0.3753520846366882,0.370188295841217,0.3751000165939331,Same,Increased,Increased,Increased,0
PizzaCutter1.csv,661,37,0.9204545454545454,0.9204545454545454,0.9204545454545454,0.1685738265514373,0.1664723306894302,0.1648142635822296,0.924812030075188,0.924812030075188,0.924812030075188,0.1875838190317154,0.1887260675430297,0.182515799999237,Same,Same,Decreased,Decreased,0
SPECT.csv,267,22,0.8826291079812206,0.8873239436619719,0.8779342723004695,0.3363574147224426,0.3195529282093048,0.324964702129364,0.7777777777777778,0.7777777777777778,0.7777777777777778,0.3648701310157776,0.3676218688488006,0.3658954501152038,Decreased,Same,Increased,Decreased,0
SPECTF.csv,349,44,0.949820788530466,0.949820788530466,0.946236559139785,0.2012481391429901,0.1788476854562759,0.1770065426826477,0.8285714285714286,0.8285714285714286,0.8142857142857143,0.3601710200309753,0.3477616012096405,0.3528849482536316,Decreased,Decreased,Decreased,Increased,0
acute-inflammations.csv,120,6,1.0,1.0,1.0,0.0010515141766518,0.000193216081243,0.0151325799524784,1.0,1.0,1.0,0.0012998906895518,0.0002699331380426,0.0145844602957367,Same,Same,Increased,Increased,0
analcatdata_apnea3.csv,450,3,0.875,0.875,0.875,0.3730310201644897,0.3734214901924133,0.3731829822063446,0.8888888888888888,0.8888888888888888,0.8888888888888888,0.3562303781509399,0.3550742566585541,0.3545038104057312,Same,Same,Decreased,Decreased,0
analcatdata_boxing2.csv,132,3,0.7238095238095238,0.7238095238095238,0.7333333333333333,0.6136981844902039,0.6115139722824097,0.6096842288970947,0.7777777777777778,0.8148148148148148,0.7777777777777778,0.5523415207862854,0.5504113435745239,0.5464305281639099,Increased,Decreased,Decreased,Decreased,0
analcatdata_chlamydia.csv,100,3,0.8375,0.9375,0.8375,0.1870908737182617,0.1648396253585815,0.1826147735118866,0.7,1.0,0.7,0.3247714936733246,0.2826451063156128,0.3090294301509857,Decreased,Decreased,Increased,Increased,0
analcatdata_creditscore.csv,100,6,0.9625,0.9875,0.975,0.2096043080091476,0.1529959738254547,0.1624042093753814,0.95,0.95,0.95,0.1767154037952423,0.139795497059822,0.1466546952724456,Decreased,Same,Increased,Increased,0
analcatdata_lawsuit.csv,264,4,0.933649289099526,0.933649289099526,0.933649289099526,0.1619094610214233,0.1522339135408401,0.1374543309211731,0.9056603773584906,0.9056603773584906,0.9056603773584906,0.2509367763996124,0.2595316767692566,0.2285363972187042,Same,Same,Decreased,Decreased,0
analcatdata_michiganacc.csv,108,3,0.5813953488372093,0.5813953488372093,0.5813953488372093,0.6809353232383728,0.6793072819709778,0.6862249374389648,0.4545454545454545,0.4545454545454545,0.4545454545454545,0.7285337448120117,0.7291868329048157,0.7083847522735596,Same,Same,Increased,Decreased,0
analcatdata_seropositive.csv,132,3,0.9523809523809524,0.9523809523809524,0.9523809523809524,0.1927317976951599,0.1562911570072174,0.1937841325998306,0.8888888888888888,0.925925925925926,0.8888888888888888,0.197612464427948,0.1572477966547012,0.1921834200620651,Same,Decreased,Increased,Increased,0
analcatdata_vineyard.csv,468,3,0.7112299465240641,0.7112299465240641,0.7112299465240641,0.5700123310089111,0.56229168176651,0.5638365149497986,0.6595744680851063,0.6595744680851063,0.6595744680851063,0.6003174781799316,0.5898858904838562,0.5907040238380432,Same,Same,Increased,Increased,0
analcatdata_wildcat.csv,163,5,0.7153846153846154,0.8076923076923077,0.7153846153846154,0.4169311225414276,0.4046543836593628,0.415224552154541,0.696969696969697,0.7878787878787878,0.696969696969697,0.3787766993045807,0.3549454808235168,0.3832084238529205,Decreased,Decreased,Increased,Increased,0
anthracyclineTaxaneChemotherapy.csv,159,61359,0.9606299212598424,0.9606299212598424,0.9606299212598424,0.0938656330108642,0.0588409304618835,0.057315856218338,0.625,0.59375,0.65625,1.711118221282959,2.445842266082764,2.1635446548461914,Same,Increased,Decreased,Decreased,0
appendicitis.csv,106,7,0.8214285714285714,0.8214285714285714,0.8214285714285714,0.3998422026634216,0.3628356456756592,0.401275485754013,0.7272727272727273,0.7272727272727273,0.7272727272727273,0.5678403377532959,0.610069990158081,0.5570855736732483,Same,Same,Increased,Decreased,0
ar4.csv,107,29,0.8705882352941177,0.8823529411764706,0.8823529411764706,0.3333277106285095,0.3136985301971435,0.3313338458538055,0.7727272727272727,0.7727272727272727,0.7727272727272727,0.4727062880992889,0.4866268038749695,0.4776293635368347,Same,Same,Increased,Decreased,0
ar6.csv,101,29,0.9125,0.9,0.9125,0.3753834366798401,0.3442679941654205,0.3559190034866333,0.7142857142857143,0.7142857142857143,0.7142857142857143,9.935606002807615,9.956496238708496,9.946946144104004,Increased,Same,Increased,Decreased,0
arcene.csv,200,10000,0.9625,0.96875,0.96875,0.1790933907032013,0.1243431121110916,0.1460242271423339,0.75,0.8,0.7,0.4363324046134949,0.4770496785640716,0.5079944729804993,Same,Decreased,Increased,Increased,0
arsenic-female-bladder.csv,559,4,0.8657718120805369,0.8657718120805369,0.8680089485458613,0.4410572052001953,0.4217429161071777,0.3843812644481659,0.8839285714285714,0.8928571428571429,0.8928571428571429,0.5411143898963928,0.5540913939476013,2.082519769668579,Increased,Same,Decreased,Increased,0
arsenic-female-lung.csv,559,4,0.988814317673378,0.988814317673378,0.988814317673378,0.0534305274486541,0.0483869388699531,0.0490211807191371,0.9732142857142856,0.9732142857142856,0.9821428571428572,0.1010711416602134,0.0929401069879531,0.0816629603505134,Same,Increased,Increased,Decreased,0
arsenic-male-lung.csv,559,4,0.9977628635346756,0.9977628635346756,0.9977628635346756,0.0069379364140331,0.0042107836343348,0.0037595136091113,0.9821428571428572,0.9910714285714286,1.0,0.0254931319504976,0.0115662151947617,0.0024577041622251,Same,Increased,Decreased,Decreased,0
autoPrice.csv,159,15,0.9763779527559056,0.9763779527559056,0.9763779527559056,0.2375376969575882,0.2158568650484085,0.1931765675544738,0.875,0.875,0.875,0.3532138466835022,0.3554763793945312,0.3423456847667694,Same,Same,Decreased,Decreased,0
autoUniv-au1-1000.csv,1000,20,0.76625,0.7725,0.77875,0.4939261376857757,0.4862430691719055,0.4763217568397522,0.71,0.705,0.71,0.5692562460899353,0.5713355541229248,0.563930869102478,Increased,Increased,Decreased,Decreased,0
auto_price.csv,159,15,0.9921259842519684,0.9921259842519684,0.9921259842519684,0.0484388954937458,0.0336558260023593,0.0260453838855028,0.96875,0.96875,0.96875,0.1477199494838714,0.1469085365533828,0.1455310732126236,Same,Same,Decreased,Decreased,0
backache.csv,180,31,0.875,0.875,0.9027777777777778,0.2643438279628753,0.2427082061767578,0.2492451667785644,0.8333333333333334,0.8333333333333334,0.8333333333333334,0.4139279723167419,0.4334171712398529,0.4226995706558227,Increased,Same,Increased,Decreased,0
badges2.csv,294,10,1.0,1.0,1.0,0.0011192930396646,8.872807666193694e-05,0.0209532137960195,1.0,1.0,1.0,0.0008510932675562,3.2183685107156634e-05,0.0196494124829769,Same,Same,Increased,Increased,0
balance-scale.csv,625,4,0.95,0.95,0.95,0.1693235039710998,0.1683463603258133,0.1788272559642791,0.96,0.96,0.96,0.1775279939174652,0.1747704744338989,0.178926795721054,Same,Same,Increased,Increased,0
banknote-authentication.csv,1372,4,0.9945305378304466,0.9963536918869644,0.9990884229717412,0.0206058714538812,0.0150011144578456,0.0145348934456706,0.9818181818181818,0.9854545454545456,0.9927272727272728,0.0348813794553279,0.0318110659718513,0.0293568149209022,Increased,Increased,Decreased,Decreased,0
blood-transfusion-service-center.csv,748,4,0.7759197324414716,0.7775919732441472,0.7759197324414716,0.4652499258518219,0.4633466601371765,0.4659691751003265,0.76,0.7666666666666667,0.7666666666666667,0.4826932847499847,0.4818190634250641,0.484170526266098,Decreased,Same,Increased,Increased,0
bodyfat.csv,252,14,1.0,1.0,1.0,0.0266271419823169,0.0138212582096457,0.0166373904794454,0.9607843137254902,0.9803921568627452,0.9803921568627452,0.1021882593631744,0.0862883552908897,0.0858197882771492,Same,Same,Increased,Decreased,0
boston.csv,506,13,0.8836633663366337,0.8886138613861386,0.8861386138613861,0.3025813102722168,0.3024720549583435,0.3012717068195343,0.9215686274509804,0.931372549019608,0.9215686274509804,0.2575230002403259,0.2595475614070892,0.2562238574028015,Decreased,Decreased,Decreased,Decreased,0
boston_corrected.csv,506,20,0.8811881188118812,0.8811881188118812,0.8811881188118812,0.3234060406684875,0.3089840412139892,0.3117577135562897,0.8431372549019608,0.8333333333333334,0.8333333333333334,0.3756375014781952,0.372516006231308,0.3719872236251831,Same,Same,Increased,Decreased,0
breast-cancer-dropped-missing-attributes-values.csv,277,9,0.7420814479638009,0.751131221719457,0.7601809954751131,0.5103771090507507,0.5050817728042603,0.50713050365448,0.7142857142857143,0.7142857142857143,0.7321428571428571,0.492830753326416,0.488198846578598,0.4950877726078033,Increased,Increased,Increased,Increased,0
breast.csv,699,10,0.964221824686941,0.966010733452594,0.966010733452594,0.0896180346608161,0.08836580067873,0.0878668501973152,0.9857142857142858,0.9857142857142858,0.9857142857142858,0.0461829788982868,0.0463481619954109,0.0442480482161045,Same,Same,Decreased,Decreased,0
breast_cancer.csv,286,9,0.7543859649122807,0.7587719298245614,0.7675438596491229,0.5237227082252502,0.5156030058860779,0.5145588517189026,0.7931034482758621,0.7931034482758621,0.7758620689655172,0.5189406275749207,0.5129867792129517,0.513668417930603,Increased,Decreased,Decreased,Increased,0
breast_w.csv,699,9,0.9749552772808586,0.9749552772808586,0.9731663685152058,0.1172567903995513,0.115908958017826,0.1166540458798408,0.9714285714285714,0.9714285714285714,0.9714285714285714,0.1156837716698646,0.1169739067554473,0.1149918138980865,Decreased,Same,Increased,Decreased,0
buggyCrx.csv,690,15,0.8786231884057971,0.8804347826086957,0.8768115942028986,0.3141791522502899,0.3111089766025543,0.3129648268222809,0.8985507246376812,0.8840579710144928,0.8913043478260869,0.3221167325973511,0.3219869434833526,0.3231056332588196,Decreased,Increased,Increased,Increased,0
bupa.csv,345,5,0.4710144927536231,0.6557971014492754,0.6485507246376812,0.7030206918716431,0.6481863856315613,0.6500685214996338,0.5652173913043478,0.5507246376811594,0.6231884057971014,0.684479296207428,0.6545684933662415,0.6539992094039917,Decreased,Increased,Increased,Decreased,0
chscase_census2.csv,400,7,0.51875,0.553125,0.546875,0.6911941766738892,0.6881554126739502,0.6882811784744263,0.525,0.45,0.5,0.6941733360290527,0.6952484846115112,0.6949601769447327,Decreased,Increased,Increased,Decreased,0
chscase_census3.csv,400,7,0.51875,0.56875,0.571875,0.6917048692703247,0.6834400296211243,0.684262216091156,0.525,0.4375,0.45,0.694881021976471,0.6987610459327698,0.6990703344345093,Increased,Increased,Increased,Increased,0
chscase_census4.csv,400,7,0.534375,0.5375,0.540625,0.6872926354408264,0.6862663626670837,0.6862276792526245,0.425,0.4375,0.45,0.7010208964347839,0.7016412019729614,0.7019608020782471,Increased,Increased,Decreased,Increased,0
chscase_census5.csv,400,7,0.509375,0.528125,0.534375,0.6941530704498291,0.6914421319961548,0.6909376382827759,0.525,0.4625,0.4625,0.6936160326004028,0.6971513628959656,0.6973423361778259,Increased,Same,Decreased,Increased,0
chscase_census6.csv,400,6,0.5875,0.5875,0.5875,0.6754755973815918,0.6752721071243286,0.6751925945281982,0.5875,0.5875,0.5875,0.677853524684906,0.6771129369735718,0.6774693727493286,Same,Same,Decreased,Increased,0
chscase_funds.csv,185,2,0.6013513513513513,0.7162162162162162,0.7027027027027027,0.681982159614563,0.6654890179634094,0.6680999398231506,0.6486486486486487,0.5675675675675675,0.5675675675675675,0.6839509606361389,0.6874774098396301,0.686249315738678,Decreased,Same,Increased,Decreased,0
chscase_vine2.csv,468,2,0.7620320855614974,0.7700534759358288,0.7727272727272727,0.5764044523239136,0.5667207837104797,0.5627024173736572,0.7127659574468085,0.723404255319149,0.723404255319149,0.6058616042137146,0.5930109024047852,0.589418888092041,Increased,Same,Decreased,Decreased,0
cleve.csv,303,13,0.8347107438016529,0.8388429752066116,0.8347107438016529,0.4150285422801971,0.4077460169792175,0.4049411118030548,0.8360655737704918,0.8360655737704918,0.8524590163934426,0.4211375713348388,0.4218247830867767,0.4204685688018799,Decreased,Increased,Decreased,Decreased,0
cmc.csv,1473,9,0.7317487266553481,0.7292020373514432,0.730899830220713,0.5583305954933167,0.5533334612846375,0.5538122057914734,0.7389830508474576,0.7559322033898305,0.7491525423728813,0.55441814661026,0.5500468015670776,0.5506974458694458,Increased,Decreased,Increased,Increased,0
cpu.csv,209,7,0.994011976047904,0.994011976047904,0.994011976047904,0.0288971774280071,0.0261097326874732,0.0246934927999973,0.9761904761904762,0.9761904761904762,0.9761904761904762,0.0372920185327529,0.0381252393126487,0.0386655405163764,Same,Same,Decreased,Increased,0
credit-g.csv,1000,20,0.76,0.76375,0.7575,0.4723893404006958,0.4713880121707916,0.4698455929756164,0.775,0.77,0.76,0.4961709976196289,0.4956966042518616,0.4892346560955047,Decreased,Decreased,Decreased,Decreased,0
credit_a.csv,690,15,0.8804347826086957,0.8804347826086957,0.8804347826086957,0.3534319102764129,0.3438286185264587,0.3432327508926391,0.8333333333333334,0.8333333333333334,0.8333333333333334,0.5671307444572449,0.574394166469574,0.5720089673995972,Same,Same,Decreased,Decreased,0
crx.csv,690,15,0.8731884057971014,0.8804347826086957,0.8768115942028986,0.3121320903301239,0.3037014305591583,0.3063081502914428,0.8623188405797102,0.855072463768116,0.855072463768116,0.3491920530796051,0.3487190902233124,0.3464556932449341,Decreased,Same,Increased,Decreased,0
datatrieve.csv,130,8,0.9134615384615384,0.9134615384615384,0.9134615384615384,0.2575564682483673,0.2528212070465088,0.2511999905109405,0.9230769230769232,0.9230769230769232,0.9230769230769232,0.3100073933601379,0.312098354101181,0.298003226518631,Same,Same,Decreased,Decreased,0
diabetes.csv,768,8,0.7833876221498371,0.7785016286644951,0.7817589576547231,0.4629918336868286,0.4621236026287079,0.4634503424167633,0.7792207792207793,0.7857142857142857,0.7857142857142857,0.5060362219810486,0.5073787569999695,0.5068041086196899,Increased,Same,Increased,Decreased,0
diggle_table_a2.csv,310,8,0.9919354838709676,0.9919354838709676,0.9919354838709676,0.0684519857168197,0.0647586807608604,0.0627316460013389,0.9838709677419356,0.9838709677419356,0.9838709677419356,0.0778254345059394,0.0761221051216125,0.0712930858135223,Same,Same,Decreased,Decreased,0
disclosure_x_bias.csv,662,3,0.5860113421550095,0.5879017013232514,0.5897920604914934,0.6808680891990662,0.6805099844932556,0.6805250644683838,0.6165413533834586,0.5939849624060151,0.5939849624060151,0.6735649108886719,0.673621416091919,0.673640787601471,Increased,Same,Increased,Increased,0
disclosure_x_noise.csv,662,3,0.5614366729678639,0.5633270321361059,0.5614366729678639,0.685247004032135,0.6847715973854065,0.684935450553894,0.5338345864661654,0.5263157894736842,0.5263157894736842,0.6907318830490112,0.6908053755760193,0.6908605098724365,Decreased,Same,Increased,Increased,0
disclosure_x_tampered.csv,662,3,0.5425330812854442,0.5425330812854442,0.5406427221172023,0.6865426898002625,0.6863390207290649,0.6866453289985657,0.5338345864661654,0.5338345864661654,0.5413533834586466,0.688782811164856,0.6883417963981628,0.6891319751739502,Decreased,Increased,Increased,Increased,0
disclosure_z.csv,662,3,0.5293005671077504,0.5689981096408318,0.5671077504725898,0.6891956925392151,0.6843971014022827,0.6870712041854858,0.5639097744360902,0.556390977443609,0.5714285714285714,0.6845324039459229,0.6803944706916809,0.6817469596862793,Decreased,Increased,Increased,Increased,0
fertility.csv,100,9,0.875,0.875,0.875,0.3280698657035827,0.3054322302341461,0.3147410750389099,0.9,0.9,0.9,0.4456128180027008,0.4633509516716003,0.489832729101181,Same,Same,Increased,Increased,0
fishcatch.csv,158,6,0.992063492063492,0.992063492063492,0.992063492063492,0.1147467344999313,0.1025224402546882,0.1188029423356056,1.0,0.96875,1.0,0.1860604733228683,0.1711443960666656,0.1889101564884185,Same,Increased,Increased,Increased,0
fri_c0_1000_10.csv,1000,10,0.83375,0.84125,0.83375,0.3884567320346832,0.3835335969924927,0.3858324885368347,0.875,0.87,0.875,0.3341102302074432,0.3299256861209869,0.3320613503456116,Decreased,Increased,Increased,Increased,0
fri_c0_1000_25.csv,1000,25,0.86625,0.87375,0.86625,0.3536692559719085,0.3452529907226562,0.3429117202758789,0.82,0.815,0.835,0.3979946374893188,0.3947283923625946,0.397759348154068,Decreased,Increased,Decreased,Increased,0
fri_c0_1000_5.csv,1000,5,0.88125,0.88,0.8825,0.339659720659256,0.3356587886810303,0.3360351622104645,0.865,0.865,0.87,0.3718603849411011,0.371057778596878,0.3697486221790313,Increased,Increased,Increased,Decreased,0
fri_c0_1000_50.csv,1000,50,0.88625,0.8925,0.8975,0.3535933196544647,0.3387901186943054,0.3321827948093414,0.765,0.765,0.775,0.4878611266613006,0.4947786033153534,0.4970632195472717,Increased,Increased,Decreased,Increased,0
fri_c0_100_25.csv,100,25,0.875,0.9,0.9,0.4844526648521423,0.4661377072334289,0.430195152759552,0.75,0.75,0.75,0.6231209635734558,0.6302794218063354,0.6886460185050964,Same,Same,Decreased,Increased,0
fri_c0_100_50.csv,100,50,0.9875,0.9875,0.9875,0.2418629378080368,0.2093753516674041,0.2105422914028167,0.65,0.65,0.65,0.5649752020835876,0.5670595765113831,0.5694974064826965,Same,Same,Increased,Increased,0
fri_c0_250_10.csv,250,10,0.875,0.895,0.885,0.3303757607936859,0.3155915737152099,0.3166802227497101,0.82,0.84,0.82,0.4230112433433532,0.4144285321235657,0.4194208085536957,Decreased,Decreased,Increased,Increased,0
fri_c0_250_25.csv,250,25,0.905,0.91,0.915,0.3972384631633758,0.3589290678501129,0.3686543703079223,0.76,0.78,0.78,0.5344427824020386,0.5434132218360901,0.5325486660003662,Increased,Same,Increased,Decreased,0
fri_c0_250_50.csv,250,50,0.965,0.97,0.965,0.1962211728096008,0.1743739545345306,0.1308429986238479,0.78,0.8,0.8,0.4030031263828277,0.416316419839859,0.4233880341053009,Decreased,Same,Decreased,Increased,0
fri_c0_500_10.csv,500,10,0.9025,0.9025,0.9,0.2787798941135406,0.2788453698158264,0.2780234515666961,0.85,0.84,0.85,0.4339897930622101,0.4294973015785217,0.4311093986034393,Decreased,Increased,Decreased,Increased,0
fri_c0_500_25.csv,500,25,0.8875,0.88,0.8825,0.3360024988651275,0.3251804411411285,0.3173871636390686,0.77,0.77,0.76,0.4814422726631164,0.489243745803833,0.487039715051651,Increased,Decreased,Decreased,Decreased,0
fri_c0_500_5.csv,500,5,0.84,0.855,0.85,0.41958749294281,0.400772213935852,0.4033119976520538,0.79,0.79,0.78,0.4395589530467987,0.4322169423103332,0.4330433011054992,Decreased,Decreased,Increased,Increased,0
fri_c0_500_50.csv,500,50,0.9275,0.945,0.9475,0.2304199635982513,0.1999456286430359,0.1982805430889129,0.75,0.77,0.76,0.4840921759605407,0.5071820616722107,0.5171740055084229,Increased,Decreased,Decreased,Increased,0
fri_c1_1000_10.csv,1000,10,0.7975,0.8175,0.80875,0.4381096661090851,0.4380131661891937,0.4350579977035522,0.77,0.76,0.775,0.4682158231735229,0.4711942672729492,0.4674217998981476,Decreased,Increased,Decreased,Decreased,0
fri_c1_1000_25.csv,1000,25,0.7425,0.74375,0.735,0.5620228052139282,0.5613355040550232,0.5595317482948303,0.62,0.615,0.615,0.609488844871521,0.6108283400535583,0.6110038161277771,Decreased,Same,Decreased,Increased,0
fri_c1_1000_5.csv,1000,5,0.84375,0.85875,0.86375,0.4763286113739013,0.460091084241867,0.4715425074100494,0.82,0.825,0.82,0.5062846541404724,0.4906661510467529,0.5028461217880249,Increased,Decreased,Increased,Increased,0
fri_c1_1000_50.csv,1000,50,0.74875,0.76375,0.76125,0.5491509437561035,0.5343204736709595,0.5332508087158203,0.595,0.625,0.61,0.6489240527153015,0.649895191192627,0.6546735167503357,Decreased,Decreased,Decreased,Increased,0
fri_c1_100_25.csv,100,25,0.4375,0.6375,0.575,0.6948596835136414,0.6858460903167725,1.95369815826416,0.55,0.4,0.45,0.6928097605705261,0.6963475346565247,0.8730037808418274,Decreased,Increased,Increased,Increased,0
fri_c1_100_5.csv,100,5,0.7125,0.725,0.725,0.5570955276489258,0.5547986030578613,0.5519958734512329,0.65,0.65,0.65,0.6399219036102295,0.6409839987754822,0.6413215398788452,Same,Same,Decreased,Increased,0
fri_c1_250_10.csv,250,10,0.745,0.75,0.75,0.5549360513687134,0.5490913987159729,0.5488443970680237,0.68,0.7,0.68,0.6027120351791382,0.6039922833442688,0.6010475754737854,Same,Decreased,Decreased,Decreased,0
fri_c1_250_5.csv,250,5,0.825,0.825,0.835,0.4577910900115967,0.4544307589530945,0.4525735974311828,0.8,0.76,0.78,0.5288535356521606,0.5275634527206421,0.5196106433868408,Increased,Increased,Decreased,Decreased,0
fri_c1_250_50.csv,250,50,0.83,0.835,0.83,0.4495058357715606,0.4164091944694519,0.4131638407707214,0.78,0.78,0.78,0.6278859376907349,0.6410423517227173,0.6397508978843689,Decreased,Same,Decreased,Decreased,0
fri_c1_500_10.csv,500,10,0.73,0.7425,0.7475,0.543477475643158,0.5282347202301025,0.5242987275123596,0.67,0.66,0.66,0.5968080759048462,0.5876962542533875,0.5887756943702698,Increased,Same,Decreased,Increased,0
fri_c1_500_25.csv,500,25,0.735,0.7275,0.7325,0.5303756594657898,0.525693953037262,0.5240283012390137,0.57,0.61,0.6,0.6581569910049438,0.6607992649078369,0.660319983959198,Increased,Decreased,Decreased,Decreased,0
fri_c1_500_5.csv,500,5,0.7625,0.7625,0.7625,0.5482152700424194,0.5497441291809082,0.5495975017547607,0.74,0.74,0.74,0.5610666871070862,0.5602364540100098,0.5608649253845215,Same,Same,Decreased,Increased,0
fri_c1_500_50.csv,500,50,0.795,0.805,0.8025,0.493855208158493,0.4722362458705902,0.4759913682937622,0.65,0.64,0.65,0.6774419546127319,0.6913630962371826,0.6888504028320312,Decreased,Increased,Increased,Decreased,0
fri_c2_1000_10.csv,1000,10,0.8075,0.85625,0.8125,0.4403541684150696,0.4158378839492798,0.4231976270675659,0.805,0.84,0.8,0.4508075714111328,0.435190886259079,0.4412222802639007,Decreased,Decreased,Increased,Increased,0
fri_c2_1000_25.csv,1000,25,0.83375,0.83375,0.83375,0.412067711353302,0.4026234149932861,0.4044739902019501,0.85,0.845,0.84,0.4221954643726349,0.4123779237270355,0.4133673906326294,Same,Decreased,Increased,Increased,0
fri_c2_1000_5.csv,1000,5,0.91375,0.91875,0.92125,0.3804482519626617,0.3669815063476562,0.3665219247341156,0.91,0.91,0.905,0.3795942366123199,0.3697417974472046,0.3706749677658081,Increased,Decreased,Decreased,Increased,0
fri_c2_1000_50.csv,1000,50,0.81125,0.825,0.82375,0.4618375301361084,0.4444111883640289,0.4428403079509735,0.71,0.67,0.68,0.5830695033073425,0.6009616255760193,0.5913094878196716,Decreased,Increased,Decreased,Decreased,0
fri_c2_100_10.csv,100,10,0.85,0.825,0.825,0.4324799180030823,0.4312601089477539,0.4264861643314361,0.75,0.75,0.75,0.4442073702812195,0.4436135292053222,0.445042073726654,Same,Same,Decreased,Increased,0
fri_c2_100_5.csv,100,5,0.5875,0.65,0.65,0.6782901883125305,0.6444117426872253,0.6440402269363403,0.5,0.4,0.4,0.6977680325508118,0.697645902633667,0.697752833366394,Same,Same,Decreased,Increased,0
fri_c2_250_10.csv,250,10,0.86,0.86,0.86,0.3976150453090668,0.3836022317409515,0.3901032209396362,0.88,0.88,0.88,0.377416580915451,0.3578490018844604,0.3643748462200165,Same,Same,Increased,Increased,0
fri_c2_250_25.csv,250,25,0.825,0.81,0.82,0.4767770767211914,0.4607929289340973,0.4573525190353393,0.64,0.62,0.62,0.6210225820541382,0.6278965473175049,0.635967493057251,Increased,Same,Decreased,Increased,0
fri_c2_250_5.csv,250,5,0.785,0.795,0.795,0.5114017724990845,0.502204179763794,0.4895888566970825,0.72,0.72,0.72,0.5844130516052246,0.5805161595344543,0.5611924529075623,Same,Same,Decreased,Decreased,0
fri_c2_250_50.csv,250,50,0.545,0.69,0.705,0.6846563816070557,0.6251962184906006,0.6246722936630249,0.54,0.58,0.56,0.694811224937439,0.709045946598053,0.7086422443389893,Increased,Decreased,Decreased,Decreased,0
fri_c2_500_10.csv,500,10,0.8175,0.82,0.82,0.480606347322464,0.4720320105552673,0.475702166557312,0.81,0.81,0.81,0.4972158074378967,0.4925201833248138,0.4921630918979645,Same,Same,Increased,Decreased,0
fri_c2_500_25.csv,500,25,0.775,0.79,0.785,0.5026588439941406,0.481683075428009,0.4893700778484344,0.64,0.66,0.65,0.6218327283859253,0.6270092129707336,0.6282365322113037,Decreased,Decreased,Increased,Increased,0
fri_c2_500_5.csv,500,5,0.785,0.785,0.79,0.5085235834121704,0.4991008043289184,0.4997749328613281,0.72,0.73,0.72,0.5503814220428467,0.5324915647506714,0.5389085412025452,Increased,Decreased,Increased,Increased,0
fri_c2_500_50.csv,500,50,0.835,0.845,0.8425,0.4142126142978668,0.3964061737060547,0.4005838632583618,0.73,0.74,0.73,0.6615098714828491,0.6615057587623596,0.6665692329406738,Decreased,Decreased,Increased,Increased,0
fri_c3_1000_10.csv,1000,10,0.78,0.78,0.7825,0.5205157995223999,0.519453763961792,0.5171183943748474,0.76,0.765,0.755,0.5419068336486816,0.5424064993858337,0.5372255444526672,Increased,Decreased,Decreased,Decreased,0
fri_c3_1000_25.csv,1000,25,0.715,0.72,0.71,0.5615902543067932,0.5438055992126465,0.5534104704856873,0.675,0.665,0.675,0.6212261319160461,0.6184525489807129,0.6217459440231323,Decreased,Increased,Increased,Increased,0
fri_c3_1000_5.csv,1000,5,0.795,0.79125,0.79125,0.5075221657752991,0.4991301298141479,0.5014176368713379,0.785,0.77,0.77,0.5056219696998596,0.4988162219524383,0.4992039799690246,Same,Same,Increased,Increased,0
fri_c3_1000_50.csv,1000,50,0.80375,0.8125,0.82625,0.5242559313774109,0.5083779692649841,0.5057916045188904,0.615,0.615,0.61,0.6241155862808228,0.6253852844238281,0.6259440779685974,Increased,Decreased,Decreased,Increased,0
fri_c3_100_25.csv,100,25,0.85,0.85,0.8875,0.558200478553772,0.5443052053451538,0.5119553804397583,0.55,0.55,0.55,0.6878882646560669,0.6910922527313232,0.6918386220932007,Increased,Same,Decreased,Increased,0
fri_c3_100_5.csv,100,5,0.7875,0.7875,0.7875,0.6479206085205078,0.6384146213531494,0.6385132074356079,0.6,0.6,0.6,0.6891649961471558,0.6903809309005737,0.6910845637321472,Same,Same,Increased,Increased,0
fri_c3_100_50.csv,100,50,0.9625,0.9625,0.9625,0.3551967144012451,0.3092491328716278,0.2868968844413757,0.65,0.6,0.65,0.6758159399032593,0.6808466911315918,1.0223971605300903,Same,Increased,Decreased,Increased,0
fri_c3_250_10.csv,250,10,0.76,0.775,0.775,0.4880147576332092,0.4820814430713653,0.4779413640499115,0.74,0.76,0.74,0.5508601665496826,0.5464046001434326,0.5411516427993774,Same,Decreased,Decreased,Decreased,0
fri_c3_250_25.csv,250,25,0.755,0.76,0.775,0.5714904069900513,0.5479488372802734,0.5443874597549438,0.64,0.64,0.64,0.6383875012397766,0.6442593336105347,0.6481361389160156,Increased,Same,Decreased,Increased,0
fri_c3_250_5.csv,250,5,0.8,0.785,0.8,0.5848133563995361,0.5233423709869385,0.5376941561698914,0.8,0.78,0.8,0.6340069770812988,0.5861507654190063,0.6002238988876343,Increased,Increased,Increased,Increased,0
fri_c3_500_10.csv,500,10,0.7425,0.7425,0.74,0.5679649710655212,0.559699535369873,0.5591453313827515,0.67,0.67,0.66,0.6013579368591309,0.5990193486213684,0.5978137254714966,Decreased,Decreased,Decreased,Decreased,0
fri_c3_500_25.csv,500,25,0.7975,0.795,0.795,0.5107364058494568,0.5002766251564026,0.5039518475532532,0.7,0.69,0.72,0.6022525429725647,0.6027960181236267,0.6008154153823853,Same,Increased,Increased,Decreased,0
fri_c3_500_5.csv,500,5,0.76,0.765,0.775,0.5616465210914612,0.5166192650794983,0.5291364789009094,0.72,0.74,0.77,0.5859079957008362,0.5450551509857178,0.5551810264587402,Increased,Increased,Increased,Increased,0
fri_c4_1000_10.csv,1000,10,0.8025,0.815,0.81125,0.5352017879486084,0.5195021629333496,0.5256607532501221,0.785,0.8,0.785,0.5373983383178711,0.5200983285903931,0.5312119722366333,Decreased,Decreased,Increased,Increased,0
fri_c4_1000_100.csv,1000,100,0.80625,0.83125,0.8275,0.4809757173061371,0.4455859065055847,0.4462314546108246,0.635,0.61,0.605,0.6601879596710205,0.6802800893783569,0.68556809425354,Decreased,Decreased,Increased,Increased,0
fri_c4_1000_25.csv,1000,25,0.63375,0.71375,0.72125,0.6647932529449463,0.5739890933036804,0.5731824636459351,0.625,0.635,0.615,0.6750717759132385,0.6451540589332581,0.6466808915138245,Increased,Decreased,Decreased,Increased,0
fri_c4_1000_50.csv,1000,50,0.755,0.7875,0.785,0.5434575080871582,0.5094459652900696,0.5043440461158752,0.61,0.58,0.61,0.6079429984092712,0.6024465560913086,0.6068547964096069,Decreased,Increased,Decreased,Increased,0
fri_c4_100_10.csv,100,10,0.45,0.5,0.5125,0.7065075635910034,0.700655996799469,0.6950817108154297,0.6,0.6,0.6,0.6783312559127808,0.6794265508651733,0.6809878945350647,Increased,Same,Decreased,Increased,0
fri_c4_100_100.csv,100,100,0.5,0.875,0.875,0.6773141026496887,0.6435254216194153,0.6428921818733215,0.55,0.5,0.5,0.6971238255500793,0.705382227897644,0.7040950059890747,Same,Same,Decreased,Decreased,0
fri_c4_100_25.csv,100,25,0.9375,0.9375,0.9375,0.3908994197845459,0.3375798463821411,0.2897655963897705,0.7,0.7,0.75,0.4655576348304748,0.4438144564628601,0.433577686548233,Same,Increased,Decreased,Decreased,0
fri_c4_100_50.csv,100,50,0.7625,0.7875,0.8125,0.6057647466659546,0.581231415271759,0.5785571336746216,0.65,0.7,0.7,0.6509783864021301,0.6615669131278992,0.6554995179176331,Increased,Same,Decreased,Decreased,0
fri_c4_250_10.csv,250,10,0.685,0.71,0.7,0.613766074180603,0.5794546604156494,0.5791966915130615,0.52,0.54,0.56,0.6796193718910217,0.6723025441169739,0.6683751940727234,Decreased,Increased,Decreased,Decreased,0
fri_c4_250_100.csv,250,100,0.86,0.89,0.895,0.504959225654602,0.4249507188796997,0.4178725481033325,0.64,0.68,0.68,0.6857015490531921,0.6943508386611938,0.6971945762634277,Increased,Same,Decreased,Increased,0
fri_c4_250_50.csv,250,50,0.515,0.81,0.795,0.6830045580863953,0.5477118492126465,0.4866824448108673,0.6,0.6,0.66,0.6709964871406555,0.656343400478363,0.6670414805412292,Decreased,Increased,Decreased,Increased,0
fri_c4_500_10.csv,500,10,0.81,0.8275,0.825,0.4859010577201843,0.4701080024242401,0.4676356017589569,0.72,0.71,0.71,0.5412305593490601,0.5274533629417419,0.5285863280296326,Decreased,Same,Decreased,Increased,0
fri_c4_500_100.csv,500,100,0.78,0.8375,0.8325,0.6126076579093933,0.5337191224098206,0.5445663332939148,0.55,0.53,0.53,0.691823422908783,0.7200356125831604,0.7115499377250671,Decreased,Same,Increased,Decreased,0
fri_c4_500_25.csv,500,25,0.78,0.7825,0.79,0.5451270937919617,0.5391771793365479,0.5371580123901367,0.64,0.64,0.64,0.6214384436607361,0.6238355040550232,0.6244964003562927,Increased,Same,Decreased,Increased,0
fri_c4_500_50.csv,500,50,0.83,0.8425,0.835,0.4450943768024444,0.4103302359580993,0.4300189316272735,0.68,0.68,0.68,0.6014074087142944,0.6083030700683594,0.603679358959198,Decreased,Same,Increased,Decreased,0
fruitfly.csv,125,4,0.59,0.59,0.59,0.6504154205322266,0.6486781239509583,0.6533224582672119,0.68,0.68,0.68,0.678598165512085,0.6791673302650452,0.6646968126296997,Same,Same,Increased,Decreased,0
german.csv,1000,20,0.745,0.74375,0.745,0.4941724836826324,0.4918594062328338,0.49058997631073,0.78,0.775,0.78,0.528083086013794,0.5301050543785095,0.5269822478294373,Increased,Increased,Decreased,Decreased,0
glass2.csv,163,9,0.5538461538461539,0.7153846153846154,0.7846153846153846,0.6740481853485107,0.646247923374176,0.4907106757164001,0.6666666666666666,0.696969696969697,0.7878787878787878,0.6650490164756775,0.6468705534934998,0.5184169411659241,Increased,Increased,Decreased,Decreased,0
grub-damage.csv,155,8,0.7903225806451613,0.7983870967741935,0.7983870967741935,0.4864120483398437,0.4792309999465942,0.4821401536464691,0.7741935483870968,0.7419354838709677,0.7741935483870968,0.5336372256278992,0.5360926985740662,0.5356699228286743,Same,Increased,Increased,Decreased,0
haberman.csv,306,3,0.7418032786885246,0.7418032786885246,0.7418032786885246,0.5280072093009949,0.5261083841323853,0.5219645500183105,0.7096774193548387,0.7096774193548387,0.7096774193548387,0.5892608165740967,0.5899211764335632,0.5921351313591003,Same,Same,Decreased,Increased,0
heart-statlog.csv,270,13,0.8703703703703703,0.875,0.8703703703703703,0.343282550573349,0.3366188704967499,0.3378735780715942,0.9074074074074074,0.8888888888888888,0.9074074074074074,0.362472653388977,0.3654196262359619,0.3595097959041595,Decreased,Increased,Increased,Decreased,0
heart_c.csv,303,13,0.8636363636363636,0.8636363636363636,0.8636363636363636,0.3347179889678955,0.3267349600791931,0.328947365283966,0.7868852459016393,0.7868852459016393,0.7868852459016393,0.4323719441890716,0.4287320673465729,0.4331046044826507,Same,Same,Increased,Increased,0
heart_h.csv,294,13,0.8765957446808511,0.8808510638297873,0.8808510638297873,0.3594851791858673,0.3505931496620178,0.3491902649402618,0.8135593220338984,0.8135593220338984,0.8135593220338984,0.3803428411483764,0.3820440769195556,0.3780480623245239,Same,Same,Decreased,Decreased,0
heart_statlog.csv,270,13,0.8657407407407407,0.8611111111111112,0.8657407407407407,0.3451035916805267,0.3405673503875732,0.3451188802719116,0.8703703703703703,0.8518518518518519,0.8518518518518519,0.3675452470779419,0.3655148148536682,0.3696963787078857,Increased,Same,Increased,Increased,0
hill-valley.csv,1212,100,0.5056759545923633,0.5056759545923633,0.5056759545923633,0.6929348111152649,0.6929454803466797,0.6928874254226685,0.4526748971193415,0.4526748971193415,0.4526748971193415,0.6946958899497986,0.6954909563064575,0.6944255828857422,Same,Same,Decreased,Decreased,0
house_votes_84.csv,435,16,0.9798850574712644,0.9827586206896552,0.9798850574712644,0.0752301216125488,0.0627587959170341,0.0665198639035224,0.9655172413793104,0.9540229885057472,0.9655172413793104,0.1351939290761947,0.1447875797748565,0.1395001113414764,Decreased,Increased,Increased,Decreased,0
humandevel.csv,130,1,0.8942307692307693,0.8942307692307693,0.8942307692307693,0.3347668349742889,0.329635888338089,0.3297022581100464,0.8846153846153846,0.8846153846153846,0.8846153846153846,0.2989795506000519,0.2936668992042541,0.2948232293128967,Same,Same,Increased,Increased,0
ilpd.csv,583,10,0.7060085836909872,0.7060085836909872,0.7060085836909872,0.5074639320373535,0.5069230794906616,0.5074472427368164,0.7435897435897436,0.7435897435897436,0.7435897435897436,0.4706477522850036,0.469054102897644,0.4683670401573181,Same,Same,Increased,Decreased,0
ionosphere.csv,351,34,0.975,0.975,0.975,0.1475436836481094,0.1198397800326347,0.1141457632184028,0.8873239436619719,0.9014084507042254,0.8873239436619719,0.2874945998191833,0.279859334230423,0.2936086356639862,Same,Decreased,Decreased,Increased,0
kc1-binary.csv,145,94,0.8362068965517241,0.8620689655172413,0.8793103448275862,0.3196522295475006,0.2856623828411102,0.2486343085765838,0.8275862068965517,0.8275862068965517,0.8275862068965517,0.355827659368515,0.3525956273078918,0.3551061153411865,Increased,Same,Decreased,Increased,0
kc2.csv,522,21,0.8537170263788969,0.8489208633093526,0.841726618705036,0.3475179076194763,0.3407234251499176,0.3455357551574707,0.8285714285714286,0.8571428571428571,0.819047619047619,0.4444231390953064,0.4535437226295471,0.4537849128246307,Decreased,Decreased,Increased,Increased,0
kc3.csv,458,39,0.9289617486338798,0.9371584699453552,0.9398907103825136,0.2648464739322662,0.2122194916009903,0.2192820608615875,0.9347826086956522,0.9347826086956522,0.9347826086956522,0.2750665545463562,0.2366217970848083,0.2400428056716919,Increased,Same,Increased,Increased,0
lowbwt.csv,189,9,0.8874172185430463,0.8940397350993378,0.8874172185430463,0.4133159816265106,0.4007314145565033,0.4082124829292297,0.7894736842105263,0.8157894736842105,0.7894736842105263,0.4856046438217163,0.4773198068141937,0.4733326435089111,Decreased,Decreased,Increased,Decreased,0
lungcancer_GSE31210.csv,226,23,0.8277777777777777,0.8277777777777777,0.9444444444444444,0.2609316110610962,0.2475029230117797,0.2300483286380767,0.9130434782608696,0.9130434782608696,0.9130434782608696,0.1885784566402435,0.1833935230970382,0.1985960602760315,Increased,Same,Decreased,Increased,0
machine_cpu.csv,209,6,0.9700598802395208,0.9700598802395208,0.9700598802395208,0.1335498243570327,0.1288495063781738,0.1299941837787628,0.9047619047619048,0.9047619047619048,0.9047619047619048,0.1798933148384094,0.1806815564632415,0.1838772445917129,Same,Same,Increased,Increased,0
mc2.csv,161,39,0.703125,0.7109375,0.7109375,0.5431231260299683,0.5025644302368164,0.5113651752471924,0.7878787878787878,0.7878787878787878,0.7878787878787878,0.5291233658790588,0.4916760921478271,0.5072173476219177,Same,Same,Increased,Increased,0
molecular-biology_promoters.csv,106,57,0.9642857142857144,0.9642857142857144,0.9642857142857144,0.1586051732301712,0.1353901177644729,0.1646979749202728,0.7727272727272727,0.7727272727272727,0.8181818181818182,0.501488983631134,0.5207054018974304,0.4767957031726837,Same,Increased,Increased,Decreased,0
molecular_biology_promoters.csv,106,57,0.5,0.5,0.6666666666666666,0.6907944083213806,0.6554287672042847,0.65925532579422,0.5,0.5,0.3636363636363636,0.7175564765930176,0.7169169783592224,0.7082070708274841,Increased,Decreased,Increased,Decreased,0
monk1.csv,556,6,0.7837837837837838,0.7927927927927928,0.7927927927927928,0.493530124425888,0.4900965094566345,0.491834431886673,0.7589285714285714,0.7589285714285714,0.7589285714285714,0.549105703830719,0.5476378202438354,0.5489963889122009,Same,Same,Increased,Increased,0
monk2.csv,601,6,0.6645833333333333,0.6645833333333333,0.6645833333333333,0.5146366953849792,0.5134068727493286,0.5174462199211121,0.6198347107438017,0.6198347107438017,0.6198347107438017,0.6090145111083984,0.6141018867492676,0.6081357598304749,Same,Same,Increased,Decreased,0
monk3.csv,554,6,0.8961625282167043,0.891647855530474,0.891647855530474,0.2789603173732757,0.2071426808834076,0.2025020867586136,0.8918918918918919,0.8918918918918919,0.8918918918918919,0.3314208984375,0.2513880729675293,0.2479665875434875,Same,Same,Decreased,Decreased,0
monks-problems-1.csv,556,6,0.8445945945945946,0.8423423423423423,0.8490990990990991,0.399004578590393,0.384207159280777,0.3898139595985412,0.8571428571428571,0.8571428571428571,0.8571428571428571,0.4281874597072601,0.4088732600212097,0.4189864695072174,Increased,Same,Increased,Increased,0
monks-problems-2.csv,601,6,0.6645833333333333,0.6645833333333333,0.6645833333333333,0.5287538170814514,0.5215877294540405,0.5241202712059021,0.628099173553719,0.628099173553719,0.628099173553719,0.6058875918388367,0.6065806150436401,0.6029788851737976,Same,Same,Increased,Decreased,0
monks-problems-3.csv,554,6,0.8871331828442438,0.8871331828442438,0.8871331828442438,0.2791391015052795,0.2786727845668793,0.2774538993835449,0.8918918918918919,0.8918918918918919,0.8918918918918919,0.3072636127471924,0.3059283792972564,0.3036023378372192,Same,Same,Decreased,Decreased,0
mu284.csv,284,10,1.0,0.9955947136563876,1.0,0.0183389540761709,0.0127571960911154,0.013742065988481,1.0,1.0,1.0,0.0157597418874502,0.0108323041349649,0.0136266089975833,Increased,Same,Increased,Increased,0
newton_hema.csv,140,3,0.7232142857142857,0.7232142857142857,0.7321428571428571,0.5910754203796387,0.5865618586540222,0.5797153115272522,0.8571428571428571,0.8571428571428571,0.8571428571428571,0.6012383699417114,0.598080575466156,0.5964884161949158,Increased,Same,Decreased,Decreased,0
no2.csv,500,7,0.595,0.5975,0.5975,0.6625661253929138,0.6606260538101196,0.6617467403411865,0.56,0.56,0.56,0.6678877472877502,0.6680652499198914,0.6675145626068115,Same,Same,Increased,Decreased,0
oil_spill.csv,937,49,0.9532710280373832,0.9532710280373832,0.9532710280373832,0.0896552056074142,0.0715473443269729,0.0765866115689277,0.9680851063829788,0.9680851063829788,0.9680851063829788,0.0748805925250053,0.0733419805765152,0.078577809035778,Same,Same,Increased,Increased,0
parity5+5.csv,1124,10,0.5005561735261401,0.5194660734149055,0.5172413793103449,0.6919280290603638,0.6910694241523743,0.6909210085868835,0.4488888888888889,0.4266666666666667,0.4266666666666667,0.6971495747566223,0.6979708671569824,0.6984712481498718,Decreased,Same,Decreased,Increased,0
pc1_req.csv,320,8,0.72265625,0.72265625,0.71875,0.5813586115837097,0.5788426995277405,0.5789306163787842,0.609375,0.609375,0.609375,0.6359946727752686,0.6385926008224487,0.6404021382331848,Decreased,Same,Increased,Increased,0
pc4.csv,1458,37,0.9082332761578044,0.9082332761578044,0.9073756432247,0.1828917413949966,0.1785921156406402,0.1765522062778473,0.886986301369863,0.8801369863013698,0.8767123287671232,0.2121608704328537,0.2145744860172271,0.2156868278980255,Decreased,Decreased,Decreased,Increased,0
pima.csv,768,8,0.7915309446254072,0.7947882736156352,0.7882736156351792,0.4816898107528686,0.4828307926654815,0.4792534112930298,0.7597402597402597,0.7597402597402597,0.7532467532467533,0.4812957346439361,0.4818106293678283,0.4769357442855835,Decreased,Decreased,Decreased,Decreased,0
planning-relax.csv,182,12,0.7172413793103448,0.7172413793103448,0.7172413793103448,0.5914061069488525,0.5891757607460022,0.5762403011322021,0.7027027027027027,0.7027027027027027,0.7027027027027027,0.6109456419944763,0.610065758228302,0.6164971590042114,Same,Same,Decreased,Increased,0
plasma_retinol.csv,315,13,0.5873015873015873,0.6031746031746031,0.6150793650793651,0.6562700271606445,0.652725100517273,0.6485794186592102,0.5873015873015873,0.5873015873015873,0.5555555555555556,0.6809660196304321,0.6813327074050903,0.682330310344696,Increased,Decreased,Decreased,Increased,0
pm10.csv,500,7,0.5475,0.5475,0.5625,0.6899968981742859,0.6859709024429321,0.6848199963569641,0.54,0.58,0.58,0.6905838251113892,0.6888334155082703,0.6891801953315735,Increased,Same,Decreased,Increased,0
prnn_crabs.csv,200,7,0.99375,0.99375,1.0,0.0452454015612602,0.0348355546593666,0.0277999751269817,1.0,1.0,1.0,0.0306693464517593,0.022516218945384,0.0170639660209417,Increased,Same,Decreased,Decreased,0
prnn_synth.csv,250,2,0.865,0.865,0.865,0.4003048837184906,0.4006140232086181,0.397771805524826,0.84,0.84,0.84,0.3650527596473694,0.3652034997940063,0.3635682761669159,Same,Same,Decreased,Decreased,0
profb.csv,672,7,0.6666666666666666,0.6834264432029795,0.6834264432029795,0.6335167288780212,0.5922510027885437,0.6191813945770264,0.6666666666666666,0.6666666666666666,0.6592592592592592,0.6387970447540283,0.609722912311554,0.6296144723892212,Same,Decreased,Increased,Increased,0
promoters.csv,106,58,1.0,1.0,1.0,0.0636880546808242,0.035225011408329,0.0608957894146442,0.9090909090909092,0.9090909090909092,0.9090909090909092,0.2504039108753204,0.2374814003705978,0.2770738303661346,Same,Same,Increased,Increased,0
pwLinear.csv,200,10,0.91875,0.9125,0.91875,0.2966970801353454,0.2792047560214996,0.2735426425933838,0.9,0.9,0.9,0.3513628244400024,0.3346941769123077,0.3304862976074219,Increased,Same,Decreased,Decreased,0
qsar-biodeg.csv,1055,41,0.9040284360189572,0.90521327014218,0.901658767772512,0.2675570845603943,0.2632792890071869,0.2640224099159241,0.8862559241706162,0.8815165876777251,0.8815165876777251,0.3157467246055603,0.3189010918140411,0.3187058866024017,Decreased,Same,Increased,Decreased,0
rabe_266.csv,120,2,0.96875,0.96875,0.96875,0.1609853655099868,0.1455777436494827,0.1381058543920517,0.9583333333333334,0.9583333333333334,1.0,0.1624384075403213,0.1459645628929138,0.1332663297653198,Same,Increased,Decreased,Decreased,0
rmftsa_ctoarrivals.csv,264,2,0.7725118483412322,0.7725118483412322,0.7630331753554502,0.4570037424564361,0.445863127708435,0.4485624432563782,0.6981132075471698,0.7169811320754716,0.7169811320754716,0.4595929682254791,0.4577442705631256,0.4593503475189209,Decreased,Same,Increased,Increased,0
rmftsa_ladata.csv,508,10,0.9014778325123152,0.9088669950738916,0.896551724137931,0.2426930665969848,0.2388202250003814,0.2850213050842285,0.8725490196078431,0.8725490196078431,0.8627450980392157,0.2901173532009125,0.2843429446220398,0.3191718757152557,Decreased,Decreased,Increased,Increased,0
sa-heart.csv,462,9,0.7344173441734417,0.7289972899728997,0.7344173441734417,0.5198620557785034,0.5174967050552368,0.5173534154891968,0.7634408602150538,0.7741935483870968,0.7634408602150538,0.5338340997695923,0.533240795135498,0.5332216024398804,Increased,Decreased,Decreased,Decreased,0
saheart.csv,462,9,0.7479674796747967,0.7506775067750677,0.7506775067750677,0.5198219418525696,0.5139920115470886,0.512163519859314,0.7634408602150538,0.7526881720430108,0.7634408602150538,0.5265443921089172,0.5265998244285583,0.5258573889732361,Same,Increased,Decreased,Decreased,0
sensory.csv,576,11,0.6304347826086957,0.6282608695652174,0.6326086956521739,0.6477832198143005,0.6437740325927734,0.6441660523414612,0.6293103448275862,0.6120689655172413,0.6206896551724138,0.6723930835723877,0.6723621487617493,0.6725372076034546,Increased,Increased,Increased,Increased,0
servo.csv,167,4,0.9323308270676692,0.9473684210526316,0.9548872180451128,0.1854903101921081,0.1714666485786438,0.1686051934957504,0.9117647058823528,0.9411764705882352,0.9411764705882352,0.2653257846832275,0.2410221099853515,0.2348538041114807,Increased,Same,Decreased,Decreased,0
sleuth_case2002.csv,147,6,0.6752136752136753,0.6923076923076923,0.6923076923076923,0.5852243304252625,0.5797050595283508,0.5824282765388489,0.7,0.7,0.7,0.5659708380699158,0.5609102845191956,0.5653467178344727,Same,Same,Increased,Increased,0
sonar.csv,208,60,0.9457831325301204,0.963855421686747,0.963855421686747,0.3397058546543121,0.3050672113895416,0.2982924580574035,0.7857142857142857,0.8095238095238095,0.8095238095238095,0.4480374753475189,0.4506589472293854,0.4543431103229522,Same,Same,Decreased,Increased,0
stock.csv,950,9,0.938157894736842,0.9513157894736842,0.9473684210526316,0.1673406958580017,0.14216910302639,0.1395804584026336,0.9315789473684212,0.9526315789473684,0.9473684210526316,0.1875362545251846,0.1579873412847519,0.1598155945539474,Decreased,Decreased,Decreased,Increased,0
strikes.csv,625,6,0.698,0.708,0.7,0.5909901857376099,0.5822856426239014,0.5875589847564697,0.648,0.656,0.64,0.6130449175834656,0.6113066673278809,0.6124346256256104,Decreased,Decreased,Increased,Increased,0
synthetic_control.csv,600,60,1.0,1.0,1.0,0.0002813298488035,0.0002248494711238,0.0011767834657803,1.0,0.9916666666666668,0.9916666666666668,0.0005358305061236,0.0233640130609273,0.010648975148797,Same,Same,Increased,Decreased,0
tecator.csv,240,124,0.9895833333333334,0.9947916666666666,0.9895833333333334,0.0818782523274421,0.0708905234932899,0.062518760561943,0.9375,0.9375,0.9375,0.2054746896028518,0.2142049521207809,0.226578339934349,Decreased,Same,Decreased,Increased,0
threeOf9.csv,512,9,0.8948655256723717,0.9119804400977995,0.9266503667481664,0.2764421701431274,0.2427175790071487,0.1871633976697921,0.912621359223301,0.9514563106796116,0.9514563106796116,0.2406675666570663,0.2098854929208755,0.156328797340393,Increased,Same,Decreased,Decreased,0
tic-tac-toe.csv,958,9,0.7323759791122716,0.7454308093994778,0.737597911227154,0.5502856969833374,0.54302978515625,0.5429253578186035,0.7291666666666666,0.71875,0.7239583333333334,0.574782133102417,0.5703774094581604,0.5693923234939575,Decreased,Increased,Decreased,Decreased,0
tic_tac_toe.csv,958,9,0.7023498694516971,0.7114882506527415,0.7088772845953003,0.5715218782424927,0.5638574361801147,0.560900866985321,0.6770833333333334,0.6822916666666666,0.6770833333333334,0.5998091697692871,0.594656765460968,0.5941640138626099,Decreased,Decreased,Decreased,Decreased,0
tokyo1.csv,959,44,0.9530638852672751,0.954367666232073,0.9530638852672751,0.1876377016305923,0.1744679808616638,0.1762609928846359,0.9010416666666666,0.90625,0.9010416666666666,0.2750562131404876,0.2761046588420868,0.2692779898643493,Decreased,Decreased,Increased,Decreased,0
transplant.csv,131,3,1.0,1.0,1.0,0.0420461483299732,0.0307357739657163,0.0328805781900882,0.925925925925926,0.925925925925926,0.925925925925926,0.1147027313709259,0.1124641299247741,0.1109799668192863,Same,Same,Increased,Decreased,0
triazines.csv,186,60,0.8445945945945946,0.8378378378378378,0.8445945945945946,0.4381752908229828,0.4144610464572906,0.4061695337295532,0.7894736842105263,0.7894736842105263,0.7894736842105263,0.5574684739112854,0.5570731163024902,0.5539800524711609,Increased,Same,Decreased,Decreased,0
veteran.csv,137,7,0.7798165137614679,0.7798165137614679,0.7889908256880734,0.5245986580848694,0.5174622535705566,0.5102075338363647,0.75,0.7142857142857143,0.75,0.5659197568893433,0.5624160170555115,0.5599271059036255,Increased,Increased,Decreased,Decreased,0
visualizing_environmental.csv,111,3,0.7159090909090909,0.7386363636363636,0.7386363636363636,0.5556129813194275,0.5483241677284241,0.5457504391670227,0.6521739130434783,0.6086956521739131,0.6521739130434783,0.5457887053489685,0.5385700464248657,0.5363105535507202,Same,Increased,Decreased,Decreased,0
visualizing_galaxy.csv,323,4,0.9651162790697676,0.9651162790697676,0.9651162790697676,0.1428089737892151,0.1256448775529861,0.1280808448791504,0.953846153846154,0.9692307692307692,0.953846153846154,0.1308769285678863,0.1044413894414901,0.11198590695858,Same,Decreased,Increased,Increased,0
visualizing_livestock.csv,130,2,0.7884615384615384,0.7884615384615384,0.7884615384615384,0.446542739868164,0.4392348825931549,0.4455069899559021,0.8846153846153846,0.8846153846153846,0.8846153846153846,0.3293674886226654,0.3104036152362823,0.3171962201595306,Same,Same,Increased,Increased,0
vowel.csv,990,12,0.9646464646464646,0.9671717171717172,0.9696969696969696,0.1363768130540847,0.1258088648319244,0.1215001344680786,0.9343434343434344,0.9343434343434344,0.9343434343434344,0.1861265897750854,0.1784330606460571,0.1816790848970413,Increased,Same,Decreased,Increased,0
wdbc.csv,569,30,0.9824175824175824,0.989010989010989,0.9912087912087912,0.0534756667912006,0.0407908111810684,0.0383028276264667,0.9912280701754386,0.9912280701754386,0.9912280701754386,0.0575849562883377,0.0504332184791564,0.047039158642292,Increased,Same,Decreased,Decreased,0
wholesale-customers.csv,440,8,0.9318181818181818,0.9346590909090908,0.9375,0.2246152311563491,0.2183691412210464,0.2169183790683746,0.8977272727272727,0.8863636363636364,0.8863636363636364,0.251043438911438,0.2509725093841553,0.2512500584125519,Increased,Same,Decreased,Increased,0
wine.csv,178,13,1.0,1.0,1.0,0.0082012917846441,0.0057301451452076,0.0107064750045537,1.0,1.0,1.0,0.0045112920925021,0.0027558165602385,0.0079590789973735,Same,Same,Increased,Increased,0
wisconsin.csv,194,32,0.6903225806451613,0.6967741935483871,0.6967741935483871,0.6118053197860718,0.6039712429046631,0.6056526303291321,0.6923076923076923,0.6923076923076923,0.6666666666666666,0.6190628409385681,0.6199985146522522,0.6218551993370056,Same,Decreased,Increased,Increased,0
xd6.csv,973,9,1.0,1.0,1.0,0.064012810587883,0.0609217286109924,0.0754105672240257,1.0,1.0,1.0,0.0671134144067764,0.0656448304653167,0.0758626610040664,Same,Same,Increased,Increased,0
