Run,Phase,TrainingType,Epoch,Train_loss,Train_acc,Val_loss,Val_acc,Test_loss,Test_acc
1,GurobiEdit,SAM_C1Correct_1000,1,0.005806851572145714,100.0,0.28409782333799183,92.85165257494235,0.3080315431000286,92.39280774550484
1,GurobiEdit,SAM_C1Correct_1000,2,0.004964583528376658,100.0,0.2976992727700423,92.85165257494235,0.3155224079729061,91.97786998616874
1,GurobiEdit,SAM_C1Correct_1000,3,0.004827821125887746,100.0,0.2946238425158703,93.08224442736356,0.2966232412748482,92.577224527432
1,GurobiEdit,SAM_C1Correct_1000,4,0.0051313677954093265,100.0,0.32273837094475083,92.08301306687164,0.332325806845548,91.88566159520516
1,GurobiEdit,SAM_C1Correct_1000,5,0.005786253159374364,99.98079139454475,0.3229952558508568,92.23674096848578,0.3374470299553794,91.47072383586907
1,GurobiEdit,SAM_C1Correct_1000,6,0.005335355726744911,99.98079139454475,0.29709446503509473,92.00614911606456,0.34075868558422,91.97786998616874
1,GurobiEdit,SAM_C1Correct_1000,7,0.005346717839300678,100.0,0.30455774841951827,92.39046887009992,0.330366054373768,92.02397418165053
1,GurobiEdit,SAM_C1Correct_1000,8,0.005397718341198344,100.0,0.3197881267402467,92.6979246733282,0.3483286148023913,91.65514061779622
1,GurobiEdit,SAM_C1Correct_1000,9,0.005199145366426306,100.0,0.3230762289970151,92.62106072252114,0.33938900501896235,91.47072383586907
1,GurobiEdit,SAM_C1Correct_1000,10,0.00498156277448556,100.0,0.2984115806430418,92.77478862413528,0.32415222493719537,92.1622867680959
1,GurobiEdit,SAM_C1Correct_1000,11,0.005506020564974451,99.98079139454475,0.31997927164316725,91.85242121445042,0.33358243060392295,92.02397418165053
1,GurobiEdit,SAM_C1Correct_1000,12,0.0049556463962546525,100.0,0.3029523475623928,92.92851652574943,0.3422651963335075,91.97786998616874
1,GurobiEdit,SAM_C1Correct_1000,13,0.005419549373681286,100.0,0.3491050762730686,92.39046887009992,0.36107400311831234,91.7473490087598
1,GurobiEdit,SAM_C1Correct_1000,14,0.005206778739790426,99.98079139454475,0.33444570514626176,92.31360491929286,0.33839965082701584,92.02397418165053
1,GurobiEdit,SAM_C1Correct_1000,15,0.004629840547264628,100.0,0.3197959710133021,92.23674096848578,0.3307025894048633,92.1622867680959
1,GurobiEdit,SAM_C1Correct_1000,16,0.005033164748642022,100.0,0.32336268335191404,92.54419677171407,0.3270756162689297,92.30059935454126
1,GurobiEdit,SAM_C1Correct_1000,17,0.005143735447807089,100.0,0.32444874058083145,92.00614911606456,0.33020332776466893,92.39280774550484
1,GurobiEdit,SAM_C1Correct_1000,18,0.004892687249694454,100.0,0.3422151261297764,92.31360491929286,0.37194272965096614,91.24020285846012
1,GurobiEdit,SAM_C1Correct_1000,19,0.006467865758569786,99.98079139454475,0.3287339153929365,92.00614911606456,0.33431421583041776,92.07007837713232
1,GurobiEdit,SAM_C1Correct_1000,20,0.0052994179540810865,100.0,0.34062182832277343,92.00614911606456,0.35043351024512925,91.60903642231443
1,GurobiEdit,SAM_C1Correct_1000,21,0.006792160841647787,99.96158278908952,0.3307941318886909,91.85242121445042,0.35095058480486335,90.96357768556939
1,GurobiEdit,SAM_C1Correct_1000,22,0.004800835904305333,100.0,0.358342529362573,91.54496541122214,0.35902053128057165,91.00968188105118
1,GurobiEdit,SAM_C1Correct_1000,23,0.005125362453896529,100.0,0.3561106612598044,92.08301306687164,0.3564188496453139,91.42461964038728
1,GurobiEdit,SAM_C1Correct_1000,24,0.005309816620575458,100.0,0.330988486772038,92.31360491929286,0.3256867293417866,92.11618257261411
1,GurobiEdit,SAM_C1Correct_1000,25,0.0048296314398501,100.0,0.3301152712239567,92.23674096848578,0.34645537763435535,91.65514061779622
1,GurobiEdit,SAM_C1Correct_1000,26,0.004943507354980781,100.0,0.32069390316384283,92.15987701767871,0.3360542293488567,92.20839096357768
2,GurobiEdit,SAM_C1Correct_1000,1,0.010407116949741094,99.96158278908952,0.26975220888509466,92.92851652574943,0.32491723112435644,92.39280774550484
2,GurobiEdit,SAM_C1Correct_1000,2,0.00951951938578459,100.0,0.2869684089270122,92.15987701767871,0.32679247342946616,92.11618257261411
2,GurobiEdit,SAM_C1Correct_1000,3,0.009618633853820113,99.96158278908952,0.28135718934404036,92.62106072252114,0.3324649643106579,91.7473490087598
2,GurobiEdit,SAM_C1Correct_1000,4,0.01020034332045474,99.96158278908952,0.32002352698091174,92.08301306687164,0.3613538063372154,91.56293222683264
2,GurobiEdit,SAM_C1Correct_1000,5,0.01475703076922272,99.84633115635805,0.30227786674809215,92.15987701767871,0.37755635332311005,90.9174734900876
2,GurobiEdit,SAM_C1Correct_1000,6,0.009693294849269595,99.96158278908952,0.31519386669381777,91.9292851652575,0.3837109934272388,91.10189027201476
2,GurobiEdit,SAM_C1Correct_1000,7,0.008631477556677043,100.0,0.31328746851685413,92.00614911606456,0.3596771245125858,91.42461964038728
2,GurobiEdit,SAM_C1Correct_1000,8,0.007678382987145083,99.96158278908952,0.2686125455362626,93.23597232897771,0.3290365070942746,91.97786998616874
2,GurobiEdit,SAM_C1Correct_1000,9,0.007706978676863517,99.96158278908952,0.28459980878850116,92.6979246733282,0.3570773862044676,92.1622867680959
2,GurobiEdit,SAM_C1Correct_1000,10,0.0077404188944963865,99.96158278908952,0.2728355486836459,93.15910837817064,0.3406543199328466,91.93176579068695
2,GurobiEdit,SAM_C1Correct_1000,11,0.006445243534706304,100.0,0.3089953790505422,92.39046887009992,0.3954013843997908,91.51682803135085
2,GurobiEdit,SAM_C1Correct_1000,12,0.00733834684132227,99.96158278908952,0.31692184153929936,92.23674096848578,0.3807730599172987,90.87136929460581
2,GurobiEdit,SAM_C1Correct_1000,13,0.006227144194435488,100.0,0.29660768327027626,92.23674096848578,0.3580148577992407,91.28630705394191
2,GurobiEdit,SAM_C1Correct_1000,14,0.009285352302806601,99.92316557817902,0.2880153659728286,92.46733282090699,0.32796040508825697,92.30059935454126
2,GurobiEdit,SAM_C1Correct_1000,15,0.007710356628122322,99.94237418363427,0.3067633330730362,92.00614911606456,0.34259666645373,91.97786998616874
2,GurobiEdit,SAM_C1Correct_1000,16,0.005884595609561432,100.0,0.30702389689659176,91.9292851652575,0.3549842964729003,92.07007837713232
2,GurobiEdit,SAM_C1Correct_1000,17,0.005633682484647111,99.98079139454475,0.30384928503465325,92.31360491929286,0.342144517221996,92.20839096357768
2,GurobiEdit,SAM_C1Correct_1000,18,0.006447368784967604,99.98079139454475,0.31775756654466325,92.15987701767871,0.3666748742235042,91.24020285846012
2,GurobiEdit,SAM_C1Correct_1000,19,0.005864092567364222,100.0,0.31086184931983407,91.85242121445042,0.3816833990738105,91.05578607653297
2,GurobiEdit,SAM_C1Correct_1000,20,0.005930213754756684,100.0,0.29515497792486406,92.77478862413528,0.33329108028353605,92.11618257261411
2,GurobiEdit,SAM_C1Correct_1000,21,0.0050197297998595455,100.0,0.28354018668341324,92.15987701767871,0.3228396403797764,92.11618257261411
2,GurobiEdit,SAM_C1Correct_1000,22,0.005869413261084698,99.98079139454475,0.29674218644851175,92.08301306687164,0.3486975601544958,92.11618257261411
2,GurobiEdit,SAM_C1Correct_1000,23,0.006422407163787016,100.0,0.3029379195474277,92.15987701767871,0.35290331673435266,92.07007837713232
2,GurobiEdit,SAM_C1Correct_1000,24,0.00606687865334283,100.0,0.3032963530523423,92.15987701767871,0.33245060699719226,92.25449515905947
2,GurobiEdit,SAM_C1Correct_1000,25,0.005263763052794191,100.0,0.27169611689267387,92.77478862413528,0.32356713647636853,92.80774550484094
2,GurobiEdit,SAM_C1Correct_1000,26,0.005143734441493049,100.0,0.2773552329768409,92.92851652574943,0.3276076323171127,92.07007837713232
2,GurobiEdit,SAM_C1Correct_1000,27,0.004682483319393102,100.0,0.28363444977407726,92.6979246733282,0.3319755693457062,91.97786998616874
2,GurobiEdit,SAM_C1Correct_1000,28,0.004981349665168787,100.0,0.30219369244222727,92.77478862413528,0.3206489620332676,92.1622867680959
2,GurobiEdit,SAM_C1Correct_1000,29,0.0050501541643077795,99.98079139454475,0.29472748064461074,92.31360491929286,0.3138744469084543,92.76164130935915
2,GurobiEdit,SAM_C1Correct_1000,30,0.004730630073942061,100.0,0.2836837192723881,92.85165257494235,0.324320253959452,92.5311203319502
2,GurobiEdit,SAM_C1Correct_1000,31,0.004521755110243895,100.0,0.27721115114091455,93.08224442736356,0.3411494088872285,91.79345320424159
2,GurobiEdit,SAM_C1Correct_1000,32,0.004983687097709512,100.0,0.29861797596242773,92.31360491929286,0.3421379590656912,91.56293222683264
2,GurobiEdit,SAM_C1Correct_1000,33,0.004920932475014653,100.0,0.2814213450766132,92.46733282090699,0.3365499027143801,92.62332872291378
3,GurobiEdit,SAM_C1Correct_1000,1,0.010449980874117349,99.94237418363427,0.32572860028494516,91.85242121445042,0.3468452070840991,91.60903642231443
3,GurobiEdit,SAM_C1Correct_1000,2,0.009954189863113081,99.98079139454475,0.34305502583117414,91.16064565718678,0.3771515427790187,91.05578607653297
3,GurobiEdit,SAM_C1Correct_1000,3,0.009586497845608125,99.92316557817902,0.3439830291234558,91.46810146041507,0.3558118247309826,91.3324112494237
3,GurobiEdit,SAM_C1Correct_1000,4,0.009679815556248365,99.96158278908952,0.33305253002572116,91.69869331283628,0.35550206159050424,91.10189027201476
3,GurobiEdit,SAM_C1Correct_1000,5,0.00773784023869577,100.0,0.32059843886892764,92.54419677171407,0.34014980603523,91.79345320424159
3,GurobiEdit,SAM_C1Correct_1000,6,0.007644862843608838,100.0,0.33305251875535785,91.85242121445042,0.34409206561527805,91.42461964038728
3,GurobiEdit,SAM_C1Correct_1000,7,0.006456395780433404,100.0,0.3191559738855377,92.39046887009992,0.34179618446274035,92.11618257261411
3,GurobiEdit,SAM_C1Correct_1000,8,0.007517128481466803,100.0,0.33292208219678654,91.9292851652575,0.3469369096785385,92.02397418165053
3,GurobiEdit,SAM_C1Correct_1000,9,0.0067149595246061775,100.0,0.32173634182481375,92.15987701767871,0.3226759538016681,92.71553711387736
3,GurobiEdit,SAM_C1Correct_1000,10,0.0064890943067662556,100.0,0.31745860521194114,92.39046887009992,0.33927991957420467,91.83955739972338
3,GurobiEdit,SAM_C1Correct_1000,11,0.005879744321702083,100.0,0.3174540466477924,92.15987701767871,0.34186059604074726,91.88566159520516
3,GurobiEdit,SAM_C1Correct_1000,12,0.006902404023802902,99.94237418363427,0.31815863665849037,91.39123750960799,0.35078466038871,91.37851544490549
3,GurobiEdit,SAM_C1Correct_1000,13,0.006327436918369923,100.0,0.3217586735685819,91.9292851652575,0.35171068191129856,91.37851544490549
3,GurobiEdit,SAM_C1Correct_1000,14,0.00676432419054073,100.0,0.32808764000565704,91.77555726364335,0.35058545382713163,91.65514061779622
3,GurobiEdit,SAM_C1Correct_1000,15,0.00588517500790396,100.0,0.31167815337609,92.92851652574943,0.36515417047885773,91.70124481327801
3,GurobiEdit,SAM_C1Correct_1000,16,0.006395703672282855,99.96158278908952,0.3507322090964973,91.9292851652575,0.3918372964793056,90.9174734900876
3,GurobiEdit,SAM_C1Correct_1000,17,0.006800658350947536,99.98079139454475,0.3079684069530493,92.92851652574943,0.3776298876922215,91.00968188105118
3,GurobiEdit,SAM_C1Correct_1000,18,0.00592194392811507,100.0,0.3226572863419728,91.54496541122214,0.37078754881413206,91.10189027201476
3,GurobiEdit,SAM_C1Correct_1000,19,0.007190235836168557,99.94237418363427,0.3195373528077912,92.46733282090699,0.3375350604097433,91.05578607653297
3,GurobiEdit,SAM_C1Correct_1000,20,0.006157758205763401,99.98079139454475,0.33006926679226367,91.85242121445042,0.35460571683651293,91.14799446749655
3,GurobiEdit,SAM_C1Correct_1000,21,0.005524205533141967,100.0,0.3013847582185388,92.46733282090699,0.3310895222000891,91.70124481327801
3,GurobiEdit,SAM_C1Correct_1000,22,0.006481202867059208,99.98079139454475,0.31811996234966,92.46733282090699,0.35269794614840455,91.47072383586907
3,GurobiEdit,SAM_C1Correct_1000,23,0.005058963145300792,100.0,0.3080112184931186,92.23674096848578,0.358435270422447,91.56293222683264
3,GurobiEdit,SAM_C1Correct_1000,24,0.005758520333593471,100.0,0.30445203155302064,92.54419677171407,0.353314643661346,91.65514061779622
3,GurobiEdit,SAM_C1Correct_1000,25,0.005581515758338333,100.0,0.301494384183048,92.15987701767871,0.35342931480878176,91.3324112494237
3,GurobiEdit,SAM_C1Correct_1000,26,0.005457914293675106,100.0,0.31854428318855305,92.15987701767871,0.35701505735056255,91.47072383586907
3,GurobiEdit,SAM_C1Correct_1000,27,0.005214089904111907,99.98079139454475,0.28753639385963203,93.08224442736356,0.36407951699417823,91.14799446749655
3,GurobiEdit,SAM_C1Correct_1000,28,0.005377459460498045,99.98079139454475,0.29777207076664064,93.15910837817064,0.3517503242934558,91.79345320424159
3,GurobiEdit,SAM_C1Correct_1000,29,0.0052953337446323655,100.0,0.31721727033471436,92.39046887009992,0.3490224076669411,91.10189027201476
3,GurobiEdit,SAM_C1Correct_1000,30,0.00518885740090413,100.0,0.3222762590687977,92.31360491929286,0.3705030499569773,90.82526509912402
3,GurobiEdit,SAM_C1Correct_1000,31,0.005419315494585531,100.0,0.31783844027768454,92.08301306687164,0.3819645598991063,90.77916090364224
3,GurobiEdit,SAM_C1Correct_1000,32,0.0056121553654319666,100.0,0.32153161414122233,91.69869331283628,0.36675946733928483,91.24020285846012
3,GurobiEdit,SAM_C1Correct_1000,33,0.006980340555024568,99.96158278908952,0.3098905201626227,92.77478862413528,0.361327411369032,91.3324112494237
3,GurobiEdit,SAM_C1Correct_1000,34,0.005389227806104838,100.0,0.3249689645028682,92.08301306687164,0.3661789306988635,91.10189027201476
3,GurobiEdit,SAM_C1Correct_1000,35,0.006250295768051974,99.98079139454475,0.3292448231112856,91.9292851652575,0.3564470332096996,91.37851544490549
3,GurobiEdit,SAM_C1Correct_1000,36,0.0051971781324663775,100.0,0.3319427002447555,91.85242121445042,0.34333359286937915,91.70124481327801
3,GurobiEdit,SAM_C1Correct_1000,37,0.005091493685752656,100.0,0.32885698395724666,91.69869331283628,0.34260972163310627,92.07007837713232
3,GurobiEdit,SAM_C1Correct_1000,38,0.005377952549378016,100.0,0.34597670395130564,92.08301306687164,0.36225609476525644,91.7473490087598
3,GurobiEdit,SAM_C1Correct_1000,39,0.005971625176589776,99.96158278908952,0.33951914836176533,91.85242121445042,0.3516269998651542,91.47072383586907
3,GurobiEdit,SAM_C1Correct_1000,40,0.004765334949782975,99.98079139454475,0.351578448125255,91.46810146041507,0.3563439566564758,91.37851544490549
3,GurobiEdit,SAM_C1Correct_1000,41,0.005396866173186322,100.0,0.3658295035774574,91.16064565718678,0.35512434398869647,91.19409866297833
3,GurobiEdit,SAM_C1Correct_1000,42,0.005878621787318469,99.98079139454475,0.36609478560573405,91.08378170637971,0.35959655772628407,91.10189027201476
3,GurobiEdit,SAM_C1Correct_1000,43,0.005581189771868471,100.0,0.3645806832555438,91.08378170637971,0.3760425791371083,91.14799446749655
3,GurobiEdit,SAM_C1Correct_1000,44,0.005259774623158748,99.98079139454475,0.3485379386278045,92.54419677171407,0.3459171989907752,91.79345320424159
3,GurobiEdit,SAM_C1Correct_1000,45,0.004834913265851378,100.0,0.3622759554154318,91.23750960799386,0.3451836452183497,92.39280774550484
3,GurobiEdit,SAM_C1Correct_1000,46,0.004811993285162272,100.0,0.3466804798844225,91.6218293620292,0.32054083569360914,92.43891194098663
3,GurobiEdit,SAM_C1Correct_1000,47,0.005057648887023604,99.98079139454475,0.3658228956397729,91.39123750960799,0.33489847037582254,92.20839096357768
3,GurobiEdit,SAM_C1Correct_1000,48,0.004976669602821712,100.0,0.3594893977435436,91.54496541122214,0.36161023408600457,91.3324112494237
3,GurobiEdit,SAM_C1Correct_1000,49,0.00451496982035667,100.0,0.342983302012441,91.9292851652575,0.3270159484728408,92.34670355002305
3,GurobiEdit,SAM_C1Correct_1000,50,0.004664351280201569,100.0,0.3474646734501837,92.08301306687164,0.3387041815473716,92.25449515905947
3,GurobiEdit,SAM_C1Correct_1000,51,0.0045953878348670395,100.0,0.3472716289470051,92.00614911606456,0.3276217190309184,92.71553711387736
3,GurobiEdit,SAM_C1Correct_1000,52,0.004493309789125813,100.0,0.3455394694651781,91.85242121445042,0.35610284318622765,92.02397418165053
1,GurobiEdit,SAM_C1Any_1000,1,0.005521228198430564,100.0,0.30590913452775,92.6979246733282,0.3035531261100259,91.97786998616874
1,GurobiEdit,SAM_C1Any_1000,2,0.005230189556758737,100.0,0.3068807653847976,92.39046887009992,0.30700576254550954,92.25449515905947
1,GurobiEdit,SAM_C1Any_1000,3,0.005066857030443801,100.0,0.29469399833385984,92.62106072252114,0.3079520248086181,92.39280774550484
1,GurobiEdit,SAM_C1Any_1000,4,0.005306828015718175,100.0,0.3234487114206449,92.46733282090699,0.3527886325200619,91.47072383586907
1,GurobiEdit,SAM_C1Any_1000,5,0.005580135740402606,100.0,0.32138255873063637,92.39046887009992,0.33173051572659423,91.7473490087598
1,GurobiEdit,SAM_C1Any_1000,6,0.0058849199769298545,100.0,0.3064761095831341,92.31360491929286,0.33050062167666483,91.47072383586907
1,GurobiEdit,SAM_C1Any_1000,7,0.0057128557658245776,99.98079139454475,0.2809567045503447,93.23597232897771,0.3019917746907063,92.62332872291378
1,GurobiEdit,SAM_C1Any_1000,8,0.004921950698413092,100.0,0.276789885334997,93.92774788624135,0.32393533173465905,92.43891194098663
1,GurobiEdit,SAM_C1Any_1000,9,0.005197688713641208,99.98079139454475,0.3212238190427915,92.62106072252114,0.33559882927320145,92.39280774550484
1,GurobiEdit,SAM_C1Any_1000,10,0.005239754136040395,100.0,0.3135385827421226,92.6979246733282,0.341531977291039,92.02397418165053
1,GurobiEdit,SAM_C1Any_1000,11,0.0063234691092447365,99.96158278908952,0.30293764727910283,93.08224442736356,0.3375003443693389,91.83955739972338
1,GurobiEdit,SAM_C1Any_1000,12,0.004824443847409513,100.0,0.3211474886606465,92.39046887009992,0.332208608141029,92.25449515905947
1,GurobiEdit,SAM_C1Any_1000,13,0.005586653156491693,100.0,0.3350824651971952,92.39046887009992,0.34502584648302703,92.11618257261411
1,GurobiEdit,SAM_C1Any_1000,14,0.006227301568667079,99.98079139454475,0.33100313141793125,91.85242121445042,0.3505131688918755,91.60903642231443
1,GurobiEdit,SAM_C1Any_1000,15,0.00654093450452401,99.96158278908952,0.3421498117689258,91.08378170637971,0.3444338990362518,91.65514061779622
1,GurobiEdit,SAM_C1Any_1000,16,0.005415645498708119,99.98079139454475,0.36655180939085935,91.08378170637971,0.3661296431262024,90.82526509912402
1,GurobiEdit,SAM_C1Any_1000,17,0.006732941630147855,99.96158278908952,0.3357441974510306,91.46810146041507,0.3314486285160631,91.7473490087598
1,GurobiEdit,SAM_C1Any_1000,18,0.006674560994635467,99.98079139454475,0.3493200478349439,90.8531898539585,0.3487081634539401,91.60903642231443
1,GurobiEdit,SAM_C1Any_1000,19,0.006603798526910597,99.98079139454475,0.35544129067618147,91.54496541122214,0.3442903242321705,92.02397418165053
1,GurobiEdit,SAM_C1Any_1000,20,0.005725622195693339,100.0,0.3503075653170275,91.16064565718678,0.3412982686536551,91.88566159520516
1,GurobiEdit,SAM_C1Any_1000,21,0.005752602177157861,100.0,0.35862942131595554,91.23750960799386,0.33110059252968027,92.48501613646842
1,GurobiEdit,SAM_C1Any_1000,22,0.005838190966737143,100.0,0.34896725230634806,92.39046887009992,0.32546984283755925,92.30059935454126
1,GurobiEdit,SAM_C1Any_1000,23,0.006370988870868059,99.98079139454475,0.3793662324444685,91.08378170637971,0.3309758578084921,92.34670355002305
1,GurobiEdit,SAM_C1Any_1000,24,0.005466131571297494,100.0,0.3707447194943146,91.69869331283628,0.33553164658759693,91.88566159520516
1,GurobiEdit,SAM_C1Any_1000,25,0.0051973700634792355,100.0,0.34993324703110995,91.69869331283628,0.3293058666258487,92.34670355002305
1,GurobiEdit,SAM_C1Any_1000,26,0.005392973971170333,99.98079139454475,0.36330812668956125,91.77555726364335,0.321115663794671,91.97786998616874
1,GurobiEdit,SAM_C1Any_1000,27,0.006690122063580238,100.0,0.34340784611104547,91.6218293620292,0.3469344871475049,92.02397418165053
1,GurobiEdit,SAM_C1Any_1000,28,0.006242042258838934,99.96158278908952,0.39387523092552845,90.69946195234435,0.3504382580340101,91.3324112494237
1,GurobiEdit,SAM_C1Any_1000,29,0.0055105022027620056,100.0,0.36601000976141007,91.39123750960799,0.3327535459829289,91.79345320424159
1,GurobiEdit,SAM_C1Any_1000,30,0.005601313948614146,100.0,0.36419168099772464,91.39123750960799,0.32626596284165477,91.97786998616874
1,GurobiEdit,SAM_C1Any_1000,31,0.006297620946107192,99.98079139454475,0.35380695264308293,91.6218293620292,0.34902246342435195,91.37851544490549
1,GurobiEdit,SAM_C1Any_1000,32,0.006466755437796101,100.0,0.3539145573183356,91.16064565718678,0.3462063250809894,91.7473490087598
1,GurobiEdit,SAM_C1Any_1000,33,0.005785534009080311,100.0,0.3480939652876704,91.39123750960799,0.3111189782839318,92.43891194098663
2,GurobiEdit,SAM_C1Any_1000,1,0.012197418652612008,99.88474836726854,0.27880409536317713,93.0053804765565,0.3348657351490428,92.11618257261411
2,GurobiEdit,SAM_C1Any_1000,2,0.011427637465309603,99.94237418363427,0.28516834771559846,92.6979246733282,0.33266605639812197,91.83955739972338
2,GurobiEdit,SAM_C1Any_1000,3,0.010498452277431276,99.96158278908952,0.28250674439521134,93.08224442736356,0.341603875012511,91.60903642231443
2,GurobiEdit,SAM_C1Any_1000,4,0.00877851673167633,99.98079139454475,0.2841676581052521,92.77478862413528,0.32912624017977393,91.97786998616874
2,GurobiEdit,SAM_C1Any_1000,5,0.00908369889934233,99.94237418363427,0.3222876196866032,91.85242121445042,0.3722146672002178,90.96357768556939
2,GurobiEdit,SAM_C1Any_1000,6,0.007859974073966039,99.98079139454475,0.2691229784791054,93.15910837817064,0.3250478726892001,92.39280774550484
2,GurobiEdit,SAM_C1Any_1000,7,0.007006797925254867,100.0,0.25013292891808786,93.46656418139892,0.3403309035364413,92.11618257261411
2,GurobiEdit,SAM_C1Any_1000,8,0.007222754507971231,99.98079139454475,0.24953970659544247,94.23520368946964,0.3324409526626379,92.48501613646842
2,GurobiEdit,SAM_C1Any_1000,9,0.006549219679418791,100.0,0.2704458456546595,92.92851652574943,0.334315543737539,92.30059935454126
2,GurobiEdit,SAM_C1Any_1000,10,0.006843562284341665,99.98079139454475,0.29935237456064423,92.39046887009992,0.3449481112677252,92.1622867680959
2,GurobiEdit,SAM_C1Any_1000,11,0.0060538013552835475,99.98079139454475,0.2685039430215302,93.54342813220599,0.33386992862205067,91.88566159520516
2,GurobiEdit,SAM_C1Any_1000,12,0.00587702500905293,100.0,0.2963992818147746,92.39046887009992,0.33676520387743847,91.88566159520516
2,GurobiEdit,SAM_C1Any_1000,13,0.006456421936742184,99.96158278908952,0.26078247089944007,93.77401998462722,0.3317917076438844,92.577224527432
2,GurobiEdit,SAM_C1Any_1000,14,0.005069397479164317,100.0,0.2626337567193979,93.08224442736356,0.34060162750496575,91.83955739972338
2,GurobiEdit,SAM_C1Any_1000,15,0.005195253494372763,100.0,0.26969441427898627,93.15910837817064,0.3273344481867983,92.25449515905947
2,GurobiEdit,SAM_C1Any_1000,16,0.005644332239707143,99.98079139454475,0.2770646582604554,93.15910837817064,0.3349069232441427,91.88566159520516
2,GurobiEdit,SAM_C1Any_1000,17,0.005671645790349944,100.0,0.2953599222078862,93.31283627978478,0.3269887547089846,92.1622867680959
2,GurobiEdit,SAM_C1Any_1000,18,0.005408336582702179,100.0,0.2740054992725536,93.23597232897771,0.3289441385127367,92.48501613646842
2,GurobiEdit,SAM_C1Any_1000,19,0.005481184460936926,99.96158278908952,0.26550963246116815,93.62029208301307,0.32753856071353016,92.62332872291378
2,GurobiEdit,SAM_C1Any_1000,20,0.004745821690649662,100.0,0.259608606459268,93.62029208301307,0.3084882953409887,92.80774550484094
2,GurobiEdit,SAM_C1Any_1000,21,0.004429893794560953,100.0,0.27154521152755096,93.31283627978478,0.3231231588891756,92.43891194098663
2,GurobiEdit,SAM_C1Any_1000,22,0.004343594149457851,100.0,0.28773886048386044,92.39046887009992,0.3342682144756194,92.07007837713232
2,GurobiEdit,SAM_C1Any_1000,23,0.004535396785498168,100.0,0.2643165128859623,93.0053804765565,0.3148003960721308,92.89995389580452
2,GurobiEdit,SAM_C1Any_1000,24,0.004533700991359088,99.98079139454475,0.2689848404483645,93.0053804765565,0.3379776775828357,92.02397418165053
2,GurobiEdit,SAM_C1Any_1000,25,0.00507288630923222,100.0,0.29178273059330384,92.62106072252114,0.3466403917295694,91.83955739972338
2,GurobiEdit,SAM_C1Any_1000,26,0.005894176981217611,99.98079139454475,0.3010157512688435,92.00614911606456,0.34545346519511766,92.07007837713232
2,GurobiEdit,SAM_C1Any_1000,27,0.00597279281583986,99.98079139454475,0.2873886232418248,92.46733282090699,0.3726978746666618,91.37851544490549
2,GurobiEdit,SAM_C1Any_1000,28,0.007889323201504725,99.94237418363427,0.28960644871248453,92.6979246733282,0.3384124660901399,92.43891194098663
2,GurobiEdit,SAM_C1Any_1000,29,0.0061175047621370915,99.98079139454475,0.29057230919507904,92.6979246733282,0.34388418883813476,92.20839096357768
2,GurobiEdit,SAM_C1Any_1000,30,0.005186145024608386,100.0,0.276021549614185,92.92851652574943,0.33732103416588843,92.1622867680959
2,GurobiEdit,SAM_C1Any_1000,31,0.0057752806553331435,100.0,0.2697224454706582,92.62106072252114,0.3210167493164512,92.02397418165053
2,GurobiEdit,SAM_C1Any_1000,32,0.006017218293919245,99.98079139454475,0.2942597302826527,93.23597232897771,0.32510587444581324,92.02397418165053
2,GurobiEdit,SAM_C1Any_1000,33,0.005698686093520487,100.0,0.29672304914546965,92.77478862413528,0.3736585832311295,91.56293222683264
3,GurobiEdit,SAM_C1Any_1000,1,0.01197813155895179,99.94237418363427,0.32063253151738214,91.85242121445042,0.35130990488276936,91.83955739972338
3,GurobiEdit,SAM_C1Any_1000,2,0.010295297160596113,99.98079139454475,0.32437249246145744,91.77555726364335,0.36076274677705744,91.28630705394191
3,GurobiEdit,SAM_C1Any_1000,3,0.009544896701796472,99.94237418363427,0.3215512975786944,92.08301306687164,0.3402241802881285,91.88566159520516
3,GurobiEdit,SAM_C1Any_1000,4,0.008104454401731949,99.98079139454475,0.322866375261,91.69869331283628,0.33784634459535334,91.7473490087598
3,GurobiEdit,SAM_C1Any_1000,5,0.0076892708236797275,99.98079139454475,0.3119943319124776,92.23674096848578,0.3416353840794828,91.70124481327801
3,GurobiEdit,SAM_C1Any_1000,6,0.008507770709722,99.98079139454475,0.3452749778155086,92.15987701767871,0.37235262877328873,91.00968188105118
3,GurobiEdit,SAM_C1Any_1000,7,0.008430584780929005,99.98079139454475,0.3599855715980171,90.46887009992314,0.38240067254100985,90.87136929460581
3,GurobiEdit,SAM_C1Any_1000,8,0.007580387260353456,99.98079139454475,0.33383082163782873,90.8531898539585,0.36213456342961176,91.47072383586907
3,GurobiEdit,SAM_C1Any_1000,9,0.007655159674550584,99.98079139454475,0.342339222358796,92.00614911606456,0.3475551375970691,91.93176579068695
3,GurobiEdit,SAM_C1Any_1000,10,0.00773035884160617,99.98079139454475,0.3380600501375873,91.6218293620292,0.332264213435053,92.02397418165053
3,GurobiEdit,SAM_C1Any_1000,11,0.007415514920003987,99.98079139454475,0.31516539756148526,92.39046887009992,0.34711739226468097,91.3324112494237
3,GurobiEdit,SAM_C1Any_1000,12,0.007397091676098254,99.96158278908952,0.3203851055127671,92.00614911606456,0.3444960714210943,91.97786998616874
3,GurobiEdit,SAM_C1Any_1000,13,0.006703146219116413,99.98079139454475,0.35116479531514655,90.77632590315142,0.3656838726150984,91.10189027201476
3,GurobiEdit,SAM_C1Any_1000,14,0.005660522304920971,100.0,0.3264869681511541,92.46733282090699,0.3478306829860651,92.07007837713232
3,GurobiEdit,SAM_C1Any_1000,15,0.006217543301429668,99.96158278908952,0.3285791123519257,92.23674096848578,0.35281497380215765,91.7473490087598
3,GurobiEdit,SAM_C1Any_1000,16,0.005514105737632129,100.0,0.34252109014923804,92.08301306687164,0.37226631065402066,91.37851544490549
3,GurobiEdit,SAM_C1Any_1000,17,0.005651438709468427,100.0,0.3132509574763689,92.15987701767871,0.3389083003533387,92.1622867680959
3,GurobiEdit,SAM_C1Any_1000,18,0.005146321199942906,100.0,0.33139947236592177,91.54496541122214,0.3452821276315955,91.70124481327801
3,GurobiEdit,SAM_C1Any_1000,19,0.005510302374076578,99.98079139454475,0.3268392388061044,92.39046887009992,0.3554608032224144,91.51682803135085
3,GurobiEdit,SAM_C1Any_1000,20,0.005731775602497206,99.98079139454475,0.3071804879194585,92.54419677171407,0.3586769533657489,91.24020285846012
3,GurobiEdit,SAM_C1Any_1000,21,0.006244269971724348,99.98079139454475,0.3227923003230802,92.31360491929286,0.3469225754725213,91.51682803135085
3,GurobiEdit,SAM_C1Any_1000,22,0.0052940475053091084,100.0,0.3206988212285273,92.54419677171407,0.3530288150902441,91.37851544490549
3,GurobiEdit,SAM_C1Any_1000,23,0.005076528520414754,100.0,0.31245090333110637,92.15987701767871,0.3207987247386139,91.70124481327801
3,GurobiEdit,SAM_C1Any_1000,24,0.0056835601807634795,99.96158278908952,0.3281107226316513,91.9292851652575,0.32914811528020327,92.02397418165053
3,GurobiEdit,SAM_C1Any_1000,25,0.005356665674962698,100.0,0.3203240359727462,91.77555726364335,0.32517650722083324,91.7473490087598
3,GurobiEdit,SAM_C1Any_1000,26,0.005917120269254033,99.98079139454475,0.3306941800077176,92.15987701767871,0.36316522651894295,90.87136929460581
3,GurobiEdit,SAM_C1Any_1000,27,0.005539460652622115,99.98079139454475,0.3022353754054575,92.15987701767871,0.3436312017736483,91.10189027201476
3,GurobiEdit,SAM_C1Any_1000,28,0.005633675988957834,100.0,0.3180943128125288,91.9292851652575,0.35086181683233114,91.51682803135085
3,GurobiEdit,SAM_C1Any_1000,29,0.005461442090022418,100.0,0.3383472822377491,91.85242121445042,0.35505101793012406,91.42461964038728
3,GurobiEdit,SAM_C1Any_1000,30,0.005562415716461152,100.0,0.3452006991176675,91.77555726364335,0.35716269815528706,91.05578607653297
3,GurobiEdit,SAM_C1Any_1000,31,0.005360358049007464,100.0,0.3206354954339375,92.39046887009992,0.34125724207968855,91.56293222683264
3,GurobiEdit,SAM_C1Any_1000,32,0.00501973661622661,100.0,0.3391394191274819,91.69869331283628,0.3249100661184338,92.43891194098663
3,GurobiEdit,SAM_C1Any_1000,33,0.0049314309951443615,100.0,0.3497725087321785,91.69869331283628,0.3385817209123851,92.02397418165053
3,GurobiEdit,SAM_C1Any_1000,34,0.005015351323902241,100.0,0.34053762264687176,92.77478862413528,0.3538476053115243,91.7473490087598
3,GurobiEdit,SAM_C1Any_1000,35,0.005253737673100564,100.0,0.3524914089243839,91.46810146041507,0.3577065924899597,91.56293222683264
3,GurobiEdit,SAM_C1Any_1000,36,0.004998972460176178,100.0,0.34783469610128104,92.23674096848578,0.3520317108895494,91.83955739972338
3,GurobiEdit,SAM_C1Any_1000,37,0.0047053504103874684,100.0,0.36767711328037606,91.39123750960799,0.34524992001859095,91.7473490087598
3,GurobiEdit,SAM_C1Any_1000,38,0.006536246587356633,99.96158278908952,0.35594957784035863,91.31437355880092,0.3573739028034698,91.42461964038728
3,GurobiEdit,SAM_C1Any_1000,39,0.005536831021194626,99.98079139454475,0.3290801634417874,91.69869331283628,0.3537896393513614,91.56293222683264
3,GurobiEdit,SAM_C1Any_1000,40,0.005155807421714113,100.0,0.3463670630280006,91.69869331283628,0.3668724514334473,91.3324112494237
3,GurobiEdit,SAM_C1Any_1000,41,0.004676227609946912,100.0,0.3375177459131288,91.9292851652575,0.34194298991705896,91.7473490087598
3,GurobiEdit,SAM_C1Any_1000,42,0.004980104144782605,100.0,0.31640901306012703,91.9292851652575,0.35414753428331,91.51682803135085
3,GurobiEdit,SAM_C1Any_1000,43,0.005926347231960919,99.98079139454475,0.32153824234036277,92.15987701767871,0.33381189324851407,91.93176579068695
3,GurobiEdit,SAM_C1Any_1000,44,0.0054161264125452,100.0,0.32492360290566563,92.00614911606456,0.352988266036148,91.3324112494237
3,GurobiEdit,SAM_C1Any_1000,45,0.004572559866562851,100.0,0.32992972262908093,91.77555726364335,0.358833450818011,91.56293222683264
3,GurobiEdit,SAM_C1Any_1000,46,0.004556723763206345,100.0,0.3406154726339156,91.54496541122214,0.35504600801065034,91.47072383586907
3,GurobiEdit,SAM_C1Any_1000,47,0.004491041010914176,100.0,0.3198142227624399,92.6979246733282,0.34271196496134915,91.70124481327801
3,GurobiEdit,SAM_C1Any_1000,48,0.005836526962551374,99.94237418363427,0.3376026593841652,92.23674096848578,0.37732518810234406,91.24020285846012
3,GurobiEdit,SAM_C1Any_1000,49,0.004959710395860663,100.0,0.3483545623496347,92.08301306687164,0.3898408609279678,91.42461964038728
3,GurobiEdit,SAM_C1Any_1000,50,0.004695467921930931,100.0,0.33666942641425374,92.00614911606456,0.3653983641407247,91.42461964038728
3,GurobiEdit,SAM_C1Any_1000,51,0.0044016569561433575,100.0,0.3253106643817317,91.9292851652575,0.3768312349922375,90.87136929460581
3,GurobiEdit,SAM_C1Any_1000,52,0.004966745812280184,100.0,0.3315696106746873,92.39046887009992,0.35122507472585673,91.93176579068695
1,GurobiEdit,SAM_C10Correct_1000,1,0.017378718819343515,99.8271225509028,0.31268257876252503,92.62106072252114,0.33372569100655625,91.51682803135085
1,GurobiEdit,SAM_C10Correct_1000,2,0.006445406803267042,100.0,0.30963854424706977,91.77555726364335,0.3539980758151573,91.3324112494237
1,GurobiEdit,SAM_C10Correct_1000,3,0.005511485227309396,100.0,0.2959943646844262,93.23597232897771,0.3388895407051137,91.7473490087598
1,GurobiEdit,SAM_C10Correct_1000,4,0.004828135350839081,100.0,0.2865856264007037,93.38970023059186,0.34805258640692277,91.24020285846012
1,GurobiEdit,SAM_C10Correct_1000,5,0.00460557437121891,100.0,0.3379623264755816,92.31360491929286,0.3508316941066388,91.65514061779622
1,GurobiEdit,SAM_C10Correct_1000,6,0.005161703628505026,99.98079139454475,0.30871777410556683,93.23597232897771,0.3457948434230588,91.70124481327801
1,GurobiEdit,SAM_C10Correct_1000,7,0.004828574613702306,100.0,0.2926850634398688,92.92851652574943,0.34686097367368246,91.56293222683264
1,GurobiEdit,SAM_C10Correct_1000,8,0.004848441466163455,100.0,0.30586002744751467,92.46733282090699,0.32972390572559784,91.88566159520516
1,GurobiEdit,SAM_C10Correct_1000,9,0.005127818385093398,100.0,0.33134854569183597,92.23674096848578,0.36222739151171024,91.24020285846012
1,GurobiEdit,SAM_C10Correct_1000,10,0.005645991050912513,100.0,0.3263658584996795,92.54419677171407,0.332527200710724,92.20839096357768
1,GurobiEdit,SAM_C10Correct_1000,11,0.005553177937842403,100.0,0.3234278332788517,91.9292851652575,0.31582571818923116,92.25449515905947
1,GurobiEdit,SAM_C10Correct_1000,12,0.005375764336282719,100.0,0.2984474142132861,92.85165257494235,0.33912438428164243,92.20839096357768
1,GurobiEdit,SAM_C10Correct_1000,13,0.0058066897905585954,100.0,0.3303454105644204,91.85242121445042,0.33855908854236355,92.39280774550484
1,GurobiEdit,SAM_C10Correct_1000,14,0.0052664038908033645,100.0,0.30372520539047715,92.62106072252114,0.3332519348540741,92.02397418165053
1,GurobiEdit,SAM_C10Correct_1000,15,0.005413799570227739,99.98079139454475,0.3189131627510732,92.15987701767871,0.3361042398648528,91.65514061779622
1,GurobiEdit,SAM_C10Correct_1000,16,0.005074853029679164,100.0,0.3350053846286316,91.9292851652575,0.3524196713067052,91.19409866297833
1,GurobiEdit,SAM_C10Correct_1000,17,0.005106770789873517,100.0,0.3383861974190969,92.08301306687164,0.3624342513120823,91.3324112494237
1,GurobiEdit,SAM_C10Correct_1000,18,0.005582634166048759,100.0,0.3270166513211538,92.00614911606456,0.36435619900376637,91.10189027201476
1,GurobiEdit,SAM_C10Correct_1000,19,0.005482200383168697,100.0,0.31434739539707557,91.77555726364335,0.35043219116603574,91.70124481327801
1,GurobiEdit,SAM_C10Correct_1000,20,0.005795021621407541,100.0,0.3350412821215359,91.16064565718678,0.3605680277939489,91.7473490087598
1,GurobiEdit,SAM_C10Correct_1000,21,0.005352260926995495,100.0,0.321764206732813,92.08301306687164,0.3723172252682592,91.79345320424159
1,GurobiEdit,SAM_C10Correct_1000,22,0.005271572090451109,100.0,0.33211853462260654,91.77555726364335,0.355170754656546,92.34670355002305
1,GurobiEdit,SAM_C10Correct_1000,23,0.0057228907594240154,100.0,0.32671017707722816,92.08301306687164,0.3479824490285294,91.93176579068695
1,GurobiEdit,SAM_C10Correct_1000,24,0.005412768630419452,100.0,0.3339050491036222,92.77478862413528,0.34734766599548306,92.30059935454126
1,GurobiEdit,SAM_C10Correct_1000,25,0.005449230484150213,99.98079139454475,0.3335073042337387,91.9292851652575,0.3606140110942283,91.51682803135085
1,GurobiEdit,SAM_C10Correct_1000,26,0.005691204105783825,100.0,0.3529308126046738,92.00614911606456,0.3725120562075909,90.96357768556939
1,GurobiEdit,SAM_C10Correct_1000,27,0.007890747817935981,99.96158278908952,0.3217983751183377,92.31360491929286,0.370307231537479,91.47072383586907
1,GurobiEdit,SAM_C10Correct_1000,28,0.0050702412695583935,100.0,0.33061173334316873,92.23674096848578,0.38771164195363894,91.14799446749655
1,GurobiEdit,SAM_C10Correct_1000,29,0.005154777628203934,100.0,0.3430730059662752,91.69869331283628,0.35267927738420973,91.7473490087598
2,GurobiEdit,SAM_C10Correct_1000,1,0.011096852517292543,99.90395697272378,0.28236739234361713,92.62106072252114,0.3331368069747122,92.07007837713232
2,GurobiEdit,SAM_C10Correct_1000,2,0.00916567263107724,99.98079139454475,0.25383744919121404,93.31283627978478,0.32000559134217327,91.88566159520516
2,GurobiEdit,SAM_C10Correct_1000,3,0.009000333967372959,99.96158278908952,0.3102390538789418,92.00614911606456,0.35562044488581274,91.28630705394191
2,GurobiEdit,SAM_C10Correct_1000,4,0.009008747045567797,99.98079139454475,0.29174353977197137,92.85165257494235,0.32423155649349183,91.93176579068695
2,GurobiEdit,SAM_C10Correct_1000,5,0.00921380209330858,99.94237418363427,0.31737310414722936,92.08301306687164,0.3454687839185878,91.65514061779622
2,GurobiEdit,SAM_C10Correct_1000,6,0.00958017522092063,99.96158278908952,0.3012573740958343,92.6979246733282,0.3354251532784911,91.88566159520516
2,GurobiEdit,SAM_C10Correct_1000,7,0.009687876500235013,99.90395697272378,0.29707164868861324,92.46733282090699,0.3299289533396974,92.02397418165053
2,GurobiEdit,SAM_C10Correct_1000,8,0.007489331473704953,99.98079139454475,0.2823912004419788,92.92851652574943,0.3071553518951846,91.97786998616874
2,GurobiEdit,SAM_C10Correct_1000,9,0.006557893053702781,100.0,0.2981888019149804,92.6979246733282,0.32715187391799516,91.83955739972338
2,GurobiEdit,SAM_C10Correct_1000,10,0.006684283405953755,100.0,0.2932992737216275,92.85165257494235,0.3311322545911816,91.93176579068695
2,GurobiEdit,SAM_C10Correct_1000,11,0.007164894404643975,99.96158278908952,0.28478076160641286,92.85165257494235,0.32553272226154667,91.83955739972338
2,GurobiEdit,SAM_C10Correct_1000,12,0.005964855854885162,100.0,0.27130414950707893,93.38970023059186,0.3203960199711124,91.97786998616874
2,GurobiEdit,SAM_C10Correct_1000,13,0.008273328663752718,99.94237418363427,0.2894125698301812,92.85165257494235,0.3403697105364186,92.20839096357768
2,GurobiEdit,SAM_C10Correct_1000,14,0.00610481309304528,100.0,0.2886419161799135,92.39046887009992,0.3224926434007313,92.1622867680959
2,GurobiEdit,SAM_C10Correct_1000,15,0.0070409361198773045,99.98079139454475,0.3067154111218947,92.31360491929286,0.3201495485269512,92.30059935454126
2,GurobiEdit,SAM_C10Correct_1000,16,0.006957286510308004,99.98079139454475,0.29232025116704957,92.39046887009992,0.3132468887521903,92.39280774550484
2,GurobiEdit,SAM_C10Correct_1000,17,0.006451496847282433,99.98079139454475,0.31621089529569657,91.6218293620292,0.34976631499150207,91.51682803135085
2,GurobiEdit,SAM_C10Correct_1000,18,0.006950163552423287,99.94237418363427,0.3024552103008883,91.77555726364335,0.3347799130739046,92.11618257261411
2,GurobiEdit,SAM_C10Correct_1000,19,0.006092639919941777,99.98079139454475,0.30861564925503127,91.9292851652575,0.3247116424139879,92.62332872291378
2,GurobiEdit,SAM_C10Correct_1000,20,0.005566247574630782,100.0,0.2646523060407389,92.92851652574943,0.3037046034931587,93.13047487321346
2,GurobiEdit,SAM_C10Correct_1000,21,0.005821460307335789,99.98079139454475,0.2598526105571031,93.23597232897771,0.30648520947491975,92.11618257261411
2,GurobiEdit,SAM_C10Correct_1000,22,0.006026054283981125,100.0,0.30116047079658437,92.46733282090699,0.3302108278303116,91.7473490087598
2,GurobiEdit,SAM_C10Correct_1000,23,0.005317051510720805,100.0,0.28322884747379107,92.77478862413528,0.3138283786341143,92.30059935454126
2,GurobiEdit,SAM_C10Correct_1000,24,0.005061632255806468,100.0,0.3001921854964776,92.23674096848578,0.33803887437185753,91.97786998616874
2,GurobiEdit,SAM_C10Correct_1000,25,0.005332785118599794,100.0,0.2810076615564829,92.39046887009992,0.3198402662563566,92.02397418165053
2,GurobiEdit,SAM_C10Correct_1000,26,0.005052234991053633,100.0,0.29989369194109927,91.9292851652575,0.3431950150656227,91.83955739972338
2,GurobiEdit,SAM_C10Correct_1000,27,0.005137909332324574,100.0,0.2900173959596445,92.23674096848578,0.33474723415585805,91.88566159520516
3,GurobiEdit,SAM_C10Correct_1000,1,0.026405566287701205,99.80791394544757,0.35505463933138365,91.16064565718678,0.38402497521423423,90.59474412171508
3,GurobiEdit,SAM_C10Correct_1000,2,0.010935101579543364,100.0,0.34080674442005193,91.54496541122214,0.3434604761126735,91.65514061779622
3,GurobiEdit,SAM_C10Correct_1000,3,0.01039299210733477,99.96158278908952,0.3576084893256953,91.6218293620292,0.33314342801611563,91.83955739972338
3,GurobiEdit,SAM_C10Correct_1000,4,0.008796042771267196,100.0,0.3245652326934618,91.6218293620292,0.35196801181410303,91.37851544490549
3,GurobiEdit,SAM_C10Correct_1000,5,0.00739545672360602,100.0,0.3638840243177378,91.46810146041507,0.3647647048108393,90.68695251267866
3,GurobiEdit,SAM_C10Correct_1000,6,0.007415823447032391,99.98079139454475,0.35638980801681847,90.62259800153728,0.3408956939776189,92.07007837713232
3,GurobiEdit,SAM_C10Correct_1000,7,0.007432211353300722,100.0,0.34930952434513224,91.31437355880092,0.3612219610965543,90.87136929460581
3,GurobiEdit,SAM_C10Correct_1000,8,0.0078080858823849015,99.96158278908952,0.3378290690819545,91.9292851652575,0.37729089676564387,91.19409866297833
3,GurobiEdit,SAM_C10Correct_1000,9,0.00812495050471893,99.96158278908952,0.3351723147251233,92.23674096848578,0.338493272689643,91.3324112494237
3,GurobiEdit,SAM_C10Correct_1000,10,0.007644585080221981,99.98079139454475,0.33025853683474793,92.23674096848578,0.3591212635149655,91.37851544490549
3,GurobiEdit,SAM_C10Correct_1000,11,0.005779620384271799,99.98079139454475,0.3285944447276411,91.85242121445042,0.34514518431827956,91.42461964038728
3,GurobiEdit,SAM_C10Correct_1000,12,0.006181464289126495,99.98079139454475,0.3389623140161721,91.85242121445042,0.34092754965459987,91.7473490087598
3,GurobiEdit,SAM_C10Correct_1000,13,0.00597757168479858,99.98079139454475,0.31973079094329676,92.39046887009992,0.3329979336415639,91.70124481327801
3,GurobiEdit,SAM_C10Correct_1000,14,0.008258378173173205,99.96158278908952,0.3488831748236701,91.9292851652575,0.342447503841297,91.51682803135085
3,GurobiEdit,SAM_C10Correct_1000,15,0.007564401831135062,99.96158278908952,0.31128435232300744,92.6979246733282,0.3406120675700554,91.60903642231443
3,GurobiEdit,SAM_C10Correct_1000,16,0.006038926051146825,100.0,0.3052153016263755,92.6979246733282,0.3515014302598655,91.37851544490549
3,GurobiEdit,SAM_C10Correct_1000,17,0.005655427329082248,100.0,0.31551397724118624,92.31360491929286,0.3704933830467772,91.19409866297833
3,GurobiEdit,SAM_C10Correct_1000,18,0.0066021834650116925,99.98079139454475,0.3183169621261242,92.54419677171407,0.33037407069697583,92.5311203319502
3,GurobiEdit,SAM_C10Correct_1000,19,0.005583936144295006,100.0,0.3297537346352622,91.69869331283628,0.3406871161245431,92.02397418165053
3,GurobiEdit,SAM_C10Correct_1000,20,0.00567846170103783,100.0,0.306526902075184,92.62106072252114,0.34244335357249195,91.7473490087598
3,GurobiEdit,SAM_C10Correct_1000,21,0.005317205720312574,100.0,0.317498608014842,92.54419677171407,0.36278063181140224,91.19409866297833
3,GurobiEdit,SAM_C10Correct_1000,22,0.00597595998465992,99.98079139454475,0.30315349967455885,93.0053804765565,0.33676360708988995,91.65514061779622
3,GurobiEdit,SAM_C10Correct_1000,23,0.005068126118147711,99.98079139454475,0.31215013352886334,93.31283627978478,0.34531973612204075,92.02397418165053
3,GurobiEdit,SAM_C10Correct_1000,24,0.005162661304508844,100.0,0.32122522310785473,92.15987701767871,0.3400977279882708,91.93176579068695
3,GurobiEdit,SAM_C10Correct_1000,25,0.0050777101195045955,100.0,0.31400794667019283,92.31360491929286,0.3483872681301398,91.7473490087598
3,GurobiEdit,SAM_C10Correct_1000,26,0.005087674096900901,100.0,0.3154978260403638,92.08301306687164,0.3376161139192203,91.97786998616874
3,GurobiEdit,SAM_C10Correct_1000,27,0.005184227611406769,99.98079139454475,0.31535869780684506,92.15987701767871,0.3426725467664407,91.88566159520516
3,GurobiEdit,SAM_C10Correct_1000,28,0.0046553135702409355,100.0,0.3312281267882127,91.39123750960799,0.35556205136400043,91.24020285846012
3,GurobiEdit,SAM_C10Correct_1000,29,0.005719219245147988,100.0,0.33238543479558047,92.23674096848578,0.3371371095317363,91.24020285846012
3,GurobiEdit,SAM_C10Correct_1000,30,0.005127298667101315,100.0,0.3281130822952393,91.9292851652575,0.34343663877526315,91.79345320424159
3,GurobiEdit,SAM_C10Correct_1000,31,0.00687602249779767,99.96158278908952,0.34667140448166717,91.16064565718678,0.37733451730098083,91.05578607653297
3,GurobiEdit,SAM_C10Correct_1000,32,0.006686589210665573,99.98079139454475,0.3106824514283573,91.77555726364335,0.3608642805482782,90.77916090364224
3,GurobiEdit,SAM_C10Correct_1000,33,0.006026363765186647,99.98079139454475,0.31647039307345803,92.23674096848578,0.35412332214974984,91.42461964038728
3,GurobiEdit,SAM_C10Correct_1000,34,0.005181094117325508,100.0,0.3099514843751429,92.6979246733282,0.34672214844813265,91.28630705394191
3,GurobiEdit,SAM_C10Correct_1000,35,0.004695650418660392,100.0,0.3129455159238606,92.15987701767871,0.35959892034867275,91.00968188105118
3,GurobiEdit,SAM_C10Correct_1000,36,0.004826529753577261,100.0,0.3503045646314846,91.85242121445042,0.3983661526725651,90.5025357307515
3,GurobiEdit,SAM_C10Correct_1000,37,0.005644124616908789,100.0,0.3246100414186418,92.39046887009992,0.35841263680207447,91.93176579068695
3,GurobiEdit,SAM_C10Correct_1000,38,0.005400972768658647,99.98079139454475,0.3127091397931491,93.08224442736356,0.3376308538332245,92.02397418165053
3,GurobiEdit,SAM_C10Correct_1000,39,0.005279832133920463,100.0,0.33219509836942024,91.9292851652575,0.34627101359714585,91.65514061779622
3,GurobiEdit,SAM_C10Correct_1000,40,0.004599972877314349,100.0,0.34328078899495335,92.08301306687164,0.3558759345433002,91.56293222683264
3,GurobiEdit,SAM_C10Correct_1000,41,0.004859885750081321,100.0,0.3161152086974473,92.6979246733282,0.3358341998400475,91.56293222683264
3,GurobiEdit,SAM_C10Correct_1000,42,0.0052717715063263755,100.0,0.3551228103914415,91.77555726364335,0.34863370696126506,91.37851544490549
3,GurobiEdit,SAM_C10Correct_1000,43,0.005613646464296645,100.0,0.3089971747950899,92.54419677171407,0.33563804673868264,91.51682803135085
3,GurobiEdit,SAM_C10Correct_1000,44,0.006018104623043281,99.98079139454475,0.34505047065296784,92.00614911606456,0.3889571007232943,90.87136929460581
3,GurobiEdit,SAM_C10Correct_1000,45,0.005756635138867823,100.0,0.3375372927432606,92.15987701767871,0.36469033030718356,90.82526509912402
3,GurobiEdit,SAM_C10Correct_1000,46,0.005170326603525118,100.0,0.2983496681394071,92.85165257494235,0.3371752833354138,92.07007837713232
3,GurobiEdit,SAM_C10Correct_1000,47,0.0050960239137242905,99.98079139454475,0.30504384219394476,92.23674096848578,0.33360169766451037,91.83955739972338
3,GurobiEdit,SAM_C10Correct_1000,48,0.005243272226349525,100.0,0.32209050409112133,92.31360491929286,0.3677023007002444,90.9174734900876
3,GurobiEdit,SAM_C10Correct_1000,49,0.005512377045808668,100.0,0.29984623422813267,92.85165257494235,0.34990132055788503,91.47072383586907
3,GurobiEdit,SAM_C10Correct_1000,50,0.00476818430191763,100.0,0.30894996280811277,92.62106072252114,0.3796808868577921,89.94928538497003
3,GurobiEdit,SAM_C10Correct_1000,51,0.005573806253638964,100.0,0.3326572221943638,92.08301306687164,0.38520898696407846,90.45643153526972
3,GurobiEdit,SAM_C10Correct_1000,52,0.0055372959311388754,100.0,0.3265854278142685,91.54496541122214,0.38627905896343134,90.77916090364224
3,GurobiEdit,SAM_C10Correct_1000,53,0.005944458228547378,100.0,0.3032061264525919,92.31360491929286,0.3547048308625096,91.00968188105118
3,GurobiEdit,SAM_C10Correct_1000,54,0.005906363742060365,99.98079139454475,0.3229629053440028,92.00614911606456,0.3788628296719657,91.05578607653297
3,GurobiEdit,SAM_C10Correct_1000,55,0.005580571039431255,100.0,0.3232368718973038,92.08301306687164,0.34182804552928375,91.65514061779622
3,GurobiEdit,SAM_C10Correct_1000,56,0.0048589752315675,100.0,0.32209261241644555,92.23674096848578,0.38901463899127675,91.47072383586907
3,GurobiEdit,SAM_C10Correct_1000,57,0.006150415347192002,99.98079139454475,0.3161244968283094,92.54419677171407,0.3801001363522779,90.96357768556939
3,GurobiEdit,SAM_C10Correct_1000,58,0.0058657592412461445,99.98079139454475,0.33500737469531683,92.31360491929286,0.36218219041934263,91.42461964038728
3,GurobiEdit,SAM_C10Correct_1000,59,0.00491941479346115,100.0,0.32790717792959967,92.46733282090699,0.3619068743186153,91.83955739972338
3,GurobiEdit,SAM_C10Correct_1000,60,0.005548392313938199,99.98079139454475,0.3376071401095042,91.9292851652575,0.3670755881436578,91.56293222683264
3,GurobiEdit,SAM_C10Correct_1000,61,0.005222906639936603,100.0,0.36375331486375584,91.16064565718678,0.38470289903942373,91.28630705394191
3,GurobiEdit,SAM_C10Correct_1000,62,0.005074195786624964,100.0,0.35053488102488845,91.46810146041507,0.3981024678427264,90.73305670816045
3,GurobiEdit,SAM_C10Correct_1000,63,0.004602421818592477,100.0,0.3286202740766034,92.46733282090699,0.3643832136445355,91.47072383586907
3,GurobiEdit,SAM_C10Correct_1000,64,0.004757439889059477,100.0,0.3247741223481139,92.62106072252114,0.37074617609388544,91.42461964038728
3,GurobiEdit,SAM_C10Correct_1000,65,0.004487028474736662,99.98079139454475,0.3252526678081937,92.23674096848578,0.36241306866737705,91.3324112494237
3,GurobiEdit,SAM_C10Correct_1000,66,0.004748158616105243,99.98079139454475,0.3479938622246239,92.15987701767871,0.3761433458317255,91.51682803135085
3,GurobiEdit,SAM_C10Correct_1000,67,0.0043767852347309875,100.0,0.3149357767951754,92.46733282090699,0.3686801369231986,91.19409866297833
3,GurobiEdit,SAM_C10Correct_1000,68,0.00456528509952745,100.0,0.3249667428382354,92.62106072252114,0.38653982800649245,90.36422314430614
3,GurobiEdit,SAM_C10Correct_1000,69,0.004499128325470935,100.0,0.3239236361505342,92.00614911606456,0.3671094396865659,91.83955739972338
3,GurobiEdit,SAM_C10Correct_1000,70,0.004610953935382008,100.0,0.35399114010106775,91.08378170637971,0.3795826933855503,91.00968188105118
3,GurobiEdit,SAM_C10Correct_1000,71,0.004787621861095169,100.0,0.3314783749307329,92.00614911606456,0.37437280737732676,91.83955739972338
1,GurobiEdit,SAM_C10Any_1000,1,0.006512677530540965,99.98079139454475,0.2890958703430133,93.0053804765565,0.3224761684186011,91.97786998616874
1,GurobiEdit,SAM_C10Any_1000,2,0.005359782032422904,100.0,0.32158049084332063,91.77555726364335,0.3357767181882335,91.47072383586907
1,GurobiEdit,SAM_C10Any_1000,3,0.005217049673679599,100.0,0.3068650417505183,92.85165257494235,0.33533266295261127,92.11618257261411
1,GurobiEdit,SAM_C10Any_1000,4,0.006666080128441513,99.96158278908952,0.2951177477859516,92.00614911606456,0.3467954794222334,91.42461964038728
1,GurobiEdit,SAM_C10Any_1000,5,0.005157186004813143,100.0,0.3187177208933026,92.31360491929286,0.32103531400781726,91.83955739972338
1,GurobiEdit,SAM_C10Any_1000,6,0.0056620859905243195,99.98079139454475,0.3089784007064202,91.77555726364335,0.319279758171202,92.43891194098663
1,GurobiEdit,SAM_C10Any_1000,7,0.005089556114131048,100.0,0.32146431625943106,92.00614911606456,0.318814080038506,92.11618257261411
1,GurobiEdit,SAM_C10Any_1000,8,0.004846240039572028,100.0,0.3152539582492112,92.08301306687164,0.3202296275767438,91.97786998616874
1,GurobiEdit,SAM_C10Any_1000,9,0.005661214032621791,99.96158278908952,0.330852381180654,91.46810146041507,0.32733118653627186,92.34670355002305
1,GurobiEdit,SAM_C10Any_1000,10,0.005167040287551293,100.0,0.32048387237918274,92.39046887009992,0.3185394422944211,92.30059935454126
1,GurobiEdit,SAM_C10Any_1000,11,0.005224513872012359,100.0,0.3108816693360122,92.46733282090699,0.33255884029338745,91.83955739972338
1,GurobiEdit,SAM_C10Any_1000,12,0.005336223860082725,100.0,0.33116975802925347,92.39046887009992,0.3387311831796812,91.56293222683264
1,GurobiEdit,SAM_C10Any_1000,13,0.0056657739800681,99.98079139454475,0.3233091743014392,91.9292851652575,0.3230319145762904,92.02397418165053
1,GurobiEdit,SAM_C10Any_1000,14,0.006208878037651166,99.96158278908952,0.32629680765834246,92.62106072252114,0.31328658828981576,92.1622867680959
1,GurobiEdit,SAM_C10Any_1000,15,0.005596626475681922,100.0,0.32722101464214737,92.15987701767871,0.33134451591649766,91.93176579068695
1,GurobiEdit,SAM_C10Any_1000,16,0.005760654947789032,99.98079139454475,0.3333060708209059,91.6218293620292,0.3296519516249745,91.97786998616874
1,GurobiEdit,SAM_C10Any_1000,17,0.005467569494785661,99.98079139454475,0.34470312561922856,91.31437355880092,0.3423985852355394,91.60903642231443
1,GurobiEdit,SAM_C10Any_1000,18,0.005641203423664888,100.0,0.3256498961770287,92.15987701767871,0.31836604414556696,92.85384970032273
1,GurobiEdit,SAM_C10Any_1000,19,0.005535330310566751,100.0,0.33166372457620824,92.23674096848578,0.3438227144308275,92.07007837713232
1,GurobiEdit,SAM_C10Any_1000,20,0.0058789169487252005,100.0,0.299335461960308,92.85165257494235,0.3253358241708227,92.1622867680959
1,GurobiEdit,SAM_C10Any_1000,21,0.005709079719874208,99.96158278908952,0.33516043171481297,92.23674096848578,0.3255016217862697,92.34670355002305
1,GurobiEdit,SAM_C10Any_1000,22,0.005524367169745586,99.98079139454475,0.3416889844767228,92.23674096848578,0.35610136406220505,91.47072383586907
1,GurobiEdit,SAM_C10Any_1000,23,0.005372444527692225,99.98079139454475,0.30672511820331344,92.62106072252114,0.3151932021696593,92.5311203319502
1,GurobiEdit,SAM_C10Any_1000,24,0.005747489239077763,100.0,0.34137678377725456,92.31360491929286,0.32231313792611666,92.43891194098663
1,GurobiEdit,SAM_C10Any_1000,25,0.005730967912994371,99.98079139454475,0.3288103602969766,91.69869331283628,0.3419750155687827,91.83955739972338
1,GurobiEdit,SAM_C10Any_1000,26,0.006256428580056945,100.0,0.3475373124361588,91.23750960799386,0.34901163721892514,92.07007837713232
2,GurobiEdit,SAM_C10Any_1000,1,0.013775150912979537,99.92316557817902,0.3079532992716114,91.9292851652575,0.34576206564655937,92.07007837713232
2,GurobiEdit,SAM_C10Any_1000,2,0.00998599676449606,99.96158278908952,0.27828036564803876,92.54419677171407,0.3305924584880409,91.7473490087598
2,GurobiEdit,SAM_C10Any_1000,3,0.011645569324641962,99.92316557817902,0.300364567420741,91.9292851652575,0.31748704747595285,92.07007837713232
2,GurobiEdit,SAM_C10Any_1000,4,0.010146016870665313,99.90395697272378,0.27102478572398675,92.46733282090699,0.3366353514352225,91.37851544490549
2,GurobiEdit,SAM_C10Any_1000,5,0.007640763271622862,99.98079139454475,0.24146217435346393,93.23597232897771,0.3100909045650531,92.30059935454126
2,GurobiEdit,SAM_C10Any_1000,6,0.007606087922421427,99.98079139454475,0.3090005012015761,91.69869331283628,0.3454230850147673,91.7473490087598
2,GurobiEdit,SAM_C10Any_1000,7,0.00851653563858587,99.94237418363427,0.28428873763656637,92.54419677171407,0.35811224998884783,91.14799446749655
2,GurobiEdit,SAM_C10Any_1000,8,0.008298474130437829,99.96158278908952,0.26928380817793407,93.0053804765565,0.3482547810360439,91.7473490087598
2,GurobiEdit,SAM_C10Any_1000,9,0.006676909832306709,99.98079139454475,0.26521234024748447,92.6979246733282,0.3222872491749051,92.25449515905947
2,GurobiEdit,SAM_C10Any_1000,10,0.006240877074309471,100.0,0.23219252601094104,94.31206764027671,0.2985387456553111,92.85384970032273
2,GurobiEdit,SAM_C10Any_1000,11,0.009096785731316528,99.90395697272378,0.3077854047444213,92.39046887009992,0.3830540979469136,90.59474412171508
2,GurobiEdit,SAM_C10Any_1000,12,0.006340970189533442,99.98079139454475,0.2955361084123468,92.39046887009992,0.31680090437738123,92.34670355002305
2,GurobiEdit,SAM_C10Any_1000,13,0.006221518898954147,100.0,0.25230019838820505,93.23597232897771,0.306171037974639,92.5311203319502
2,GurobiEdit,SAM_C10Any_1000,14,0.0058592595795649415,99.98079139454475,0.2889154282993394,93.0053804765565,0.3305125657165034,92.02397418165053
2,GurobiEdit,SAM_C10Any_1000,15,0.005230948190416204,100.0,0.2962193605214426,93.0053804765565,0.31980363931206307,92.5311203319502
2,GurobiEdit,SAM_C10Any_1000,16,0.005528654043985519,99.98079139454475,0.30588100306535115,92.6979246733282,0.3546956047216502,91.14799446749655
2,GurobiEdit,SAM_C10Any_1000,17,0.0055169950073664905,100.0,0.2741421353842184,92.85165257494235,0.3257518014417589,92.07007837713232
2,GurobiEdit,SAM_C10Any_1000,18,0.009273484606364388,99.92316557817902,0.2948274050168493,92.46733282090699,0.31597568588687724,92.89995389580452
2,GurobiEdit,SAM_C10Any_1000,19,0.005751249712514777,100.0,0.27267652311341567,93.23597232897771,0.3253230543428437,92.20839096357768
2,GurobiEdit,SAM_C10Any_1000,20,0.00542609115199763,100.0,0.2657920053367611,93.62029208301307,0.32306105815777586,92.80774550484094
2,GurobiEdit,SAM_C10Any_1000,21,0.0054214531198669615,100.0,0.2773704823853876,92.54419677171407,0.3443071219628722,91.97786998616874
2,GurobiEdit,SAM_C10Any_1000,22,0.005588655412179972,100.0,0.2739405772211367,92.85165257494235,0.3481642765938933,92.11618257261411
2,GurobiEdit,SAM_C10Any_1000,23,0.005328154147808309,100.0,0.29484256903864986,92.77478862413528,0.36172804233664024,91.60903642231443
2,GurobiEdit,SAM_C10Any_1000,24,0.004795749468208959,99.98079139454475,0.2768613164879376,93.0053804765565,0.3390807397165514,92.25449515905947
2,GurobiEdit,SAM_C10Any_1000,25,0.0050872860517798485,100.0,0.2806341519134032,92.77478862413528,0.3456947605914375,92.07007837713232
2,GurobiEdit,SAM_C10Any_1000,26,0.005489806356079922,99.98079139454475,0.2918067179923787,92.54419677171407,0.34129625909226236,92.07007837713232
2,GurobiEdit,SAM_C10Any_1000,27,0.005100627795456012,100.0,0.28287728022008013,93.15910837817064,0.3305182185190622,91.79345320424159
2,GurobiEdit,SAM_C10Any_1000,28,0.00532919716338507,100.0,0.28268383158160393,93.08224442736356,0.3277383563484449,91.93176579068695
2,GurobiEdit,SAM_C10Any_1000,29,0.004897435188601994,100.0,0.2919633498474051,92.85165257494235,0.3594625141555783,91.60903642231443
2,GurobiEdit,SAM_C10Any_1000,30,0.004928276536306309,100.0,0.2843053276542514,93.54342813220599,0.32753978802922573,91.97786998616874
2,GurobiEdit,SAM_C10Any_1000,31,0.004761254464910348,100.0,0.31404325490864676,91.77555726364335,0.3606789089763368,91.51682803135085
2,GurobiEdit,SAM_C10Any_1000,32,0.004944020834397182,100.0,0.30968092939745545,92.39046887009992,0.3631439231930377,91.37851544490549
2,GurobiEdit,SAM_C10Any_1000,33,0.005797901045119653,99.98079139454475,0.28638751429149867,93.08224442736356,0.35319607387824564,91.47072383586907
2,GurobiEdit,SAM_C10Any_1000,34,0.004759041002545894,100.0,0.27530964721083,93.23597232897771,0.34671448189687926,91.97786998616874
2,GurobiEdit,SAM_C10Any_1000,35,0.004615983320828641,100.0,0.29405254623827615,92.85165257494235,0.36290051332263146,91.42461964038728
3,GurobiEdit,SAM_C10Any_1000,1,0.010232638484838368,99.98079139454475,0.3220397967510183,92.23674096848578,0.3534439392473743,91.79345320424159
3,GurobiEdit,SAM_C10Any_1000,2,0.009916655292185994,99.98079139454475,0.33583918211553576,91.9292851652575,0.3505639504485001,91.56293222683264
3,GurobiEdit,SAM_C10Any_1000,3,0.00985837644651715,99.96158278908952,0.350575546912282,91.77555726364335,0.3745148613767285,91.37851544490549
3,GurobiEdit,SAM_C10Any_1000,4,0.009134496300784082,99.98079139454475,0.36391704853088647,90.8531898539585,0.36608113165053424,91.05578607653297
3,GurobiEdit,SAM_C10Any_1000,5,0.009581758080770266,99.96158278908952,0.3536602490847153,91.16064565718678,0.39365884597782935,90.77916090364224
3,GurobiEdit,SAM_C10Any_1000,6,0.007523663679103544,99.96158278908952,0.3589703409054204,91.31437355880092,0.382197858929744,90.9174734900876
3,GurobiEdit,SAM_C10Any_1000,7,0.007282916974973368,100.0,0.3292791717309937,92.31360491929286,0.37656584483734085,91.05578607653297
3,GurobiEdit,SAM_C10Any_1000,8,0.007145007809429812,99.98079139454475,0.32268201902817983,91.77555726364335,0.3706863710975361,91.24020285846012
3,GurobiEdit,SAM_C10Any_1000,9,0.006564825577547122,100.0,0.3394709134833754,91.69869331283628,0.3614251525302316,91.42461964038728
3,GurobiEdit,SAM_C10Any_1000,10,0.006292933223917623,100.0,0.347703970652317,91.9292851652575,0.37864308852707534,91.3324112494237
3,GurobiEdit,SAM_C10Any_1000,11,0.0058033374306728685,99.98079139454475,0.3424902563509485,91.77555726364335,0.356571678791853,91.56293222683264
3,GurobiEdit,SAM_C10Any_1000,12,0.0072397504193262635,99.96158278908952,0.3315861347510116,91.85242121445042,0.36516930979413337,91.70124481327801
3,GurobiEdit,SAM_C10Any_1000,13,0.00639768601595167,100.0,0.3085685250256998,92.62106072252114,0.3596502173436078,91.47072383586907
3,GurobiEdit,SAM_C10Any_1000,14,0.0062507918601615664,100.0,0.301104314207206,92.92851652574943,0.3370311583734537,91.97786998616874
3,GurobiEdit,SAM_C10Any_1000,15,0.005807063863698416,100.0,0.30343787392728794,92.92851652574943,0.35321023022870196,91.42461964038728
3,GurobiEdit,SAM_C10Any_1000,16,0.006114369880356626,99.98079139454475,0.3035075334197828,92.31360491929286,0.3457041763665765,91.83955739972338
3,GurobiEdit,SAM_C10Any_1000,17,0.0064811527434782195,99.96158278908952,0.34077103621255517,91.9292851652575,0.36085283805033536,91.37851544490549
3,GurobiEdit,SAM_C10Any_1000,18,0.005710257657237945,99.98079139454475,0.32740099860969457,91.6218293620292,0.35319244166352665,91.7473490087598
3,GurobiEdit,SAM_C10Any_1000,19,0.006218952248215767,99.98079139454475,0.3288124370131696,92.00614911606456,0.35243383710864723,91.83955739972338
3,GurobiEdit,SAM_C10Any_1000,20,0.005529360862111707,99.98079139454475,0.32853636246383605,91.46810146041507,0.3576080033503243,91.3324112494237
3,GurobiEdit,SAM_C10Any_1000,21,0.00578054540327813,100.0,0.3361664292997438,92.08301306687164,0.3610173086517689,91.60903642231443
3,GurobiEdit,SAM_C10Any_1000,22,0.007316558081171035,99.96158278908952,0.34070366462957485,91.69869331283628,0.3620114902119419,91.3324112494237
3,GurobiEdit,SAM_C10Any_1000,23,0.006047982635387888,99.96158278908952,0.33437846716690944,91.69869331283628,0.3528705487305143,91.83955739972338
3,GurobiEdit,SAM_C10Any_1000,24,0.005344026432761157,100.0,0.3211429697861587,91.9292851652575,0.3438582826026193,92.07007837713232
3,GurobiEdit,SAM_C10Any_1000,25,0.004945264150034294,100.0,0.3372131719853125,92.15987701767871,0.3687591969472244,91.14799446749655
3,GurobiEdit,SAM_C10Any_1000,26,0.00576396669943937,99.98079139454475,0.3168977737930717,92.77478862413528,0.3594833428186994,91.47072383586907
3,GurobiEdit,SAM_C10Any_1000,27,0.006557961170950139,99.96158278908952,0.3293703229586772,92.15987701767871,0.3590055348316389,91.51682803135085
3,GurobiEdit,SAM_C10Any_1000,28,0.004887657847821118,100.0,0.31885805501560355,92.39046887009992,0.3501875092730153,91.97786998616874
3,GurobiEdit,SAM_C10Any_1000,29,0.004654699515842724,100.0,0.33187486656256404,92.39046887009992,0.3651421053679432,91.51682803135085
3,GurobiEdit,SAM_C10Any_1000,30,0.0046108740059076095,100.0,0.3129039864004987,92.54419677171407,0.3587699252622586,91.65514061779622
3,GurobiEdit,SAM_C10Any_1000,31,0.005860706841990215,100.0,0.3381435489833218,92.31360491929286,0.3527326299270049,91.65514061779622
3,GurobiEdit,SAM_C10Any_1000,32,0.005091556080794133,100.0,0.36201506495750657,91.6218293620292,0.3630685168389298,91.79345320424159
3,GurobiEdit,SAM_C10Any_1000,33,0.0049749245171498025,100.0,0.3296810932841143,92.08301306687164,0.33759327716489934,91.93176579068695
3,GurobiEdit,SAM_C10Any_1000,34,0.004886476817952206,100.0,0.3431580179384541,91.54496541122214,0.36072094372309205,91.47072383586907
3,GurobiEdit,SAM_C10Any_1000,35,0.0047501778155793805,100.0,0.33349621305091853,92.15987701767871,0.34368668249286555,91.88566159520516
3,GurobiEdit,SAM_C10Any_1000,36,0.0047599063983381346,100.0,0.3421906204657954,91.77555726364335,0.3414038396571407,92.1622867680959
3,GurobiEdit,SAM_C10Any_1000,37,0.005143056880037066,100.0,0.3540475995700053,91.69869331283628,0.357773201800316,91.56293222683264
3,GurobiEdit,SAM_C10Any_1000,38,0.0062360902533986455,99.98079139454475,0.3218365313455199,92.23674096848578,0.34427836783652815,91.88566159520516
3,GurobiEdit,SAM_C10Any_1000,39,0.005019057882046956,100.0,0.3181120133418289,92.46733282090699,0.3468612461402813,91.7473490087598
